card_id,rt
108793,60
108902,30
108918,74
108971,61
109031,59
109060,43
130260,75
130261,72
130262,59
130263,55
130264,74
130265,65
130266,80
130267,80
130268,67
130269,66
130270,46
130271,47
130272,53
130273,81
130274,71
130275,62
130276,67
130277,69
130278,55
130279,56
130280,77
130281,80
130282,64
130283,55
130284,75
130285,59
130286,68
130287,63
130288,80
130289,50
130290,57
130291,67
130292,69
130293,69
130294,73
130295,82
130296,55
130297,74
130298,71
130299,59
130300,86
130301,38
130302,59
130303,27
130304,65
130305,69
130306,60
130307,57
130309,65
130310,83
130311,69
130312,72
130313,64
130314,57
130315,50
130316,57
130317,68
130318,66
130319,32
130320,56
130321,67
130322,70
130323,66
130324,60
130325,55
130326,67
130327,61
130328,80
130329,62
130330,63
130331,72
130332,55
130333,70
130334,58
130335,75
130336,69
130337,69
130338,67
130339,46
130340,66
130341,66
130342,63
130343,70
130344,55
130345,75
130346,72
130347,64
130348,63
130349,67
130350,72
130351,67
130352,14
130353,52
130354,52
130355,84
130356,67
130357,37
130358,51
130359,68
130360,62
130361,60
130362,75
130363,66
130364,86
130365,46
130366,55
130367,69
130368,52
130369,64
130370,71
130371,72
130372,51
130373,67
130374,75
130375,60
130376,66
130377,57
130378,55
130379,66
130380,60
130381,61
130382,57
130383,72
130384,79
130385,87
130386,69
130387,66
130388,67
130389,63
130390,74
130391,66
130392,62
130393,61
130394,63
130395,75
130396,33
130397,56
130398,59
130399,46
130400,39
130401,62
130402,59
130403,60
130404,64
130405,68
130406,66
130407,58
130408,61
130409,67
130410,62
130411,57
130412,61
130413,85
130414,19
130415,61
130416,64
130417,64
130418,68
130419,81
130420,57
130421,46
130422,59
130423,63
130424,71
130425,75
130426,73
130427,65
130428,39
130429,70
130430,65
130431,40
130432,59
130433,61
130434,38
130435,57
130436,32
130437,63
130438,51
130439,75
130440,59
130441,67
130442,74
130443,47
130444,58
130445,53
130446,48
130447,65
130448,60
130449,72
130450,59
130451,31
130452,68
130453,24
130454,67
130455,36
130456,37
130457,34
130458,57
130459,51
130460,37
130461,46
130462,59
130463,67
130464,66
130465,64
130466,69
130467,38
130468,62
130469,45
130470,51
130471,58
130472,48
130473,61
130474,92
130475,72
130476,51
130477,66
130478,71
130479,69
130480,59
130481,81
130482,68
130483,28
130484,31
130485,53
130486,78
130487,68
130488,77
130489,85
130490,86
130491,75
130492,71
130493,62
130494,68
130495,65
130496,71
130497,75
130498,68
130499,32
130500,28
130501,44
130502,68
130503,67
130504,57
130505,54
130506,68
130507,61
130508,63
130509,59
130510,30
130511,75
130512,66
130513,75
130514,66
130515,66
130516,45
130517,30
130518,65
130520,83
130521,62
130522,66
130523,74
130524,90
130525,60
130526,46
130527,78
130528,35
130529,66
130530,78
130531,50
130532,63
130533,65
130534,68
130535,58
130536,55
130537,76
130538,71
130539,81
130540,75
130541,62
130542,58
130543,75
130544,67
130545,76
130546,70
130547,65
130548,45
130549,56
130550,48
130551,61
130552,52
130553,67
130554,16
130555,57
130556,76
130557,63
130558,67
130559,60
130560,45
130561,60
130562,19
130563,63
130564,56
130565,64
130566,62
130567,60
130568,58
130569,54
130570,29
130571,71
130572,73
130573,75
130574,66
130575,67
130576,63
130577,72
130578,32
130579,70
130580,73
130581,80
130582,48
130583,60
130584,69
130585,66
130586,48
130589,61
130590,71
130591,75
130592,70
130593,50
130594,77
130595,33
130596,65
130598,77
130599,54
130600,68
130601,60
130602,61
130603,69
130604,64
130605,46
130606,65
130607,58
130608,69
130610,72
130611,60
130612,65
130613,80
130614,69
130615,58
130616,64
130617,61
130618,70
130619,56
130620,47
130621,57
130622,48
130623,69
130624,70
130625,33
130626,66
130627,67
130628,63
130629,65
130630,30
130631,39
130632,37
130633,61
130634,55
130635,50
130636,66
130637,50
130638,66
130639,38
130640,53
130641,75
130642,49
130643,66
130644,72
130645,75
130646,40
130647,41
130648,66
130649,60
130650,52
130651,41
130652,65
130653,60
130654,52
130655,61
130656,56
130657,50
130658,37
130659,57
130660,53
130661,47
130662,48
130663,49
130664,59
130665,30
130666,17
130667,55
130668,62
130669,59
130670,55
130671,60
130672,55
130673,50
130674,29
130675,49
130676,47
130677,57
130678,47
130679,55
130680,59
130681,23
130682,67
130683,34
130684,51
130685,87
130686,75
130687,80
130688,31
130689,39
130690,55
130691,70
130692,82
130693,63
130694,75
130695,null
130696,48
130697,82
130698,76
130699,82
130700,null
130701,63
130702,67
130703,77
130704,75
130705,65
130706,76
130707,59
130708,65
130709,64
130710,55
130711,null
130712,62
130713,null
130714,65
130715,65
130716,null
130717,76
130718,60
130719,65
130720,81
130721,79
130722,51
130723,77
130724,73
130725,53
130726,72
130727,null
130728,95
130729,80
130730,90
130731,65
130732,54
130733,79
130734,62
130735,null
130736,75
130737,null
130738,57
130739,69
130740,35
130741,62
130742,57
130743,61
130744,84
130745,57
130746,74
130747,60
130748,null
130749,82
130750,61
130751,48
130752,34
130753,61
130754,85
130755,67
130756,null
130757,null
130758,48
130759,68
130760,70
130761,83
130762,61
130763,null
130764,73
130765,null
130766,null
130767,null
130768,56
130769,76
130770,70
130771,77
130772,null
130773,73
130774,70
130775,54
130776,60
130777,61
130778,55
130779,null
130780,89
130781,69
130782,null
130783,null
130784,null
130785,66
130786,52
130787,null
130788,68
130789,69
130790,65
130791,64
130792,null
130793,66
130794,37
130795,null
130796,76
130797,75
130798,55
130799,null
130800,82
130801,73
130802,63
130803,67
130804,35
130805,null
130806,55
130807,70
130808,75
130809,80
130810,67
130811,72
130812,88
130813,64
130814,80
130815,71
130816,66
130817,64
130818,64
130819,70
130820,71
130821,61
130822,66
130823,72
130824,46
130825,67
130826,51
130827,62
130828,55
130829,53
130830,43
130831,63
130832,61
130833,null
130834,69
130835,44
130836,null
130837,83
130838,64
130839,65
130840,30
130841,69
130842,49
130843,80
130844,null
130845,null
130846,null
130847,null
130848,64
130849,67
130850,null
130851,76
130852,null
130853,60
130854,75
130855,90
130856,64
130857,null
130858,null
130859,49
130860,52
130861,null
130862,68
130863,56
130864,null
130865,80
130866,57
130867,85
130868,null
130869,88
130870,59
130871,84
130872,null
130873,73
130874,65
130875,79
130876,null
130877,58
130878,null
130879,48
130880,63
130881,67
130882,64
130883,65
130884,61
130885,74
130886,61
130887,69
130888,42
130889,69
130890,63
130891,77
130892,84
130893,55
130894,58
130895,69
130896,59
130897,null
130898,64
130899,58
130900,null
130901,null
130902,49
130903,null
130904,67
130905,null
130906,null
130907,57
130908,null
130909,null
130910,62
130911,null
130912,55
130913,68
130914,88
130915,null
130916,63
130917,71
130918,47
130919,null
130920,81
130921,80
130922,54
130923,48
130924,58
130925,35
130926,67
130927,66
130928,65
130929,65
130930,60
130931,76
130932,null
130933,76
130934,62
130935,51
130936,61
130937,70
130938,47
130939,80
130940,68
130941,67
130942,null
130943,64
130944,62
130945,null
130946,29
130947,80
130948,47
130949,88
130950,null
130951,65
130952,null
130953,null
130954,64
130955,null
130956,39
130957,70
130958,78
130959,68
130960,59
130961,66
130962,null
130963,49
130964,53
130965,72
130966,72
130967,86
130968,27
130969,52
130970,null
130971,null
130972,44
130973,61
130974,63
130975,56
130976,41
130977,63
130978,61
130979,null
130980,68
130981,61
130982,null
130983,44
130984,85
130985,39
130986,null
130987,null
130988,48
130989,57
130990,56
130991,18
130992,44
130993,53
130994,31
130995,62
130996,53
130997,60
130998,55
130999,41
131000,null
131001,25
131002,58
131003,64
131004,63
131005,40
131006,29
131007,39
131008,66
131009,52
131010,65
131011,57
131012,null
131013,59
131014,59
131015,null
131016,null
131017,39
131018,null
131019,null
131020,64
131021,50
131022,45
131023,51
131024,59
131025,57
131026,60
131027,62
131028,null
131029,null
131030,61
131031,65
131032,66
131033,47
131034,71
131035,39
131036,59
131037,59
131038,30
131039,60
131040,47
131041,55
131042,54
131043,39
131044,56
131045,39
131046,69
131047,37
131048,65
131049,54
131050,63
131051,64
131052,78
131053,53
131054,57
131055,49
131056,46
131057,61
131058,85
131059,null
131060,62
131061,63
131062,82
131063,69
131064,29
131065,55
131066,38
131067,77
131068,59
131069,74
131070,66
131071,37
131072,70
131073,82
131074,49
131075,null
131076,48
131077,34
131078,56
131079,null
131080,null
131081,null
131082,69
131083,56
131084,58
131085,null
131086,65
131087,55
131088,null
131089,68
131090,47
131091,null
131092,56
131093,null
131094,null
131095,31
131096,61
131097,56
131098,42
131099,85
131100,59
131101,63
131102,41
131103,53
131104,78
131105,69
131106,67
131107,21
131108,68
131109,63
131110,86
131111,73
131112,75
131113,85
131114,76
131115,47
131116,60
131117,67
131118,83
131119,64
131120,null
131121,63
131122,70
131123,64
131124,51
131125,55
131126,66
131127,86
131128,null
131129,88
131130,57
131131,82
131132,74
131133,59
131134,64
131135,72
131136,67
131137,65
131138,null
131139,61
131140,90
131141,61
131142,88
131143,69
131144,73
131145,74
131146,72
131147,null
131148,71
131149,79
131150,63
131151,52
131152,68
131153,61
131154,82
131155,79
131156,80
131157,77
131158,55
131159,58
131160,87
131161,67
131162,54
131163,68
131164,53
131165,56
131166,65
131167,null
131168,54
131169,69
131170,null
131171,57
131172,66
131173,null
131174,45
131175,67
131176,74
131177,null
131178,55
131179,70
131180,73
131181,56
131182,87
131183,90
131184,83
131185,91
131186,73
131187,63
131188,63
131189,null
131190,49
131191,56
131192,null
131193,63
131194,14
131195,49
131196,67
131197,null
131198,null
131199,63
131200,null
131201,64
131202,58
131203,59
131204,59
131205,56
131206,87
131207,69
131208,71
131209,66
131210,69
131211,49
131212,72
131213,75
131214,51
131215,69
131216,68
131217,57
131218,70
131219,62
131220,91
131221,85
131222,56
131223,59
131224,67
131225,null
131226,67
131227,66
131228,null
131229,66
131230,69
131231,66
131232,60
131233,46
131234,65
131235,80
131236,70
131237,84
131238,null
131239,40
131240,55
131241,null
131242,55
131243,35
131244,81
131245,66
131246,38
131247,63
131248,65
131249,65
131250,75
131251,60
131252,46
131253,70
131254,null
131255,83
131256,69
131257,null
131258,67
131259,66
131260,72
131261,null
131262,80
131263,41
131264,68
131265,null
131266,86
131267,58
131268,56
131269,null
131270,68
131271,57
131272,63
131273,59
131274,69
131275,66
131276,null
131277,58
131278,60
131279,44
131280,69
131281,63
131282,null
131283,64
131284,73
131285,86
131286,null
131287,null
131288,77
131289,67
131290,64
131291,62
131292,70
131293,null
131294,56
131295,75
131296,91
131297,null
131298,62
131299,66
131300,47
131301,63
131302,65
131303,71
131304,63
131305,59
131306,48
131307,72
131308,60
131309,65
131310,73
131311,60
131312,null
131313,45
131314,61
131315,57
131316,69
131317,52
131318,66
131319,58
131320,null
131321,64
131322,54
131323,null
131324,50
131325,53
131326,null
131327,58
131328,null
131329,61
131330,69
131331,78
131332,67
131333,83
131334,67
131335,53
131336,60
131337,null
131338,68
131339,85
131340,53
131341,68
131342,65
131343,75
131344,64
131345,73
131346,null
131347,70
131348,42
131349,61
131350,70
131351,60
131352,21
131353,63
131354,56
131355,41
131356,79
131357,null
131358,81
131359,73
131360,34
131361,null
131362,null
131363,87
131364,54
131365,81
131366,63
131367,null
131368,70
131369,27
131370,33
131371,62
131372,49
131373,null
131374,69
131375,45
131376,57
131377,56
131378,57
131379,49
131380,30
131381,53
131382,60
131383,29
131384,57
131385,66
131386,83
131387,48
131388,66
131389,67
131390,null
131391,55
131392,63
131393,60
131394,null
131395,null
131396,57
131397,59
131398,43
131399,67
131400,19
131401,59
131402,76
131403,null
131404,67
131405,64
131406,null
131407,47
131408,57
131409,56
131410,50
131411,60
131412,49
131413,75
131414,59
131415,74
131416,69
131417,39
131418,38
131419,37
131420,60
131421,74
131422,null
131423,52
131424,69
131425,53
131426,71
131427,61
131428,53
131429,29
131430,28
131431,63
131432,62
131433,29
131434,74
131435,53
131436,60
131437,44
131438,55
131439,68
131440,65
131441,60
131442,61
131443,67
131444,78
131445,79
131446,62
131447,51
131448,64
131449,55
131450,65
131451,58
131452,60
131453,null
131454,85
131455,56
131456,54
131457,74
131458,69
131459,61
131460,null
131461,84
131462,52
131463,78
131464,null
131465,70
131466,66
131467,63
131468,null
131469,56
131470,57
131471,63
131472,62
131473,57
131474,56
131475,89
131476,54
131477,78
131478,53
131479,64
131480,84
131481,61
131482,60
131483,25
131484,null
131485,30
131486,57
131487,null
131488,55
131489,76
131490,79
131491,29
131492,78
131493,62
131494,69
131495,77
131496,75
131497,67
131498,57
131499,54
131500,null
131501,71
131502,null
131503,68
131504,null
131505,null
131506,null
131507,71
131508,58
131509,null
131510,67
131511,51
131512,null
131513,42
131514,null
131515,null
131516,49
131517,56
131518,null
131519,63
131520,59
131521,56
131522,64
131523,40
131524,74
131525,70
131526,61
131527,75
131528,83
131529,72
131530,61
131531,66
131532,62
131533,88
131534,53
131535,59
131536,29
131537,51
131538,75
131539,66
131540,73
131541,66
131542,60
131543,83
131544,62
131545,67
131546,88
131547,62
131548,72
131549,79
131550,53
131551,87
131552,33
131553,50
131554,65
131555,91
131556,58
131557,74
131558,47
131559,74
131560,85
131561,60
131562,72
131563,55
131564,61
131565,72
131566,62
131567,69
131568,null
131569,66
131570,56
131571,70
131572,62
131573,68
131574,66
131575,68
131576,64
131577,75
131578,62
131579,24
131580,62
131581,71
131582,null
131583,84
131584,73
131585,95
131586,54
131587,65
131588,63
131589,57
131590,59
131591,62
131592,null
131593,null
131594,null
131595,56
131596,60
131597,55
131598,52
131599,57
131600,67
131601,60
131602,58
131603,61
131604,39
131605,68
131606,null
131607,72
131608,52
131609,54
131610,29
131611,61
131612,46
131613,55
131614,82
131615,24
131616,63
131617,75
131618,60
131619,67
131620,63
131621,58
131622,50
131623,72
131624,75
131625,64
131626,58
131627,68
131628,71
131629,73
131630,73
131631,65
131632,64
131633,39
131634,80
131635,69
131636,null
131637,61
131638,null
131639,null
131640,62
131641,75
131642,83
131643,67
131644,69
131645,71
131646,65
131647,72
131648,82
131649,null
131650,64
131651,63
131652,80
131653,null
131654,74
131655,61
131656,33
131657,60
131658,62
131659,58
131660,67
131661,66
131662,59
131663,61
131664,79
131665,59
131666,67
131667,null
131668,null
131669,67
131670,76
131671,71
131672,73
131673,61
131674,75
131675,null
131676,58
131677,53
131678,66
131679,62
131680,60
131681,64
131682,69
131683,57
131684,86
131685,66
131686,57
131687,59
131688,68
131689,28
131690,43
131691,42
131692,57
131693,48
131694,44
131695,74
131696,57
131697,55
131698,70
131699,57
131700,75
131701,54
131702,69
131703,54
131704,53
131705,28
131706,53
131707,57
131708,60
131709,67
131710,67
131711,60
131712,null
131713,77
131714,29
131715,45
131716,49
131717,60
131718,30
131719,22
131720,57
131721,34
131722,75
131723,76
131724,27
131725,59
131726,79
131727,35
131728,53
131729,55
131730,61
131731,71
131732,75
131733,67
131734,80
131735,88
131736,33
131737,61
131738,65
131739,null
131740,71
131741,65
131742,62
131743,59
131744,32
131745,null
131746,60
131747,null
131748,61
131749,56
131750,50
131751,57
131752,60
131753,null
131754,48
131755,56
131756,31
131757,51
131758,null
131759,63
131760,68
131761,57
131762,67
131763,33
131764,56
131765,62
131766,57
131767,65
131768,60
131769,70
131770,59
131771,48
131772,52
131773,78
131774,61
131775,null
131776,67
131777,62
131778,14
131779,60
131780,67
131781,51
131782,66
131783,60
131784,71
131785,56
131786,58
131787,58
131788,58
131789,56
131790,55
131791,35
131792,61
131793,48
131794,39
131795,67
131796,75
131797,59
131798,43
131799,56
131800,51
131801,66
131802,64
131803,65
131804,62
131805,68
131806,52
131807,46
131808,58
131809,69
131810,64
131811,63
131812,67
131813,50
131814,71
131815,69
131816,36
131817,60
131818,55
131819,61
131820,81
131821,56
131822,48
131823,47
131824,44
131825,59
131826,72
131827,63
131828,54
131829,50
131830,55
131831,66
131832,76
131833,57
131834,63
131835,56
131836,67
131837,57
131838,52
131839,67
131840,58
131841,55
131842,76
131843,65
131844,null
131845,64
131846,null
131847,87
131848,37
131849,67
131850,59
131851,63
131852,70
131853,63
131854,60
131855,63
131856,63
131857,80
131858,65
131859,75
131860,30
131861,65
131862,69
131863,60
131864,44
131865,92
131866,54
131867,68
131868,64
131869,80
131870,30
131871,87
131872,61
131873,61
131874,59
131875,null
131876,83
131877,81
131878,80
131879,55
131880,25
131881,59
131882,66
131883,81
131884,null
131885,28
131886,68
131887,88
131888,45
131889,87
131890,62
131891,65
131892,57
131893,69
131894,44
131895,74
131896,65
131897,52
131898,30
131899,64
131900,44
131901,58
131902,62
131903,65
131904,46
131905,58
131906,33
131907,62
131908,67
131909,68
131910,68
131911,30
131912,67
131913,56
131914,63
131915,53
131916,69
131917,59
131918,72
131919,47
131920,56
131921,65
131922,null
131923,null
131924,null
131925,77
131926,66
131927,null
131928,null
131929,61
131930,null
131931,null
131932,50
131933,68
131934,34
131935,null
131936,33
131937,null
131938,66
131939,null
131940,null
131941,70
131942,56
131943,48
131944,59
131945,null
131946,63
131947,67
131948,66
131949,83
131950,73
131951,30
131952,85
131953,69
131954,25
131955,53
131956,69
131957,46
131958,69
131959,71
131960,65
131961,74
131962,76
131963,62
131964,75
131965,59
131966,83
131967,66
131968,47
131969,92
131970,49
131971,65
131972,66
131973,68
131974,87
131975,25
131976,64
131977,42
131978,78
131979,70
131980,79
131981,71
131982,54
131983,78
131984,80
131985,71
131986,71
131987,78
131988,63
131989,56
131990,33
131991,67
131992,60
131993,70
131994,61
131995,37
131996,66
131997,75
131998,56
131999,69
132000,54
132001,46
132002,75
132003,85
132004,67
132005,56
132006,68
132007,70
132008,58
132009,55
132010,61
132011,64
132012,70
132013,64
132014,35
132015,55
132016,46
132017,61
132018,61
132019,57
132020,83
132021,64
132022,65
132023,65
132024,59
132025,75
132026,65
132027,61
132028,86
132029,75
132030,65
132031,68
132032,60
132033,69
132034,43
132035,66
132036,62
132037,82
132038,58
132039,54
132040,46
132041,65
132042,64
132043,75
132044,67
132045,61
132046,39
132047,54
132048,58
132049,47
132050,79
132051,25
132052,60
132053,67
132054,60
132055,75
132056,55
132057,54
132058,67
132059,62
132060,71
132061,75
132062,58
132063,75
132064,64
132065,52
132066,66
132067,31
132068,60
132069,42
132070,41
132071,71
132072,67
132073,65
132074,58
132075,60
132076,64
132077,75
132078,69
132079,65
132080,57
132081,42
132082,40
132083,29
132084,64
132085,71
132086,39
132087,44
132088,56
132089,66
132090,59
132091,56
132092,60
132093,63
132094,21
132095,72
132096,69
132097,75
132098,83
132099,67
132100,75
132101,66
132102,70
132103,32
132104,50
132105,87
132106,58
132107,27
132108,68
132109,53
132110,61
132111,54
132112,57
132113,59
132114,19
132115,60
132116,75
132117,49
132118,66
132119,23
132120,71
132121,60
132122,58
132123,19
132124,71
132125,55
132126,58
132127,61
132128,48
132129,30
132130,68
132131,37
132132,47
132133,53
132134,56
132135,63
132136,69
132137,34
132138,60
132139,67
132140,66
132141,58
132142,65
132143,67
132144,65
132145,51
132146,50
132147,64
132148,62
132149,63
132150,34
132151,67
132152,69
132153,53
132154,37
132155,59
132156,46
132157,51
132158,54
132159,64
132160,50
132161,61
132162,51
132163,25
132164,63
132165,67
132166,63
132167,61
132168,59
132169,56
132170,48
132171,19
132172,59
132173,60
132174,65
132175,41
132176,47
132177,38
132178,48
132179,61
132180,51
132181,24
132182,59
132183,68
132184,58
132185,55
132186,69
132187,60
132188,65
132189,69
132190,64
132191,56
132192,75
132193,64
132194,50
132195,60
132196,61
132197,46
132198,60
132199,62
132200,45
132201,55
132202,70
132203,71
132204,62
132205,63
132206,65
132207,63
132208,61
132209,75
132210,62
132211,63
132212,49
132213,62
132214,65
132215,53
132216,64
132217,85
132218,43
132219,75
132220,55
132221,62
132222,57
132223,86
132224,31
132225,82
132226,66
132227,75
132228,68
132229,62
132230,52
132231,38
132232,61
132233,53
132234,47
132235,66
132236,37
132237,43
132238,61
132239,51
132240,79
132241,60
132242,84
132243,67
132244,63
132245,50
132246,67
132247,69
132248,60
132249,66
132250,58
132251,50
132252,67
132253,59
132254,54
132255,62
132256,69
132257,59
132258,61
132259,57
132260,60
132261,71
132262,60
132263,30
132264,75
132265,88
132266,91
132267,65
132268,66
132269,35
132270,60
132271,69
132272,53
132273,24
132274,46
132275,51
132276,67
132277,16
132278,56
132279,71
132280,85
132281,81
132282,68
132283,51
132284,59
132285,43
132286,75
132287,65
132288,50
132289,81
132290,80
132291,48
132292,66
132293,88
132294,41
132295,63
132296,38
132297,75
132298,57
132299,65
132300,85
132301,71
132302,69
132303,34
132304,61
132305,75
132306,67
132307,46
132308,56
132309,60
132310,51
132311,59
132312,69
132313,69
132314,61
132315,49
132316,74
132317,87
132318,74
132319,60
132320,80
132321,62
132322,65
132323,49
132324,66
132325,61
132326,44
132327,65
132328,62
132329,40
132330,72
132331,57
132332,58
132333,57
132334,42
132335,63
132336,80
132337,null
132338,69
132339,54
132340,null
132341,null
132342,81
132343,71
132344,70
132345,null
132346,64
132347,null
132348,64
132349,57
132350,42
132351,null
132352,49
132353,66
132354,null
132355,67
132356,49
132357,82
132358,58
132359,61
132360,53
132361,43
132362,62
132363,70
132364,51
132365,null
132366,null
132367,46
132368,null
132369,55
132370,null
132371,60
132372,75
132373,73
132374,66
132375,77
132376,60
132377,66
132378,65
132379,37
132380,47
132381,69
132382,66
132383,66
132384,52
132385,50
132386,52
132387,59
132388,49
132389,48
132390,55
132391,89
132392,64
132393,69
132394,69
132395,56
132396,66
132397,37
132398,80
132399,55
132400,65
132401,62
132402,57
132403,64
132404,81
132405,50
132406,68
132407,75
132408,77
132409,57
132410,72
132411,52
132412,62
132413,61
132414,69
132415,69
132416,14
132417,70
132418,60
132419,66
132420,64
132421,71
132422,59
132423,59
132424,86
132425,55
132426,72
132427,90
132428,64
132429,59
132430,80
132431,57
132432,75
132433,70
132434,66
132435,69
132436,25
132437,77
132438,75
132439,31
132440,68
132441,58
132442,62
132443,72
132444,58
132445,72
132446,60
132447,65
132448,72
132449,62
132450,71
132451,62
132452,75
132453,41
132454,69
132455,60
132456,75
132457,47
132458,40
132459,54
132460,61
132461,53
132462,69
132463,78
132464,46
132465,67
132466,70
132467,45
132468,85
132469,39
132470,64
132471,75
132472,60
132473,70
132474,61
132475,63
132476,43
132477,83
132478,33
132479,82
132480,65
132481,65
132482,60
132483,66
132484,61
132485,68
132486,68
132487,75
132488,60
132489,83
132490,58
132491,82
132492,75
132493,59
132494,71
132495,53
132496,49
132497,79
132498,60
132499,78
132500,56
132501,62
132502,75
132503,57
132504,83
132505,64
132506,33
132507,51
132508,39
132509,61
132510,64
132511,75
132512,60
132513,20
132514,64
132515,71
132516,43
132517,68
132518,56
132519,67
132520,56
132521,56
132522,33
132523,49
132524,49
132525,58
132526,63
132527,61
132528,66
132529,63
132530,47
132531,66
132532,60
132533,62
132534,72
132535,65
132536,81
132537,48
132538,61
132539,60
132540,35
132541,58
132542,55
132543,67
132544,59
132545,61
132546,61
132547,31
132548,64
132549,59
132550,52
132551,67
132552,44
132553,68
132554,46
132555,49
132556,30
132557,27
132558,45
132559,57
132560,73
132561,65
132562,66
132563,32
132564,35
132565,32
132566,63
132567,67
132568,59
132569,75
132570,67
132571,46
132572,47
132573,54
132574,68
132575,54
132576,57
132577,49
132578,60
132579,52
132580,46
132581,62
132582,46
132583,69
132584,65
132585,53
132586,64
132587,55
132588,63
132589,34
132590,60
132591,80
132592,55
132593,25
132594,62
132595,59
132596,82
132597,25
132598,40
132599,63
132600,59
132601,64
132602,64
132603,67
132604,58
132605,49
132606,71
132607,82
132608,60
132609,30
132610,40
132611,74
132612,30
132613,52
132614,64
132615,64
132616,75
132617,65
132618,62
132619,42
132620,63
132621,66
132622,63
132623,50
132624,74
132625,59
132626,82
132627,27
132628,72
132629,53
132630,81
132631,29
132632,88
132633,65
132634,65
132635,37
132636,63
132637,44
132638,29
132639,23
132640,74
132641,43
132642,77
132643,70
132644,54
132645,53
132646,57
132647,53
132648,69
132649,64
132650,58
132651,29
132652,61
132653,61
132654,63
132655,77
132656,56
132657,63
132658,86
132659,73
132660,45
132661,66
132662,46
132663,58
132664,68
132665,34
132666,43
132667,40
132668,59
132669,92
132670,40
132671,74
132672,71
132673,62
132674,75
132675,69
132676,66
132677,34
132678,78
132679,65
132680,65
132681,41
132682,37
132683,75
132684,90
132685,80
132686,82
132687,69
132688,52
132689,75
132690,58
132691,62
132692,55
132693,52
132694,85
132695,58
132696,64
132697,83
132698,58
132699,75
132700,55
132701,62
132702,63
132703,56
132704,85
132705,59
132706,33
132707,45
132708,65
132709,87
132710,77
132711,55
132712,52
132713,71
132714,65
132715,76
132716,55
132717,60
132718,53
132719,75
132720,64
132721,58
132722,65
132723,71
132724,43
132725,69
132726,38
132727,39
132728,80
132729,59
132730,59
132731,59
132732,66
132733,29
132734,59
132735,84
132736,62
132737,67
132738,null
132739,79
132740,62
132741,null
132742,85
132743,64
132744,69
132745,null
132746,58
132747,65
132748,63
132749,null
132750,69
132751,57
132752,null
132753,58
132754,78
132755,56
132756,45
132757,44
132758,null
132759,56
132760,64
132761,null
132762,null
132763,57
132764,61
132765,null
132766,52
132767,34
132768,66
132769,64
132770,78
132771,75
132772,54
132773,null
132774,61
132775,69
132776,59
132777,null
132778,30
132779,null
132780,null
132781,68
132782,61
132783,74
132784,64
132785,84
132786,72
132787,90
132788,65
132789,87
132790,34
132791,71
132792,67
132793,75
132794,49
132795,42
132796,61
132797,52
132798,60
132799,56
132800,67
132801,78
132802,39
132803,69
132804,65
132805,84
132806,62
132807,65
132808,70
132809,65
132810,66
132811,63
132812,33
132813,56
132814,48
132815,75
132816,56
132817,63
132818,64
132819,75
132820,72
132821,63
132822,65
132823,72
132824,62
132825,61
132826,77
132827,64
132828,46
132829,62
132830,53
132831,80
132832,69
132833,57
132834,79
132835,59
132836,75
132837,69
132838,67
132839,76
132840,65
132841,75
132842,30
132843,55
132844,56
132845,58
132846,55
132847,75
132848,39
132849,41
132850,61
132851,71
132852,59
132853,71
132854,65
132855,72
132856,32
132857,46
132858,67
132859,64
132860,64
132861,60
132862,44
132863,73
132864,35
132865,60
132866,88
132867,68
132868,71
132869,80
132870,40
132871,81
132872,47
132873,68
132874,67
132875,67
132876,65
132877,56
132878,59
132879,67
132880,52
132881,61
132882,64
132883,65
132884,68
132885,71
132886,69
132887,71
132888,75
132889,64
132890,56
132891,56
132892,63
132893,66
132894,57
132895,53
132896,75
132897,46
132898,57
132899,38
132900,63
132901,56
132902,44
132903,51
132904,51
132905,61
132906,49
132907,82
132908,31
132909,57
132910,55
132911,80
132912,54
132913,69
132914,68
132915,62
132916,47
132917,55
132918,59
132919,30
132920,21
132921,61
132922,88
132923,66
132924,63
132925,48
132926,75
132927,61
132928,59
132929,66
132930,62
132931,53
132932,59
132933,52
132934,75
132935,78
132936,58
132937,53
132938,68
132939,60
132940,58
132941,65
132942,52
132943,65
132944,54
132945,71
132946,50
132947,58
132948,39
132949,61
132950,62
132951,59
132952,62
132953,55
132954,63
132955,73
132956,64
132957,59
132958,60
132959,59
132960,59
132961,33
132962,54
132963,63
132964,72
132965,68
132966,37
132967,56
132968,74
132969,71
132970,42
132971,59
132972,59
132973,66
132974,60
132975,60
132976,89
132977,58
132978,68
132979,49
132980,55
132981,59
132982,64
132983,64
132984,37
132985,60
132986,29
132987,60
132988,86
132989,52
132990,53
132991,60
132992,60
132993,60
132994,63
132995,57
132996,61
132997,55
132998,59
132999,71
133000,59
133001,58
133002,30
133003,62
133004,25
133005,41
133006,51
133007,64
133008,72
133009,68
133010,49
133011,54
133012,75
133013,62
133014,32
133015,56
133016,64
133017,71
133018,68
133019,65
133020,62
133021,56
133022,69
133023,75
133024,64
133025,47
133026,64
133027,62
133028,65
133029,64
133030,88
133031,68
133032,42
133033,64
133034,33
133035,78
133036,65
133037,76
133038,64
133039,60
133040,55
133041,49
133042,60
133043,63
133044,58
133045,41
133046,58
133047,69
133048,47
133049,55
133050,46
133051,63
133052,61
133053,86
133054,58
133055,63
133056,61
133057,88
133058,34
133059,62
133060,74
133061,64
133062,68
133063,46
133064,71
133065,58
133066,78
133067,69
133068,35
133069,70
133070,58
133071,86
133072,58
133073,66
133074,64
133075,63
133076,62
133077,43
133078,71
133079,30
133080,64
133081,64
133082,87
133083,57
133084,80
133085,86
133086,50
133087,80
133088,50
133089,35
133090,53
133091,66
133092,61
133093,80
133094,89
133095,91
133096,59
133097,56
133098,59
133099,62
133100,75
133101,90
133102,63
133103,67
133104,61
133105,64
133106,49
133107,61
133108,62
133109,37
133110,53
133111,56
133112,65
133113,64
133114,63
133115,57
133116,18
133117,59
133118,70
133119,58
133120,57
133121,56
133122,89
133123,51
133124,74
133125,58
133126,72
133127,75
133128,75
133129,68
133130,71
133131,44
133132,66
133133,47
133134,63
133135,57
133136,65
133137,69
133138,68
133139,62
133140,81
133141,60
133142,60
133143,60
133144,27
133145,63
133146,49
133147,61
133148,61
133149,40
133150,64
133151,41
133152,60
133153,59
133154,50
133155,52
133156,41
133157,null
133158,64
133159,null
133160,58
133161,null
133162,null
133163,60
133164,62
133165,59
133166,64
133167,47
133168,39
133169,null
133170,41
133171,66
133172,70
133173,78
133174,null
133175,46
133176,66
133177,66
133178,73
133179,46
133180,68
133181,null
133182,66
133183,68
133184,25
133185,69
133186,59
133187,34
133188,54
133189,62
133190,59
133191,85
133192,63
133193,75
133194,61
133195,79
133196,72
133197,90
133198,67
133199,74
133200,66
133201,75
133202,43
133203,63
133204,69
133205,57
133206,35
133207,78
133208,56
133209,82
133210,63
133211,63
133212,78
133213,67
133214,65
133215,57
133216,66
133217,76
133218,51
133219,26
133220,33
133221,39
133222,68
133223,58
133224,66
133225,65
133226,71
133227,62
133228,75
133229,60
133230,60
133231,62
133232,70
133233,65
133234,63
133235,60
133236,66
133237,52
133238,73
133239,59
133240,42
133241,75
133242,71
133243,77
133244,60
133245,72
133246,42
133247,70
133248,63
133249,61
133250,68
133251,29
133252,61
133253,63
133254,68
133255,57
133256,29
133257,85
133258,75
133259,70
133260,27
133261,37
133262,69
133263,75
133264,34
133265,79
133266,74
133267,51
133268,51
133269,56
133270,66
133271,64
133272,63
133273,61
133274,71
133275,87
133276,75
133277,29
133278,77
133279,72
133280,70
133281,76
133282,69
133283,61
133284,63
133285,75
133286,79
133287,75
133288,77
133289,90
133290,47
133291,68
133292,61
133293,52
133294,64
133295,67
133296,58
133297,59
133298,65
133299,70
133300,60
133301,46
133302,60
133303,55
133304,77
133305,47
133306,46
133307,41
133308,64
133309,75
133310,58
133311,64
133312,61
133313,54
133314,75
133315,58
133316,34
133317,61
133318,70
133319,85
133320,59
133321,58
133322,60
133323,59
133324,59
133325,63
133326,30
133327,74
133328,67
133329,53
133330,66
133331,60
133332,70
133333,59
133334,25
133335,57
133336,36
133337,46
133338,54
133339,68
133340,42
133341,75
133342,27
133343,59
133344,64
133345,53
133346,60
133347,29
133348,42
133349,50
133350,70
133351,24
133352,66
133353,62
133354,58
133355,76
133356,59
133357,64
133358,27
133359,66
133360,69
133361,56
133362,41
133363,78
133364,90
133365,63
133366,59
133367,56
133368,67
133369,67
133370,55
133371,59
133372,67
133373,49
133374,37
133375,30
133376,46
133377,62
133378,64
133379,56
133380,47
133381,59
133382,31
133383,63
133384,62
133385,59
133386,59
133387,29
133388,69
133389,57
133390,61
133391,71
133392,76
133393,64
133394,58
133395,41
133396,61
133397,58
133398,65
133399,33
133400,54
133401,63
133402,52
133403,59
133404,68
133405,45
133406,53
133407,41
133408,63
133409,64
133410,57
133411,18
133412,22
133413,60
133414,67
133415,90
133416,65
133417,61
133418,60
133419,63
133420,51
133421,49
133422,61
133423,65
133424,67
133425,32
133426,78
133427,29
133428,75
133429,68
133430,40
133431,86
133432,68
133433,46
133434,40
133435,24
133436,43
133437,75
133438,69
133439,61
133440,75
133441,67
133442,47
133443,20
133444,60
133445,59
133446,72
133447,67
133448,72
133449,85
133450,66
133451,21
133452,58
133453,63
133454,62
133455,48
133456,66
133457,65
133458,87
133459,82
133460,81
133461,52
133462,67
133463,67
133464,30
133465,82
133466,70
133467,64
133468,56
133469,33
133470,68
133471,75
133472,85
133473,85
133474,76
133475,57
133476,26
133477,60
133478,76
133479,36
133480,69
133481,32
133482,30
133483,62
133484,70
133485,58
133486,41
133487,89
133488,59
133489,52
133490,52
133491,86
133492,73
133493,75
133494,62
133495,42
133496,40
133497,87
133498,67
133499,69
133500,53
133501,53
133502,59
133503,60
133504,47
133505,54
133506,63
133507,73
133508,62
133509,75
133510,78
133511,65
133512,79
133513,51
133514,62
133515,70
133516,90
133517,71
133518,60
133519,73
133520,75
133521,75
133522,37
133523,52
133524,46
133525,80
133526,29
133527,58
133528,39
133529,68
133530,37
133531,29
133532,88
133533,55
133534,73
133535,65
133536,64
133537,63
133538,87
133539,79
133540,67
133541,67
133542,61
133543,78
133544,68
133545,55
133546,50
133547,31
133548,62
133549,62
133550,65
133551,63
133552,null
133553,68
133554,75
133555,86
133556,63
133557,62
133558,64
133559,53
133560,69
133561,61
133562,null
133563,62
133564,40
133565,60
133566,72
133567,58
133568,null
133569,null
133570,69
133571,62
133572,50
133573,52
133574,56
133575,62
133576,66
133577,69
133578,null
133579,70
133580,null
133581,42
133582,null
133583,50
133584,58
133585,74
133586,67
133587,35
133588,77
133589,41
133590,40
133591,65
133592,46
133593,34
133594,26
133595,29
133596,65
133597,51
133598,62
133599,null
133600,68
133601,57
133602,78
133603,64
133604,48
133605,69
133606,47
133607,60
133608,71
133609,34
133610,76
133611,70
133612,71
133613,56
133614,94
133615,60
133616,62
133617,85
133618,69
133619,58
133620,67
133621,57
133622,67
133623,66
133624,66
133625,39
133626,37
133627,70
133628,53
133629,65
133630,22
133631,75
133632,62
133633,62
133634,70
133635,69
133636,64
133637,55
133638,75
133639,67
133640,62
133641,56
133642,60
133643,63
133644,47
133645,62
133646,70
133647,55
133648,40
133649,59
133650,69
133651,75
133652,67
133653,63
133654,51
133655,68
133656,75
133657,56
133658,69
133659,75
133660,63
133661,80
133662,59
133663,69
133664,65
133665,70
133666,51
133667,68
133668,66
133669,71
133670,75
133671,74
133672,60
133673,66
133674,86
133675,88
133676,81
133677,56
133678,60
133679,67
133680,43
133681,52
133682,65
133683,45
133684,28
133685,59
133686,61
133687,51
133688,75
133689,56
133690,64
133691,24
133692,59
133693,35
133694,68
133695,60
133696,58
133697,56
133698,81
133699,71
133700,47
133701,59
133702,67
133703,66
133704,49
133705,26
133706,29
133707,58
133708,46
133709,62
133710,34
133711,57
133712,75
133713,64
133714,70
133715,63
133716,33
133717,57
133718,57
133719,50
133720,61
133721,63
133722,65
133723,56
133724,57
133725,56
133726,54
133727,70
133728,60
133729,64
133730,29
133731,65
133732,41
133733,61
133734,53
133735,49
133736,75
133737,49
133738,65
133739,60
133740,14
133741,27
133742,21
133743,61
133744,63
133745,67
133746,62
133747,44
133748,75
133749,54
133750,54
133751,66
133752,90
133753,77
133754,59
133755,64
133756,70
133757,62
133758,64
133759,39
133760,59
133761,61
133762,49
133763,59
133764,48
133765,65
133766,75
133767,64
133768,60
133769,69
133770,68
133771,40
133772,68
133773,56
133774,61
133775,45
133776,49
133777,55
133778,46
133779,60
133780,55
133781,67
133782,50
133783,55
133784,66
133785,58
133786,61
133787,60
133788,53
133789,63
133790,34
133791,52
133792,67
133793,65
133794,58
133795,75
133796,66
133797,65
133798,60
133799,63
133800,66
133801,58
133802,44
133803,49
133804,39
133805,65
133806,64
133807,61
133808,57
133809,64
133810,70
133811,54
133812,66
133813,70
133814,59
133815,58
133816,69
133817,64
133818,61
133819,58
133820,62
133821,47
133822,64
133823,66
133824,71
133825,71
133826,55
133827,90
133828,66
133829,65
133830,56
133831,72
133832,66
133833,57
133834,50
133835,27
133836,67
133837,68
133838,26
133839,54
133840,53
133841,60
133842,48
133843,67
133844,65
133845,67
133846,39
133847,75
133848,44
133849,47
133850,58
133851,49
133852,65
133853,33
133854,66
133855,64
133856,49
133857,54
133858,77
133859,62
133860,75
133861,61
133862,67
133863,61
133864,62
133865,64
133866,75
133867,64
133868,64
133869,69
133870,92
133871,61
133872,75
133873,63
133874,35
133875,60
133876,67
133877,48
133878,80
133879,67
133880,64
133881,61
133882,75
133883,85
133884,66
133885,62
133886,87
133887,87
133888,65
133889,48
133890,59
133891,56
133892,64
133893,31
133894,85
133895,25
133896,85
133897,62
133898,75
133899,75
133900,58
133901,62
133902,88
133903,46
133904,61
133905,62
133906,51
133907,58
133908,62
133909,40
133910,56
133911,57
133912,86
133913,54
133914,63
133915,30
133916,71
133917,62
133918,59
133919,29
133920,83
133921,40
133922,63
133923,62
133924,53
133925,56
133926,56
133927,56
133928,86
133929,62
133930,53
133931,80
133932,47
133933,67
133934,69
133935,84
133936,81
133937,79
133938,51
133939,80
133940,61
133941,48
133942,75
133943,62
133944,61
133945,65
133946,79
133947,28
133948,70
133949,70
133950,75
133951,52
133952,62
133953,65
133954,74
133955,62
133956,58
133957,43
133958,null
133959,68
133960,null
133961,63
133962,88
133963,65
133964,65
133965,58
133966,null
133967,61
133968,null
133969,70
133970,41
133971,null
133972,85
133973,54
133974,48
133975,null
133976,70
133977,null
133978,34
133979,50
133980,56
133981,62
133982,null
133983,59
133984,50
133985,47
133986,59
133987,68
133988,63
133989,70
133990,null
133991,19
133992,73
133993,54
133994,null
133995,75
133996,69
133997,38
133998,54
133999,73
134000,58
134001,62
134002,84
134003,44
134004,68
134005,34
134006,37
134007,null
134008,null
134009,57
134010,42
134011,63
134012,61
134013,68
134014,61
134015,71
134016,69
134017,60
134018,75
134019,64
134020,61
134021,76
134022,62
134023,69
134024,39
134025,58
134026,64
134027,78
134028,52
134029,60
134030,50
134031,76
134032,75
134033,68
134034,62
134035,65
134036,32
134037,53
134038,52
134039,63
134040,67
134041,62
134042,75
134043,71
134044,57
134045,75
134046,29
134047,61
134048,62
134049,52
134050,65
134051,90
134052,75
134053,61
134054,47
134055,91
134056,66
134057,57
134058,67
134059,72
134060,40
134061,77
134062,69
134063,49
134064,55
134065,86
134066,65
134067,71
134068,64
134069,59
134070,87
134071,69
134072,79
134073,75
134074,47
134075,45
134076,64
134077,71
134078,67
134079,58
134080,60
134081,65
134082,75
134083,72
134084,47
134085,66
134086,64
134087,62
134088,61
134089,71
134090,62
134091,52
134092,54
134093,87
134094,54
134095,64
134096,60
134097,52
134098,67
134099,28
134100,58
134101,57
134102,66
134103,60
134104,79
134105,47
134106,77
134107,56
134108,56
134109,16
134110,59
134111,49
134112,57
134113,53
134114,53
134115,52
134116,35
134117,67
134118,63
134119,70
134120,75
134121,65
134122,53
134123,61
134124,65
134125,49
134126,45
134127,63
134128,59
134129,61
134130,51
134131,33
134132,66
134133,56
134134,48
134135,56
134136,57
134137,28
134138,29
134139,54
134140,70
134141,76
134142,54
134143,63
134144,65
134145,66
134146,72
134147,58
134148,52
134149,37
134150,33
134151,38
134152,63
134153,88
134154,67
134155,71
134156,67
134157,52
134158,60
134159,65
134160,30
134161,70
134162,63
134163,54
134164,62
134165,60
134166,31
134167,63
134168,75
134169,59
134170,75
134171,59
134172,53
134173,59
134174,62
134175,60
134176,58
134177,56
134178,59
134179,34
134180,73
134181,68
134182,81
134183,66
134184,73
134185,67
134186,69
134187,50
134188,64
134189,48
134190,73
134191,31
134192,64
134193,56
134194,37
134195,69
134196,35
134197,68
134198,54
134199,64
134200,60
134201,63
134202,61
134203,29
134204,35
134205,66
134206,60
134207,39
134208,66
134209,63
134210,66
134211,28
134212,63
134213,71
134214,75
134215,41
134216,25
134217,61
134218,62
134219,70
134220,63
134221,60
134222,69
134223,84
134224,60
134225,66
134226,63
134227,47
134228,68
134229,39
134230,69
134231,60
134232,39
134233,63
134234,65
134235,63
134236,75
134237,63
134238,59
134239,75
134240,65
134241,38
134242,61
134243,78
134244,44
134245,54
134246,77
134247,49
134248,63
134249,46
134250,33
134251,64
134252,68
134253,66
134254,47
134255,86
134256,22
134257,46
134258,31
134259,70
134260,47
134261,71
134262,52
134263,31
134264,55
134265,62
134266,64
134267,56
134268,67
134269,67
134270,51
134271,63
134272,44
134273,61
134274,75
134275,63
134276,63
134277,66
134278,60
134279,67
134280,31
134281,58
134282,65
134283,62
134284,63
134285,49
134286,26
134287,75
134288,92
134289,87
134290,53
134291,52
134292,83
134293,55
134294,44
134295,49
134296,43
134297,47
134298,73
134299,83
134300,86
134301,66
134302,63
134303,63
134304,34
134305,75
134306,31
134307,55
134308,53
134309,84
134310,87
134311,66
134312,66
134313,92
134314,54
134315,85
134316,85
134317,66
134318,60
134319,75
134320,46
134321,59
134322,21
134323,63
134324,63
134325,54
134326,43
134327,37
134328,71
134329,66
134330,19
134331,73
134332,67
134333,61
134334,54
134335,57
134336,58
134337,61
134338,87
134339,53
134340,82
134341,67
134342,64
134343,54
134344,73
134345,60
134346,69
134347,82
134348,56
134349,41
134350,62
134351,53
134352,87
134353,71
134354,63
134355,61
134356,58
134357,64
134358,61
134359,65
134360,62
134361,72
134362,54
134363,23
134364,67
134365,30
134366,63
134367,60
134368,68
134369,56
134370,null
134371,54
134372,62
134373,41
134374,44
134375,58
134376,48
134377,73
134378,null
134379,26
134380,null
134381,89
134382,72
134383,51
134384,null
134385,83
134386,null
134387,61
134388,51
134389,66
134390,66
134391,75
134392,67
134393,76
134394,68
134395,50
134396,61
134397,68
134398,85
134399,62
134400,55
134401,48
134402,72
134403,47
134404,36
134405,73
134406,48
134407,56
134408,63
134409,null
134410,60
134411,43
134412,null
134413,null
134414,78
134415,61
134416,57
134417,null
134418,52
134419,56
134420,44
134421,76
134422,55
134423,54
134424,44
134425,63
134426,26
134427,44
134428,68
134429,74
134430,40
134431,72
134432,65
134433,48
134434,48
134435,58
134436,45
134437,41
134438,65
134439,83
134440,65
134441,55
134442,63
134443,81
134444,44
134445,58
134446,85
134447,52
134448,75
134449,17
134450,67
134451,63
134452,75
134453,67
134454,62
134455,75
134456,78
134457,60
134458,58
134459,66
134460,48
134461,48
134462,79
134463,80
134464,88
134465,23
134466,63
134467,73
134468,45
134469,79
134470,63
134471,40
134472,18
134473,20
134474,54
134475,65
134476,82
134477,72
134478,37
134479,25
134480,67
134481,56
134482,67
134483,26
134484,48
134485,76
134486,63
134487,41
134488,63
134489,60
134490,43
134491,20
134492,69
134493,56
134494,64
134495,14
134496,60
134497,70
134498,67
134499,39
134500,41
134501,45
134502,58
134503,14
134504,62
134505,65
134506,45
134507,57
134508,68
134509,15
134510,74
134511,62
134512,52
134513,50
134514,66
134515,49
134516,15
134517,25
134518,56
134519,26
134520,57
134521,52
134522,48
134523,18
134524,26
134525,68
134526,37
134527,66
134528,48
134529,38
134530,64
134531,71
134532,50
134533,53
134534,69
134535,46
134536,70
134537,48
134538,33
134539,60
134540,39
134541,63
134542,90
134543,59
134544,37
134545,48
134546,38
134547,14
134548,45
134549,67
134550,47
134551,46
134552,40
134553,62
134554,50
134555,56
134556,24
134557,41
134558,25
134559,61
134560,63
134561,75
134562,66
134563,33
134564,58
134565,25
134566,22
134567,19
134568,41
134569,70
134570,24
134571,69
134572,21
134573,55
134574,75
134575,44
134576,48
134577,49
134578,46
134579,79
134580,15
134581,25
134582,33
134583,23
134584,48
134585,65
134586,83
134587,20
134588,62
134589,29
134590,48
134591,48
134592,32
134593,18
134594,20
134595,25
134596,60
134597,48
134598,41
134599,52
134600,48
134601,22
134602,61
134603,65
134604,48
134605,13
134606,26
134607,67
134608,79
134609,45
134610,71
134611,48
134612,71
134613,33
134614,71
134615,58
134616,25
134617,47
134618,58
134619,35
134620,48
134621,66
134622,71
134623,25
134624,26
134625,40
134626,84
134627,69
134628,46
134629,22
134630,21
134631,25
134632,45
134633,15
134634,48
134635,77
134636,20
134637,54
134638,18
134639,61
134640,46
134641,48
134642,26
134643,50
134644,55
134645,56
134646,46
134647,62
134648,61
134649,67
134650,56
134651,55
134652,72
134653,22
134654,75
134655,42
134656,69
134657,59
134658,22
134659,56
134660,25
134661,19
134662,69
134663,45
134664,56
134665,80
134666,54
134667,60
134668,77
134669,60
134670,48
134671,51
134672,58
134673,48
134674,20
134675,57
134676,16
134677,78
134678,48
134679,48
134680,45
134681,45
134682,62
134683,25
134684,55
134685,67
134686,68
134687,69
134688,71
134689,54
134690,68
134691,76
134692,75
134693,68
134694,41
134695,46
134696,69
134697,90
134698,27
134699,24
134700,79
134701,59
134702,20
134703,24
134704,73
134705,51
134706,75
134707,60
134708,75
134709,83
134710,85
134711,90
134712,53
134713,62
134714,80
134715,41
134716,75
134717,56
134718,14
134719,67
134720,83
134721,48
134722,85
134723,41
134724,75
134725,90
134726,62
134727,29
134728,72
134729,60
134730,72
134731,84
134732,25
134733,58
134734,75
134735,69
134736,38
134737,48
134738,85
134739,48
134740,71
134741,23
134742,83
134743,55
134744,75
134745,42
134746,61
134747,22
134748,60
134749,50
134750,85
134751,78
134752,85
134753,75
134754,25
134755,41
134756,46
134757,75
134758,16
134759,87
134760,38
134761,48
134762,60
134763,20
134764,79
134765,48
134766,59
134767,42
134768,25
134769,45
134770,66
134771,14
134772,39
134773,86
134774,72
134775,60
134776,51
134777,25
134778,67
134779,52
134780,41
134781,61
134782,86
134783,41
134784,85
134785,50
134786,48
134787,null
134788,72
134789,56
134790,null
134791,41
134792,64
134793,55
134794,45
134795,49
134796,63
134797,17
134798,74
134799,32
134800,87
134801,62
134802,61
134803,61
134804,68
134805,24
134806,39
134807,70
134808,41
134809,71
134810,56
134811,66
134812,79
134813,82
134814,null
134815,57
134816,46
134817,74
134818,69
134819,77
134820,48
134821,64
134822,63
134823,null
134824,51
134825,48
134826,67
134827,64
134828,null
134829,48
134830,47
134831,15
134832,64
134833,51
134834,21
134835,27
134836,24
134837,68
134838,48
134839,22
134840,64
134841,26
134842,75
134843,24
134844,63
134845,57
134846,16
134847,20
134848,69
134849,23
134850,26
134851,25
134852,54
134853,48
134854,50
134855,41
134856,75
134857,55
134858,50
134859,75
134860,57
134861,61
134862,16
134863,22
134864,88
134865,75
134866,74
134867,57
134868,48
134869,25
134870,20
134871,59
134872,14
134873,70
134874,26
134875,21
134876,27
134877,14
134878,56
134879,80
134880,83
134881,67
134882,60
134883,73
134884,57
134885,25
134886,57
134887,48
134888,58
134889,25
134890,25
134891,14
134892,67
134893,23
134894,61
134895,57
134896,57
134897,42
134898,58
134899,19
134900,48
134901,33
134902,48
134903,16
134904,18
134905,41
134906,33
134907,58
134908,26
134909,49
134910,57
134911,76
134912,48
134913,75
134914,20
134915,58
134916,57
134917,56
134918,25
134919,23
134920,41
134921,41
134922,25
134923,16
134924,18
134925,50
134926,41
134927,14
134928,27
134929,57
134930,25
134931,51
134932,21
134933,21
134934,24
134935,14
134936,20
134937,46
134938,25
134939,48
134940,41
134941,48
134942,19
134943,49
134944,16
134945,48
134946,25
134947,41
134948,24
134949,24
134950,69
134951,20
134952,48
134953,18
134954,16
134955,67
134956,26
134957,56
134958,57
134959,48
134960,50
134961,48
134962,27
134963,66
134964,27
134965,48
134966,25
134967,78
134968,62
134969,50
134970,27
134971,90
134972,23
134973,41
134974,41
134975,48
134976,63
134977,48
134978,24
134979,74
134980,41
134981,26
134982,75
134983,35
134984,25
134985,38
134986,71
134987,26
134988,18
134989,17
134990,26
134991,21
134992,20
134993,52
134994,52
134995,22
134996,26
134997,24
134998,57
134999,59
135000,56
135001,57
135002,61
135003,23
135004,48
135005,41
135006,63
135007,51
135008,42
135009,48
135010,64
135011,54
135012,75
135013,48
135014,57
135015,71
135016,26
135017,69
135018,48
135019,16
135020,42
135021,25
135022,48
135023,41
135024,48
135025,41
135026,15
135027,22
135028,15
135029,48
135030,71
135031,59
135032,22
135033,42
135034,80
135035,22
135036,24
135037,62
135038,25
135039,63
135040,34
135041,52
135042,26
135043,48
135044,41
135045,49
135046,51
135047,64
135048,19
135049,21
135050,17
135051,26
135052,23
135053,21
135054,56
135055,58
135056,25
135057,26
135058,27
135059,41
135060,21
135061,57
135062,68
135063,64
135064,41
135065,23
135066,21
135067,26
135068,22
135069,48
135070,20
135071,75
135072,57
135073,22
135074,41
135075,26
135076,41
135077,48
135078,21
135079,52
135080,18
135081,75
135082,58
135083,23
135084,48
135085,26
135086,58
135087,48
135088,64
135089,21
135090,19
135091,83
135092,50
135093,22
135094,19
135095,61
135096,25
135097,41
135098,25
135099,24
135100,18
135101,73
135102,88
135103,14
135104,14
135105,58
135106,89
135107,25
135108,26
135109,58
135110,44
135111,75
135112,58
135113,76
135114,26
135115,75
135116,62
135117,24
135118,65
135119,47
135120,75
135121,75
135122,76
135123,53
135124,37
135125,27
135126,79
135127,76
135128,25
135129,22
135130,75
135131,15
135132,58
135133,14
135134,41
135135,85
135136,69
135137,57
135138,21
135139,25
135140,58
135141,78
135142,75
135143,55
135144,33
135145,13
135146,17
135147,41
135148,20
135149,19
135150,65
135151,80
135152,50
135153,20
135154,59
135155,41
135156,83
135157,41
135158,35
135159,26
135160,41
135161,21
135162,66
135163,61
135164,57
135165,55
135166,68
135167,71
135168,23
135169,42
135170,71
135171,17
135172,52
135173,48
135174,21
135175,25
135176,71
135177,14
135178,49
135179,63
135180,19
135181,41
135182,61
135183,33
135184,71
135185,24
135186,57
135187,68
135188,74
135189,48
135190,42
135191,79
135192,33
135193,50
135194,77
135195,13
135196,58
135197,67
135198,41
135199,51
135200,52
135201,67
135202,19
135203,73
135204,70
135205,76
135206,68
135207,32
135208,41
135209,26
135210,55
135211,17
135212,57
135213,77
135214,56
135215,18
135216,48
135217,33
135218,51
135219,20
135220,41
135221,42
135222,57
135223,41
135224,44
135225,23
135226,27
135227,57
135228,75
135229,50
135230,71
135231,75
135232,74
135233,25
135234,18
135235,75
135236,61
135237,48
135238,56
135239,75
135240,48
135241,82
135242,48
135243,24
135244,56
135245,75
135246,26
135247,57
135248,74
135249,57
135250,74
135251,70
135252,48
135253,58
135254,24
135255,55
135256,51
135257,26
135258,21
135259,82
135260,68
135261,62
135262,26
135263,62
135264,68
135265,41
135266,48
135267,24
135268,48
135269,19
135270,50
135271,56
135272,14
135273,59
135274,85
135275,57
135276,41
135277,48
135278,14
135279,33
135280,32
135281,17
135282,58
135283,48
135284,24
135285,26
135286,50
135287,41
135288,52
135289,72
135290,49
135291,14
135292,73
135293,75
135294,71
135295,33
135296,26
135297,25
135298,15
135299,41
135300,48
135301,56
135302,15
135303,50
135304,32
135305,48
135306,25
135307,17
135308,33
135309,48
135310,42
135311,33
135312,41
135313,14
135314,52
135315,41
135316,57
135317,19
135318,26
135319,50
135320,24
135321,26
135322,57
135323,17
135324,22
135325,14
135326,32
135327,50
135328,41
135329,19
135330,71
135331,57
135332,52
135333,41
135334,57
135335,41
135336,26
135337,20
135338,22
135339,22
135340,15
135341,20
135342,22
135343,23
135344,25
135345,63
135346,23
135347,41
135348,26
135349,54
135350,18
135351,51
135352,48
135353,56
135354,48
135355,60
135356,51
135357,52
135358,26
135359,88
135360,26
135361,48
135362,76
135363,41
135364,48
135365,74
135366,24
135367,48
135368,57
135369,25
135370,18
135371,42
135372,41
135373,41
135374,20
135375,44
135376,75
135377,25
135378,23
135379,48
135380,26
135381,48
135382,51
135383,54
135384,27
135385,17
135386,50
135387,75
135388,48
135389,60
135390,26
135391,25
135392,57
135393,60
135394,23
135395,24
135396,51
135397,48
135398,71
135399,64
135400,56
135401,41
135402,48
135403,50
135404,49
135405,52
135406,50
135407,68
135408,41
135409,26
135410,20
135411,76
135412,57
135413,62
135414,22
135415,32
135416,59
135417,48
135418,26
135419,26
135420,63
135421,81
135422,25
135423,63
135424,57
135425,74
135426,48
135427,59
135428,61
135429,22
135430,33
135431,26
135432,15
135433,87
135434,17
135435,91
135436,68
135437,24
135438,48
135439,41
135440,56
135441,49
135442,57
135443,46
135444,48
135445,17
135446,63
135447,42
135448,24
135449,78
135450,62
135451,25
135452,48
135453,25
135454,48
135455,17
135456,49
135457,16
135458,25
135459,13
135460,24
135461,48
135462,27
135463,75
135464,21
135465,49
135466,41
135467,41
135468,73
135469,26
135470,41
135471,41
135472,58
135473,69
135474,50
135475,21
135476,23
135477,48
135478,25
135479,58
135480,19
135481,68
135482,60
135483,71
135484,57
135485,41
135486,41
135487,58
135488,34
135489,57
135490,22
135491,62
135492,26
135493,24
135494,64
135495,42
135496,48
135497,62
135498,41
135499,15
135500,34
135501,75
135502,75
135503,52
135504,75
135505,32
135506,57
135507,76
135508,57
135509,56
135510,34
135511,75
135512,26
135513,23
135514,63
135515,75
135516,24
135517,27
135518,41
135519,64
135520,42
135521,20
135522,48
135523,18
135524,50
135525,53
135526,75
135527,24
135528,41
135529,59
135530,51
135531,59
135532,48
135533,57
135534,48
135535,48
135536,25
135537,17
135538,17
135539,24
135540,51
135541,74
135542,14
135543,48
135544,48
135545,18
135546,75
135547,48
135548,80
135549,62
135550,24
135551,83
135552,52
135553,48
135554,24
135555,67
135556,94
135557,19
135558,66
135559,18
135560,24
135561,25
135562,23
135563,54
135564,33
135565,76
135566,70
135567,41
135568,22
135569,58
135570,40
135571,52
135572,50
135573,42
135574,34
135575,52
135576,20
135577,62
135578,67
135579,70
135580,70
135581,42
135582,41
135583,39
135584,84
135585,76
135586,79
135587,24
135588,80
135589,62
135590,70
135591,22
135592,41
135593,90
135594,67
135595,73
135596,41
135597,57
135598,18
135599,42
135600,74
135601,34
135602,24
135603,76
135604,14
135605,41
135606,75
135607,23
135608,21
135609,48
135610,42
135611,48
135612,68
135613,64
135614,27
135615,25
135616,58
135617,34
135618,50
135619,17
135620,25
135621,56
135622,26
135623,63
135624,48
135625,25
135626,73
135627,23
135628,87
135629,58
135630,42
135631,57
135632,75
135633,48
135634,57
135635,69
135636,67
135637,26
135638,26
135639,62
135640,16
135641,71
135642,23
135643,57
135644,83
135645,51
135646,69
135647,48
135648,23
135649,57
135650,25
135651,39
135652,32
135653,17
135654,75
135655,23
135656,41
135657,48
135658,59
135659,53
135660,62
135661,65
135662,50
135663,52
135664,48
135665,24
135666,23
135667,67
135668,24
135669,70
135670,75
135671,58
135672,26
135673,25
135674,63
135675,48
135676,22
135677,80
135678,23
135679,25
135680,41
135681,57
135682,64
135683,59
135684,17
135685,41
135686,24
135687,63
135688,16
135689,21
135690,48
135691,19
135692,64
135693,41
135694,20
135695,21
135696,41
135697,27
135698,26
135699,26
135700,20
135701,45
135702,48
135703,32
135704,68
135705,69
135706,66
135707,50
135708,18
135709,32
135710,25
135711,41
135712,67
135713,24
135714,21
135715,67
135716,24
135717,56
135718,48
135719,14
135720,70
135721,71
135722,41
135723,22
135724,71
135725,63
135726,41
135727,25
135728,50
135729,58
135730,25
135731,17
135732,58
135733,48
135734,21
135735,21
135736,48
135737,20
135738,90
135739,71
135740,48
135741,41
135742,64
135743,42
135744,66
135745,69
135746,65
135747,48
135748,27
135749,32
135750,42
135751,48
135752,55
135753,15
135754,70
135755,48
135756,58
135757,27
135758,58
135759,26
135760,58
135761,41
135762,63
135763,58
135764,25
135765,68
135766,23
135767,81
135768,41
135769,41
135770,25
135771,34
135772,57
135773,26
135774,65
135775,41
135776,20
135777,75
135778,51
135779,65
135780,57
135781,75
135782,26
135783,57
135784,25
135785,26
135786,52
135787,21
135788,23
135789,85
135790,26
135791,62
135792,23
135793,41
135794,75
135795,18
135796,25
135797,52
135798,65
135799,55
135800,24
135801,48
135802,71
135803,57
135804,48
135805,50
135806,51
135807,73
135808,23
135809,48
135810,41
135811,48
135812,66
135813,42
135814,48
135815,41
135816,24
135817,78
135818,56
135819,25
135820,65
135821,41
135822,48
135823,67
135824,81
135825,48
135826,52
135827,41
135828,52
135829,24
135830,64
135831,63
135832,48
135833,71
135834,70
135835,20
135836,52
135837,75
135838,81
135839,77
135840,41
135841,16
135842,14
135843,48
135844,46
135845,58
135846,16
135847,56
135848,19
135849,18
135850,68
135851,48
135852,24
135853,22
135854,22
135855,41
135856,41
135857,57
135858,24
135859,14
135860,21
135861,50
135862,41
135863,32
135864,57
135865,64
135866,57
135867,26
135868,25
135869,17
135870,22
135871,55
135872,68
135873,48
135874,25
135875,47
135876,68
135877,78
135878,48
135879,25
135880,48
135881,25
135882,27
135883,63
135884,14
135885,42
135886,59
135887,56
135888,50
135889,25
135890,41
135891,81
135892,26
135893,67
135894,17
135895,44
135896,72
135897,75
135898,44
135899,58
135900,76
135901,88
135902,25
135903,26
135904,75
135905,32
135906,26
135907,48
135908,48
135909,63
135910,42
135911,68
135912,19
135913,20
135914,24
135915,86
135916,48
135917,27
135918,26
135919,25
135920,67
135921,70
135922,75
135923,18
135924,66
135925,78
135926,75
135927,48
135928,68
135929,26
135930,68
135931,22
135932,49
135933,59
135934,90
135935,22
135936,41
135937,51
135938,25
135939,57
135940,52
135941,78
135942,48
135943,62
135944,67
135945,26
135946,22
135947,41
135948,20
135949,68
135950,44
135951,20
135952,14
135953,41
135954,65
135955,50
135956,67
135957,18
135958,48
135959,19
135960,21
135961,24
135962,22
135963,66
135964,71
135965,62
135966,92
135967,21
135968,26
135969,59
135970,42
135971,59
135972,48
135973,25
135974,52
135975,77
135976,23
135977,73
135978,41
135979,26
135980,50
135981,62
135982,41
135983,18
135984,76
135985,49
135986,16
135987,19
135988,64
135989,58
135990,32
135991,41
135992,57
135993,25
135994,15
135995,50
135996,58
135997,57
135998,57
135999,73
136000,48
136001,75
136002,22
136003,58
136004,67
136005,18
136006,75
136007,48
136008,48
136009,48
136010,48
136011,69
136012,41
136013,41
136014,23
136015,19
136016,70
136017,32
136018,57
136019,68
136020,75
136021,16
136022,18
136023,58
136024,64
136025,50
136026,23
136027,25
136028,61
136029,68
136030,74
136031,17
136032,44
136033,26
136034,41
136035,41
136036,41
136037,57
136038,75
136039,41
136040,60
136041,24
136042,23
136043,44
136044,48
136045,41
136046,21
136047,59
136048,67
136049,26
136050,24
136051,48
136052,41
136053,26
136054,21
136055,63
136056,79
136057,24
136058,25
136059,25
136060,62
136061,23
136062,24
136063,14
136064,23
136065,26
136066,48
136067,58
136068,20
136069,42
136070,83
136071,64
136072,41
136073,21
136074,48
136075,41
136076,25
136077,27
136078,86
136079,33
136080,70
136081,52
136082,72
136083,75
136084,63
136085,50
136086,76
136087,27
136088,63
136089,23
136090,25
136091,56
136092,64
136093,52
136094,64
136095,68
136096,59
136097,52
136098,57
136099,58
136100,26
136101,24
136102,20
136103,59
136104,48
136105,63
136106,17
136107,15
136108,21
136109,20
136110,73
136111,64
136112,73
136113,57
136114,67
136115,26
136116,57
136117,73
136118,66
136119,43
136120,41
136121,33
136122,19
136123,68
136124,27
136125,48
136126,50
136127,48
136128,66
136129,41
136130,25
136131,17
136132,27
136133,52
136134,32
136135,25
136136,65
136137,64
136138,91
136139,49
136140,57
136141,27
136142,48
136143,48
136144,41
136145,42
136146,62
136147,75
136148,75
136149,48
136150,41
136151,49
136152,17
136153,41
136154,33
136155,26
136156,41
136157,75
136158,52
136159,66
136160,26
136161,51
136162,24
136163,62
136164,41
136165,62
136166,75
136167,74
136168,63
136169,27
136170,25
136171,21
136172,41
136173,41
136174,58
136175,19
136176,33
136177,31
136178,63
136179,75
136180,15
136181,22
136182,48
136183,48
136184,32
136185,20
136186,58
136187,25
136188,51
136189,56
136190,42
136191,49
136192,25
136193,23
136194,56
136195,14
136196,68
136197,26
136198,57
136199,76
136200,74
136201,56
136202,26
136203,58
136204,50
136205,57
136206,71
136207,62
136208,26
136209,64
136210,25
136211,58
136212,25
136213,79
136214,23
136215,74
136216,41
136217,18
136218,74
136219,57
136220,48
136221,48
136222,75
136223,26
136224,48
136225,25
136226,34
136227,14
136228,68
136229,19
136230,14
136231,42
136232,23
136233,62
136234,48
136235,48
136236,25
136237,50
136238,61
136239,22
136240,72
136241,51
136242,47
136243,51
136244,51
136245,22
136246,17
136247,58
136248,58
136249,20
136250,57
136251,70
136252,47
136253,20
136254,32
136255,26
136256,21
136257,50
136258,43
136259,41
136260,58
136261,41
136262,52
136263,44
136264,48
136265,27
136266,58
136267,26
136268,41
136269,21
136270,75
136271,48
136272,18
136273,26
136274,80
136275,23
136276,27
136277,75
136278,42
136279,75
136280,41
136281,22
136282,27
136283,48
136284,78
136285,16
136286,47
136287,74
136288,53
136289,62
136290,23
136291,17
136292,75
136293,19
136294,77
136295,45
136296,21
136297,64
136298,23
136299,48
136300,38
136301,74
136302,58
136303,24
136304,26
136305,26
136306,19
136307,63
136308,48
136309,22
136310,48
136311,27
136312,41
136313,48
136314,21
136315,17
136316,27
136317,15
136318,50
136319,75
136320,48
136321,69
136322,50
136323,75
136324,46
136325,63
136326,75
136327,41
136328,64
136329,52
136330,77
136331,21
136332,22
136333,58
136334,42
136335,58
136336,24
136337,67
136338,15
136339,32
136340,52
136341,61
136342,52
136343,26
136344,80
136345,23
136346,48
136347,54
136348,93
136349,26
136350,85
136351,86
136352,48
136353,42
136354,60
136355,50
136356,48
136357,44
136358,86
136359,15
136360,48
136361,78
136362,57
136363,22
136364,72
136365,67
136366,58
136367,59
136368,56
136369,24
136370,57
136371,41
136372,32
136373,19
136374,19
136375,51
136376,21
136377,80
136378,24
136379,22
136380,66
136381,52
136382,23
136383,32
136384,56
136385,25
136386,48
136387,16
136388,26
136389,57
136390,63
136391,63
136392,54
136393,68
136394,63
136395,18
136396,73
136397,41
136398,64
136399,58
136400,62
136401,42
136402,58
136403,64
136404,59
136405,23
136406,41
136407,41
136408,23
136409,48
136410,74
136411,75
136412,58
136413,22
136414,17
136415,26
136416,17
136417,56
136418,18
136419,20
136420,76
136421,14
136422,41
136423,19
136424,22
136425,76
136426,75
136427,52
136428,20
136429,21
136430,48
136431,83
136432,24
136433,25
136434,48
136435,15
136436,16
136437,58
136438,57
136439,25
136440,48
136441,57
136442,58
136443,57
136444,68
136445,23
136446,23
136447,25
136448,61
136449,48
136450,50
136451,56
136452,25
136453,48
136454,48
136455,63
136456,17
136457,79
136458,71
136459,57
136460,42
136461,58
136462,54
136463,48
136464,19
136465,48
136466,61
136467,20
136468,66
136469,33
136470,74
136471,57
136472,42
136473,59
136474,27
136475,61
136476,26
136477,48
136478,31
136479,58
136480,48
136481,65
136482,25
136483,60
136484,22
136485,24
136486,52
136487,27
136488,51
136489,65
136490,68
136491,41
136492,62
136493,25
136494,63
136495,58
136496,48
136497,16
136498,82
136499,63
136500,27
136501,23
136502,60
136503,48
136504,20
136505,18
136506,41
136507,48
136508,35
136509,82
136510,63
136511,21
136512,75
136513,27
136514,44
136515,62
136516,25
136517,24
136518,22
136519,24
136520,56
136521,76
136522,57
136523,58
136524,42
136525,73
136526,41
136527,52
136528,13
136529,26
136530,41
136531,52
136532,58
136533,75
136534,50
136535,18
136536,26
136537,75
136538,68
136539,63
136540,75
136541,20
136542,89
136543,57
136544,51
136545,41
136546,59
136547,41
136548,50
136549,75
136550,23
136551,58
136552,62
136553,70
136554,41
136555,48
136556,51
136557,21
136558,21
136559,62
136560,70
136561,48
136562,69
136563,20
136564,26
136565,41
136566,75
136567,19
136568,58
136569,14
136570,26
136571,33
136572,47
136573,59
136574,62
136575,62
136576,48
136577,32
136578,41
136579,64
136580,48
136581,61
136582,75
136583,18
136584,48
136585,66
136586,68
136587,23
136588,25
136589,64
136590,64
136591,63
136592,58
136593,41
136594,26
136595,48
136596,27
136597,48
136598,75
136599,64
136600,71
136601,53
136602,50
136603,72
136604,48
136605,25
136606,16
136607,58
136608,75
136609,52
136610,26
136611,25
136612,23
136613,26
136614,50
136615,23
136616,16
136617,54
136618,61
136619,15
136620,18
136621,63
136622,67
136623,48
136624,52
136625,78
136626,75
136627,51
136628,62
136629,20
136630,15
136631,48
136632,49
136633,48
136634,21
136635,48
136636,48
136637,21
136638,26
136639,26
136640,48
136641,70
136642,16
136643,48
136644,48
136645,54
136646,41
136647,34
136648,16
136649,72
136650,68
136651,48
136652,26
136653,51
136654,24
136655,18
136656,39
136657,32
136658,14
136659,26
136660,41
136661,24
136662,13
136663,41
136664,70
136665,45
136666,15
136667,17
136668,22
136669,69
136670,65
136671,77
136672,21
136673,73
136674,82
136675,58
136676,41
136677,14
136678,18
136679,57
136680,15
136681,25
136682,22
136683,67
136684,80
136685,57
136686,44
136687,20
136688,20
136689,18
136690,16
136691,48
136692,56
136693,60
136694,16
136695,27
136696,58
136697,52
136698,33
136699,48
136700,48
136701,48
136702,56
136703,58
136704,71
136705,13
136706,61
136707,56
136708,22
136709,44
136710,41
136711,75
136712,15
136713,58
136714,75
136715,48
136716,23
136717,69
136718,52
136719,56
136720,23
136721,26
136722,90
136723,19
136724,17
136725,58
136726,50
136727,47
136728,77
136729,41
136730,25
136731,18
136732,52
136733,32
136734,20
136735,18
136736,62
136737,62
136738,44
136739,41
136740,14
136741,26
136742,89
136743,25
136744,27
136745,69
136746,16
136747,81
136748,66
136749,23
136750,32
136751,32
136752,48
136753,72
136754,59
136755,80
136756,57
136757,75
136758,62
136759,47
136760,18
136761,79
136762,25
136763,18
136764,80
136765,48
136766,32
136767,23
136768,57
136769,66
136770,48
136771,76
136772,41
136773,14
136774,41
136775,33
136776,41
136777,48
136778,73
136779,23
136780,61
136781,41
136782,23
136783,null
136784,56
136785,46
136786,66
136787,56
136788,64
136789,46
136790,80
136791,null
136792,75
136793,52
136794,55
136795,58
136796,62
136797,52
136798,56
136799,63
136800,62
136801,56
136802,47
136803,53
136804,39
136805,47
136806,65
136807,60
136808,50
136809,27
136810,52
136811,47
136812,65
136813,75
136814,64
136815,65
136816,39
136817,51
136818,59
136819,51
136820,60
136821,61
136822,66
136823,63
136824,73
136825,18
136826,29
136827,57
136828,53
136829,73
136830,68
136831,63
136832,59
136833,69
136834,59
136835,68
136836,33
136837,66
136838,65
136839,62
136840,62
136841,51
136842,71
136843,57
136844,15
136845,59
136846,75
136847,39
136848,73
136849,47
136850,48
136851,63
136852,60
136853,60
136854,80
136855,51
136856,65
136857,76
136858,45
136859,61
136860,51
136861,63
136862,54
136863,70
136864,56
136865,38
136866,56
136867,45
136868,59
136869,54
136870,42
136871,63
136872,62
136873,69
136874,75
136875,57
136876,66
136877,65
136878,19
136879,60
136880,54
136881,43
136882,58
136883,54
136884,61
136885,66
136886,59
136887,64
136888,63
136889,54
136890,58
136891,51
136892,65
136893,32
136894,70
136895,65
136896,43
136897,65
136898,58
136899,59
136900,53
136901,81
136902,68
136903,50
136904,70
136905,70
136906,26
136907,75
136908,45
136909,58
136910,65
136911,60
136912,63
136913,21
136914,75
136915,61
136916,58
136917,45
136918,65
136919,71
136920,66
136921,60
136922,32
136923,58
136924,68
136925,64
136926,73
136927,54
136928,70
136929,58
136930,70
136931,52
136932,77
136933,57
136934,58
136935,53
136936,57
136937,57
136938,58
136939,56
136940,67
136941,54
136942,57
136943,75
136944,67
136945,70
136946,41
136947,62
136948,21
136949,22
136950,67
136951,62
136952,46
136953,56
136954,57
136955,61
136956,63
136957,58
136958,75
136959,66
136960,67
136961,50
136962,59
136963,53
136964,70
136965,69
136966,59
136967,62
136968,61
136969,66
136970,59
136971,65
136972,58
136973,44
136974,63
136975,58
136976,64
136977,67
136978,58
136979,59
136980,54
136981,59
136982,47
136983,24
136984,51
136985,75
136986,69
136987,48
136988,66
136989,64
136990,68
136991,53
136992,87
136993,61
136994,75
136995,29
136996,57
136997,73
136998,53
136999,61
137000,60
137001,59
137002,63
137003,75
137004,79
137005,84
137006,65
137007,79
137008,81
137009,46
137010,57
137011,55
137012,80
137013,63
137014,88
137015,89
137016,47
137017,55
137018,57
137019,55
137020,59
137021,80
137022,85
137023,62
137024,51
137025,75
137026,33
137027,62
137028,65
137029,77
137030,62
137031,55
137032,32
137033,50
137034,60
137035,63
137036,58
137037,59
137038,53
137039,80
137040,48
137041,66
137042,49
137043,37
137044,65
137045,44
137046,63
137047,54
137048,64
137049,52
137050,55
137051,56
137052,65
137053,48
137054,53
137055,63
137056,52
137057,68
137058,59
137059,62
137060,51
137061,56
137062,57
137063,62
137064,72
137065,62
137066,67
137067,75
137068,60
137069,57
137070,75
137071,56
137072,57
137073,59
137074,63
137075,81
137076,70
137077,68
137078,61
137079,68
137080,46
137081,63
137082,61
137083,55
137084,62
137085,69
137086,79
137087,58
137088,66
137089,69
137090,66
137091,64
137092,79
137093,58
137094,70
137095,68
137096,51
137097,37
137098,57
137099,48
137100,45
137101,58
137102,75
137103,59
137104,59
137105,69
137106,60
137107,65
137108,81
137109,46
137110,45
137111,44
137112,65
137113,55
137114,44
137115,57
137116,53
137117,43
137118,59
137119,57
137120,56
137121,57
137122,53
137123,61
137124,61
137125,69
137126,42
137127,64
137128,56
137129,60
137130,75
137131,55
137132,75
137133,67
137134,64
137135,59
137136,49
137137,32
137138,46
137139,60
137140,59
137141,45
137142,54
137143,47
137144,72
137145,40
137146,60
137147,65
137148,58
137149,60
137150,63
137151,84
137152,63
137153,75
137154,44
137155,62
137156,56
137157,55
137158,39
137159,40
137160,77
137161,59
137162,68
137163,63
137164,60
137165,63
137166,67
137167,64
137168,66
137169,83
137170,58
137171,55
137172,65
137173,62
137174,32
137175,58
137176,44
137177,47
137178,49
137179,49
137180,29
137181,59
137182,60
137183,60
137184,74
137185,56
137186,62
137187,62
137188,51
137189,62
137190,30
137191,64
137192,56
137193,46
137194,62
137195,47
137196,62
137197,59
137198,37
137199,55
137200,35
137201,43
137202,55
137203,42
137204,33
137205,55
137206,32
137207,49
137208,48
137209,39
137210,38
137211,55
137212,59
137213,43
137214,39
137215,38
137216,59
137217,52
137218,50
137219,38
137220,37
137221,56
137222,39
137223,62
137224,47
137225,57
137226,52
137227,19
137228,59
137229,27
137230,58
137231,50
137232,62
137233,27
137234,39
137235,53
137236,45
137237,48
137238,56
137239,65
137240,49
137241,50
137242,56
137243,60
137244,64
137245,54
137246,54
137247,63
137248,23
137249,41
137250,53
137251,42
137252,68
137253,32
137254,50
137255,51
137256,37
137257,28
137258,23
137259,42
137260,58
137261,63
137262,54
137263,45
137264,53
137265,58
137266,57
137267,62
137268,31
137269,64
137270,48
137271,76
137272,null
137273,38
137274,63
137275,null
137276,59
137277,51
137278,75
137279,62
137280,31
137281,57
137282,57
137283,57
137284,null
137285,62
137286,41
137287,null
137288,52
137289,46
137290,55
137291,36
137292,62
137293,44
137294,null
137295,null
137296,61
137297,53
137298,null
137299,null
137300,57
137301,48
137302,54
137303,56
137304,57
137305,71
137306,48
137307,66
137308,58
137309,null
137310,42
137311,28
137312,36
137313,null
137314,null
137315,null
137316,null
137317,null
137318,null
137319,53
137320,61
137321,null
137322,66
137323,48
137324,59
137325,null
137326,45
137327,null
137328,23
137329,55
137330,63
137331,45
137332,64
137333,65
137334,null
137335,56
137336,null
137337,null
137338,60
137339,null
137340,64
137341,50
137342,61
137343,63
137344,63
137345,54
137346,null
137347,57
137348,47
137349,67
137350,41
137351,42
137352,65
137353,65
137354,null
137355,74
137356,null
137357,null
137358,65
137359,null
137360,27
137361,null
137362,58
137363,null
137364,66
137365,50
137366,null
137367,61
137368,53
137369,null
137370,null
137371,null
137372,54
137373,72
137374,65
137375,null
137376,71
137377,null
137378,72
137379,55
137380,72
137381,59
137382,49
137383,55
137384,43
137385,54
137386,null
137387,null
137388,58
137389,null
137390,null
137391,null
137392,52
137393,null
137394,62
137395,null
137396,14
137397,null
137398,63
137399,57
137400,66
137401,61
137402,73
137403,66
137404,37
137405,66
137406,51
137407,64
137408,57
137409,null
137410,52
137411,53
137412,null
137413,null
137414,72
137415,62
137416,69
137417,66
137418,66
137419,34
137420,38
137421,59
137422,null
137423,58
137424,null
137425,null
137426,62
137427,57
137428,36
137429,80
137430,54
137431,64
137432,58
137433,22
137434,52
137435,null
137436,null
137437,65
137438,78
137439,null
137440,59
137441,73
137442,51
137443,60
137444,46
137445,48
137446,55
137447,null
137448,null
137449,55
137450,null
137451,58
137452,46
137453,49
137454,57
137455,55
137456,60
137457,60
137458,64
137459,null
137460,null
137461,83
137462,null
137463,90
137464,57
137465,63
137466,null
137467,57
137468,70
137469,null
137470,60
137471,55
137472,64
137473,71
137474,null
137475,66
137476,null
137477,60
137478,73
137479,57
137480,36
137481,31
137482,null
137483,null
137484,null
137485,null
137486,53
137487,47
137488,null
137489,null
137490,null
137491,null
137492,null
137493,32
137494,52
137495,34
137496,64
137497,46
137498,null
137499,28
137500,65
137501,null
137502,48
137503,60
137504,null
137505,55
137506,63
137507,null
137508,40
137509,58
137510,80
137511,69
137512,null
137513,65
137514,72
137515,null
137516,67
137517,45
137518,59
137519,56
137520,27
137521,28
137522,63
137523,88
137524,43
137525,64
137526,50
137527,59
137528,45
137529,45
137530,44
137531,74
137532,null
137533,80
137534,null
137535,47
137536,null
137537,null
137538,55
137539,74
137540,46
137541,null
137542,34
137543,86
137544,65
137545,71
137546,55
137547,46
137548,null
137549,61
137550,60
137551,51
137552,60
137553,62
137554,57
137555,null
137556,59
137557,71
137558,68
137559,65
137560,75
137561,41
137562,60
137563,61
137564,57
137565,null
137566,53
137567,64
137568,31
137569,14
137570,75
137571,51
137572,59
137573,60
137574,null
137575,69
137576,51
137577,null
137578,55
137579,73
137580,48
137581,55
137582,83
137583,64
137584,62
137585,null
137586,null
137587,null
137588,48
137589,null
137590,25
137591,57
137592,55
137593,76
137594,56
137595,56
137596,59
137597,null
137598,62
137599,75
137600,54
137601,51
137602,15
137603,58
137604,62
137605,59
137606,63
137607,61
137608,53
137609,75
137610,58
137611,62
137612,null
137613,87
137614,41
137615,null
137616,72
137617,73
137618,59
137619,57
137620,null
137621,null
137622,null
137623,null
137624,61
137625,62
137626,46
137627,60
137628,66
137629,null
137630,60
137631,29
137632,55
137633,31
137634,64
137635,27
137636,58
137637,44
137638,44
137639,56
137640,64
137641,45
137642,45
137643,34
137644,51
137645,53
137646,25
137647,57
137648,39
137649,52
137650,65
137651,21
137652,58
137653,36
137654,64
137655,55
137656,64
137657,52
137658,41
137659,38
137660,43
137661,30
137662,25
137663,57
137664,60
137665,54
137666,47
137667,59
137668,55
137669,54
137670,36
137671,52
137672,58
137673,24
137674,54
137675,51
137676,64
137677,56
137678,23
137679,43
137680,77
137681,46
137682,54
137683,49
137684,65
137685,46
137686,56
137687,75
137688,48
137689,63
137690,41
137691,49
137692,21
137693,53
137694,59
137695,null
137696,51
137697,46
137698,63
137699,69
137700,54
137701,60
137702,59
137703,37
137704,49
137705,20
137706,null
137707,62
137708,null
137709,51
137710,43
137711,36
137712,57
137713,null
137714,50
137715,49
137716,null
137717,null
137718,55
137719,76
137720,57
137721,64
137722,55
137723,57
137724,59
137725,61
137726,60
137727,50
137728,null
137729,41
137730,null
137731,null
137732,69
137733,42
137734,null
137735,null
137736,null
137737,55
137738,68
137739,72
137740,53
137741,57
137742,null
137743,null
137744,47
137745,null
137746,51
137747,null
137748,null
137749,61
137750,null
137751,null
137752,56
137753,63
137754,31
137755,null
137756,38
137757,48
137758,null
137759,64
137760,66
137761,53
137762,53
137763,46
137764,64
137765,29
137766,64
137767,33
137768,40
137769,51
137770,57
137771,null
137772,null
137773,55
137774,58
137775,null
137776,null
137777,53
137778,51
137779,null
137780,null
137781,58
137782,49
137783,52
137784,58
137785,52
137786,60
137787,55
137788,null
137789,null
137790,null
137791,84
137792,66
137793,49
137794,61
137795,74
137796,61
137797,49
137798,61
137799,73
137800,58
137801,57
137802,44
137803,null
137804,48
137805,54
137806,63
137807,null
137808,62
137809,40
137810,57
137811,61
137812,56
137813,62
137814,63
137815,31
137816,56
137817,57
137818,61
137819,54
137820,null
137821,37
137822,62
137823,75
137824,48
137825,62
137826,60
137827,63
137828,null
137829,null
137830,59
137831,null
137832,null
137833,null
137834,61
137835,61
137836,81
137837,74
137838,64
137839,61
137840,68
137841,63
137842,75
137843,54
137844,45
137845,76
137846,61
137847,75
137848,75
137849,62
137850,61
137851,null
137852,null
137853,57
137854,61
137855,null
137856,66
137857,56
137858,null
137859,null
137860,56
137861,null
137862,67
137863,55
137864,61
137865,59
137866,null
137867,66
137868,55
137869,62
137870,null
137871,null
137872,55
137873,70
137874,66
137875,null
137876,64
137877,54
137878,51
137879,55
137880,41
137881,75
137882,55
137883,60
137884,null
137885,43
137886,52
137887,null
137888,69
137889,null
137890,63
137891,62
137892,52
137893,67
137894,null
137895,34
137896,52
137897,58
137898,null
137899,null
137900,52
137901,68
137902,49
137903,63
137904,56
137905,27
137906,null
137907,59
137908,null
137909,89
137910,63
137911,null
137912,54
137913,65
137914,null
137915,54
137916,56
137917,70
137918,40
137919,28
137920,75
137921,16
137922,53
137923,65
137924,51
137925,49
137926,69
137927,46
137928,null
137929,64
137930,56
137931,43
137932,38
137933,null
137934,52
137935,55
137936,74
137937,54
137938,null
137939,21
137940,53
137941,null
137942,49
137943,48
137944,42
137945,null
137946,71
137947,83
137948,null
137949,null
137950,63
137951,27
137952,49
137953,57
137954,null
137955,51
137956,63
137957,87
137958,null
137959,null
137960,55
137961,50
137962,null
137963,87
137964,null
137965,69
137966,68
137967,50
137968,null
137969,55
137970,57
137971,47
137972,49
137973,24
137974,null
137975,49
137976,14
137977,42
137978,null
137979,54
137980,60
137981,75
137982,82
137983,38
137984,66
137985,57
137986,77
137987,63
137988,null
137989,80
137990,55
137991,75
137992,61
137993,62
137994,67
137995,73
137996,76
137997,61
137998,48
137999,75
138000,61
138001,59
138002,70
138003,62
138004,61
138005,36
138006,51
138007,55
138008,56
138009,67
138010,50
138011,71
138012,54
138013,43
138014,51
138015,54
138016,null
138017,59
138018,42
138019,77
138020,45
138021,59
138022,65
138023,null
138024,41
138025,null
138026,68
138027,61
138028,55
138029,59
138030,null
138031,60
138032,65
138033,null
138034,47
138035,57
138036,68
138037,53
138038,58
138039,75
138040,48
138041,60
138042,58
138043,63
138044,57
138045,76
138046,65
138047,62
138048,51
138049,75
138050,55
138051,54
138052,70
138053,60
138054,64
138055,56
138056,null
138057,null
138058,null
138059,75
138060,null
138061,null
138062,48
138063,null
138064,null
138065,null
138066,80
138067,60
138068,null
138069,48
138070,59
138071,81
138072,25
138073,null
138074,31
138075,null
138076,88
138077,43
138078,41
138079,58
138080,43
138081,58
138082,50
138083,45
138084,56
138085,68
138086,47
138087,61
138088,56
138089,49
138090,59
138091,68
138092,46
138093,65
138094,53
138095,42
138096,59
138097,60
138098,39
138099,53
138100,55
138101,50
138102,40
138103,27
138104,27
138105,42
138106,63
138107,54
138108,63
138109,35
138110,48
138111,51
138112,25
138113,53
138114,27
138115,51
138116,56
138117,23
138118,64
138119,56
138120,58
138121,28
138122,54
138123,55
138124,49
138125,52
138126,52
138127,48
138128,48
138129,47
138130,56
138131,54
138132,55
138133,64
138134,75
138135,52
138136,50
138137,63
138138,56
138139,58
138140,62
138141,69
138142,62
138143,75
138144,46
138145,67
138146,37
138147,75
138148,46
138149,60
138150,58
138151,60
138152,48
138153,59
138154,50
138155,66
138156,57
138157,56
138158,55
138159,63
138160,37
138161,52
138162,40
138163,null
138164,57
138165,27
138166,29
138167,null
138168,null
138169,37
138170,56
138171,52
138172,52
138173,61
138174,52
138175,67
138176,64
138177,54
138178,null
138179,62
138180,56
138181,67
138182,35
138183,null
138184,41
138185,27
138186,67
138187,null
138188,70
138189,28
138190,null
138191,null
138192,null
138193,55
138194,60
138195,49
138196,75
138197,null
138198,null
138199,64
138200,null
138201,56
138202,61
138203,58
138204,null
138205,60
138206,null
138207,null
138208,63
138209,null
138210,49
138211,54
138212,57
138213,null
138214,53
138215,58
138216,69
138217,61
138218,66
138219,26
138220,77
138221,null
138222,null
138223,58
138224,null
138225,88
138226,42
138227,61
138228,53
138229,null
138230,57
138231,34
138232,null
138233,63
138234,52
138235,65
138236,68
138237,56
138238,null
138239,51
138240,57
138241,61
138242,57
138243,60
138244,null
138245,null
138246,null
138247,31
138248,47
138249,null
138250,55
138251,null
138252,null
138253,null
138254,51
138255,63
138256,64
138257,62
138258,58
138259,69
138260,55
138261,62
138262,61
138263,75
138264,65
138265,null
138266,null
138267,54
138268,59
138269,62
138270,null
138271,null
138272,61
138273,null
138274,54
138275,68
138276,61
138277,50
138278,57
138279,null
138280,57
138281,58
138282,57
138283,null
138284,57
138285,66
138286,62
138287,null
138288,54
138289,65
138290,66
138291,35
138292,57
138293,null
138294,64
138295,68
138296,64
138297,null
138298,46
138299,null
138300,75
138301,52
138302,null
138303,36
138304,null
138305,40
138306,67
138307,58
138308,56
138309,53
138310,69
138311,null
138312,56
138313,62
138314,54
138315,null
138316,59
138317,53
138318,34
138319,53
138320,80
138321,63
138322,55
138323,84
138324,null
138325,63
138326,null
138327,74
138328,null
138329,43
138330,null
138331,59
138332,null
138333,43
138334,65
138335,null
138336,66
138337,null
138338,null
138339,72
138340,null
138341,null
138342,40
138343,52
138344,50
138345,28
138346,66
138347,66
138348,null
138349,47
138350,50
138351,62
138352,60
138353,51
138354,60
138355,58
138356,47
138357,null
138358,50
138359,61
138360,null
138361,52
138362,42
138363,53
138364,51
138365,59
138366,null
138367,null
138368,28
138369,54
138370,null
138371,66
138372,80
138373,48
138374,null
138375,null
138376,null
138377,76
138378,60
138379,56
138380,null
138381,52
138382,28
138383,59
138384,61
138385,46
138386,48
138387,56
138388,46
138389,59
138390,60
138391,58
138392,64
138393,61
138394,57
138395,58
138396,null
138397,55
138398,49
138399,44
138400,58
138401,79
138402,null
138403,53
138404,51
138405,null
138406,64
138407,71
138408,59
138409,89
138410,56
138411,36
138412,64
138413,52
138414,42
138415,61
138416,56
138417,35
138418,62
138419,null
138420,57
138421,59
138422,36
138423,45
138424,60
138425,43
138426,null
138427,75
138428,56
138429,69
138430,61
138431,56
138432,62
138433,78
138434,36
138435,43
138436,61
138437,44
138438,68
138439,57
138440,56
138441,66
138442,null
138443,69
138444,45
138445,43
138446,47
138447,63
138448,48
138449,52
138450,49
138451,44
138452,78
138453,null
138454,50
138455,63
138456,56
138457,40
138458,51
138459,52
138460,65
138461,61
138462,null
138463,57
138464,31
138465,58
138466,57
138467,57
138468,75
138469,58
138470,62
138471,51
138472,63
138473,45
138474,null
138475,48
138476,73
138477,56
138478,63
138479,null
138480,54
138481,58
138482,74
138483,61
138484,60
138485,56
138486,53
138487,63
138488,65
138489,54
138490,null
138491,56
138492,68
138493,55
138494,77
138495,54
138496,59
138497,null
138498,null
138499,56
138500,61
138501,64
138502,77
138503,35
138504,null
138505,null
138506,null
138507,47
138508,51
138509,48
138510,null
138511,58
138512,64
138513,76
138514,80
138515,39
138516,64
138517,33
138518,57
138519,48
138520,32
138521,61
138522,76
138523,63
138524,57
138525,49
138526,66
138527,50
138528,29
138529,55
138530,64
138531,49
138532,54
138533,48
138534,49
138535,50
138536,48
138537,50
138538,53
138539,62
138540,45
138541,57
138542,73
138543,23
138544,60
138545,55
138546,53
138547,23
138548,63
138549,75
138550,52
138551,70
138552,36
138553,28
138554,57
138555,57
138556,48
138557,45
138558,39
138559,82
138560,29
138561,44
138562,47
138563,36
138564,55
138565,53
138566,61
138567,44
138568,27
138569,37
138570,53
138571,49
138572,46
138573,14
138574,61
138575,64
138576,55
138577,55
138578,17
138579,57
138580,55
138581,68
138582,64
138583,60
138584,59
138585,64
138586,40
138587,36
138588,37
138589,72
138590,50
138591,59
138592,66
138593,51
138594,70
138595,45
138596,53
138597,42
138598,48
138599,63
138600,56
138601,20
138602,64
138603,51
138604,65
138605,55
138606,60
138607,59
138608,28
138609,58
138610,58
138611,55
138612,53
138613,55
138614,48
138615,61
138616,59
138617,48
138618,69
138619,55
138620,41
138621,38
138622,60
138623,66
138624,55
138625,62
138626,45
138627,53
138628,71
138629,38
138630,58
138631,33
138632,67
138633,54
138634,75
138635,66
138636,56
138637,55
138638,40
138639,72
138640,67
138641,52
138642,47
138643,65
138644,56
138645,53
138646,81
138647,63
138648,29
138649,28
138650,57
138651,50
138652,43
138653,56
138654,46
138655,60
138656,51
138657,42
138658,66
138659,60
138660,46
138661,55
138662,58
138663,73
138664,68
138665,54
138666,42
138667,69
138668,55
138669,64
138670,75
138671,55
138672,42
138673,54
138674,37
138675,33
138676,75
138677,46
138678,64
138679,60
138680,50
138681,31
138682,64
138683,52
138684,47
138685,40
138686,61
138687,67
138688,59
138689,63
138690,56
138691,52
138692,73
138693,44
138694,58
138695,24
138696,62
138697,58
138698,56
138699,75
138700,60
138701,56
138702,68
138703,59
138704,32
138705,58
138706,66
138707,25
138708,33
138709,44
138710,64
138711,55
138712,25
138713,75
138714,64
138715,61
138716,59
138717,60
138718,57
138719,58
138720,54
138721,56
138722,31
138723,59
138724,71
138725,72
138726,71
138727,54
138728,72
138729,54
138730,43
138731,57
138732,53
138733,61
138734,55
138735,57
138736,59
138737,55
138738,57
138739,59
138740,58
138741,43
138742,31
138743,71
138744,52
138745,75
138746,38
138747,63
138748,80
138749,49
138750,58
138751,52
138752,47
138753,53
138754,50
138755,73
138756,60
138757,39
138758,54
138759,75
138760,66
138761,63
138762,64
138763,76
138764,60
138765,46
138766,39
138767,48
138768,27
138769,51
138770,73
138771,56
138772,38
138773,64
138774,56
138775,64
138776,91
138777,60
138778,73
138779,54
138780,66
138781,62
138782,66
138783,21
138784,32
138785,31
138786,25
138787,19
138788,53
138789,63
138790,58
138791,55
138792,20
138793,75
138794,27
138795,46
138796,57
138797,48
138798,57
138799,51
138800,75
138801,62
138802,28
138803,43
138804,67
138805,59
138806,59
138807,54
138808,54
138809,64
138810,53
138811,55
138812,54
138813,58
138814,60
138815,53
138816,68
138817,65
138818,47
138819,87
138820,54
138821,25
138822,64
138823,63
138824,63
138825,58
138826,45
138827,42
138828,32
138829,57
138830,45
138831,70
138832,41
138833,57
138834,66
138835,51
138836,62
138837,53
138838,50
138839,64
138840,33
138841,52
138842,67
138843,56
138844,75
138845,60
138846,70
138847,62
138848,64
138849,54
138850,60
138851,49
138852,57
138853,54
138854,65
138855,71
138856,58
138857,67
138858,53
138859,60
138860,53
138861,61
138862,54
138863,61
138864,67
138865,58
138866,26
138867,57
138868,63
138869,33
138870,64
138871,69
138872,56
138873,72
138874,51
138875,69
138876,73
138877,59
138878,59
138879,58
138880,57
138881,55
138882,64
138883,25
138884,57
138885,40
138886,26
138887,56
138888,60
138889,51
138890,51
138891,51
138892,36
138893,49
138894,52
138895,55
138896,55
138897,57
138898,29
138899,53
138900,38
138901,50
138902,77
138903,51
138904,51
138905,69
138906,42
138907,53
138908,54
138909,65
138910,62
138911,75
138912,56
138913,77
138914,80
138915,63
138916,59
138917,72
138918,38
138919,63
138920,58
138921,50
138922,65
138923,24
138924,85
138925,86
138926,23
138927,45
138928,73
138929,63
138930,62
138931,71
138932,74
138933,48
138934,74
138935,36
138936,54
138937,30
138938,58
138939,56
138940,62
138941,null
138942,58
138943,68
138944,62
138945,53
138946,61
138947,null
138948,33
138949,57
138950,null
138951,null
138952,59
138953,null
138954,62
138955,null
138956,55
138957,53
138958,null
138959,63
138960,57
138961,59
138962,48
138963,47
138964,47
138965,59
138966,80
138967,49
138968,59
138969,65
138970,59
138971,77
138972,60
138973,49
138974,54
138975,68
138976,57
138977,49
138978,59
138979,35
138980,75
138981,57
138982,50
138983,57
138984,28
138985,28
138986,38
138987,62
138988,49
138989,52
138990,53
138991,37
138992,62
138993,52
138994,57
138995,54
138996,55
138997,58
138998,55
138999,56
139000,66
139001,43
139002,32
139003,52
139004,41
139005,28
139006,47
139007,42
139008,20
139009,68
139010,63
139011,59
139012,56
139013,62
139014,51
139015,59
139016,61
139017,30
139018,17
139019,67
139020,55
139021,56
139022,47
139023,49
139024,47
139025,56
139026,70
139027,50
139028,56
139029,57
139030,75
139031,46
139032,24
139033,51
139034,39
139035,52
139036,54
139037,58
139038,60
139039,55
139040,64
139041,35
139042,50
139043,63
139044,56
139045,60
139046,58
139047,59
139048,54
139049,57
139050,53
139051,52
139052,66
139053,48
139054,57
139055,30
139056,33
139057,45
139058,30
139059,55
139060,24
139061,41
139062,67
139063,59
139064,44
139065,55
139066,50
139067,78
139068,34
139069,52
139070,51
139071,50
139072,56
139073,41
139074,66
139075,56
139076,65
139077,24
139078,29
139079,67
139080,58
139081,43
139082,41
139083,62
139084,55
139085,55
139086,63
139087,59
139088,54
139089,73
139090,57
139091,41
139092,58
139093,67
139094,66
139095,53
139096,29
139097,61
139098,61
139099,56
139100,44
139101,28
139102,59
139103,32
139104,61
139105,53
139106,55
139107,52
139108,32
139109,60
139110,60
139111,63
139112,64
139113,43
139114,39
139115,60
139116,64
139117,48
139118,68
139119,58
139120,55
139121,35
139122,66
139123,29
139124,54
139125,75
139126,55
139127,54
139128,55
139129,48
139130,81
139131,72
139132,79
139133,58
139134,57
139135,60
139136,52
139137,37
139138,73
139139,64
139140,30
139141,48
139142,75
139143,54
139144,55
139145,83
139146,86
139147,75
139148,64
139149,40
139150,54
139151,67
139152,58
139153,61
139154,71
139155,65
139156,46
139157,40
139158,41
139159,28
139160,59
139161,70
139162,60
139163,66
139164,58
139165,55
139166,46
139167,54
139168,57
139169,29
139170,43
139171,61
139172,50
139173,70
139174,64
139175,75
139176,66
139177,60
139178,49
139179,67
139180,65
139181,58
139182,60
139183,46
139184,61
139185,62
139186,59
139187,59
139188,88
139189,33
139190,55
139191,63
139192,54
139193,55
139194,56
139195,44
139196,55
139197,56
139198,42
139199,64
139200,63
139201,49
139202,64
139203,55
139204,75
139205,59
139206,59
139207,61
139208,78
139209,92
139210,28
139211,43
139212,55
139213,79
139214,37
139215,48
139216,32
139217,57
139218,67
139219,63
139220,46
139221,68
139222,61
139223,32
139224,61
139225,90
139226,49
139227,75
139228,78
139229,66
139230,36
139231,32
139232,54
139233,44
139234,75
139235,58
139236,65
139237,62
139238,45
139239,58
139240,57
139241,52
139242,57
139243,55
139244,64
139245,66
139246,59
139247,68
139248,60
139249,57
139250,59
139251,63
139252,37
139253,54
139254,57
139255,19
139256,55
139257,62
139258,25
139259,56
139260,57
139261,57
139262,74
139263,65
139264,57
139265,55
139266,63
139267,48
139268,61
139269,57
139270,52
139271,33
139272,59
139273,61
139274,57
139275,39
139276,50
139277,56
139278,65
139279,55
139280,45
139281,75
139282,47
139283,60
139284,53
139285,53
139286,45
139287,61
139288,55
139289,58
139290,55
139291,66
139292,74
139293,57
139294,55
139295,63
139296,60
139297,75
139298,70
139299,52
139300,57
139301,59
139302,33
139303,60
139304,55
139305,73
139306,61
139307,63
139308,50
139309,65
139310,54
139311,75
139312,60
139313,84
139314,45
139315,72
139316,61
139317,74
139318,60
139319,31
139320,52
139321,77
139322,63
139323,53
139324,60
139325,57
139326,60
139327,60
139328,56
139329,67
139330,59
139331,58
139332,59
139333,72
139334,53
139335,62
139336,47
139337,58
139338,49
139339,56
139340,44
139341,54
139342,29
139343,60
139344,54
139345,63
139346,83
139347,27
139348,52
139349,64
139350,38
139351,32
139352,56
139353,76
139354,50
139355,51
139356,56
139357,30
139358,21
139359,13
139360,64
139361,75
139362,55
139363,67
139364,58
139365,53
139366,65
139367,35
139368,57
139369,63
139370,58
139371,37
139372,37
139373,87
139374,28
139375,48
139376,55
139377,56
139378,87
139379,48
139380,71
139381,37
139382,67
139383,59
139384,58
139385,46
139386,66
139387,64
139388,58
139389,58
139390,40
139391,57
139392,66
139393,32
139394,25
139395,59
139396,null
139397,59
139398,null
139399,58
139400,50
139401,85
139402,null
139403,62
139404,44
139405,61
139406,null
139407,63
139408,52
139409,66
139410,null
139411,56
139412,57
139413,65
139414,59
139415,null
139416,54
139417,70
139418,32
139419,66
139420,66
139421,53
139422,75
139423,58
139424,47
139425,60
139426,42
139427,53
139428,59
139429,61
139430,58
139431,52
139432,53
139433,38
139434,51
139435,57
139436,75
139437,57
139438,60
139439,50
139440,47
139441,62
139442,57
139443,77
139444,59
139445,49
139446,30
139447,61
139448,70
139449,70
139450,58
139451,73
139452,53
139453,85
139454,57
139455,60
139456,67
139457,52
139458,23
139459,75
139460,58
139461,64
139462,73
139463,57
139464,63
139465,78
139466,26
139467,34
139468,47
139469,61
139470,61
139471,62
139472,61
139473,73
139474,56
139475,61
139476,29
139477,49
139478,71
139479,55
139480,45
139481,79
139482,39
139483,67
139484,58
139485,39
139486,48
139487,49
139488,75
139489,62
139490,59
139491,67
139492,42
139493,55
139494,66
139495,50
139496,48
139497,53
139498,69
139499,59
139500,45
139501,34
139502,56
139503,78
139504,65
139505,66
139506,38
139507,46
139508,58
139509,55
139510,59
139511,68
139512,37
139513,27
139514,69
139515,54
139516,66
139517,73
139518,62
139519,64
139520,63
139521,57
139522,76
139523,50
139524,61
139525,66
139526,48
139527,67
139528,32
139529,54
139530,25
139531,66
139532,62
139533,62
139534,64
139535,62
139536,64
139537,66
139538,39
139539,59
139540,44
139541,71
139542,55
139543,77
139544,75
139545,33
139546,26
139547,66
139548,63
139549,61
139550,62
139551,57
139552,70
139553,46
139554,24
139555,61
139556,70
139557,61
139558,47
139559,64
139560,59
139561,61
139562,66
139563,55
139564,77
139565,65
139566,66
139567,59
139568,76
139569,69
139570,61
139571,58
139572,64
139573,33
139574,85
139575,72
139576,58
139577,38
139578,54
139579,69
139580,72
139581,61
139582,29
139583,62
139584,53
139585,58
139586,75
139587,56
139588,66
139589,74
139590,42
139591,56
139592,56
139593,63
139594,51
139595,61
139596,28
139597,38
139598,61
139599,63
139600,75
139601,68
139602,54
139603,65
139604,75
139605,60
139606,62
139607,75
139608,68
139609,60
139610,58
139611,58
139612,60
139613,34
139614,61
139615,67
139616,74
139617,45
139618,55
139619,59
139620,46
139621,66
139622,75
139623,57
139624,64
139625,88
139626,54
139627,61
139628,28
139629,63
139630,54
139631,73
139632,67
139633,57
139634,65
139635,82
139636,44
139637,64
139638,76
139639,18
139640,53
139641,63
139642,69
139643,33
139644,68
139645,68
139646,75
139647,73
139648,64
139649,50
139650,94
139651,60
139652,90
139653,67
139654,53
139655,33
139656,47
139657,64
139658,61
139659,36
139660,75
139661,61
139662,64
139663,67
139664,56
139665,68
139666,62
139667,58
139668,54
139669,62
139670,74
139671,68
139672,51
139673,56
139674,69
139675,60
139676,75
139677,68
139678,24
139679,49
139680,50
139681,62
139682,61
139683,59
139684,62
139685,63
139686,39
139687,84
139688,72
139689,76
139690,16
139691,64
139692,59
139693,73
139694,66
139695,61
139696,60
139697,58
139698,48
139699,66
139700,58
139701,54
139702,30
139703,62
139704,45
139705,43
139706,61
139707,57
139708,65
139709,62
139710,69
139711,63
139712,48
139713,56
139714,75
139715,56
139716,33
139717,68
139718,71
139719,49
139720,46
139721,54
139722,29
139723,56
139724,64
139725,29
139726,75
139727,52
139728,51
139729,65
139730,66
139731,78
139732,45
139733,46
139734,55
139735,54
139736,72
139737,74
139738,79
139739,69
139740,61
139741,67
139742,57
139743,69
139744,57
139745,65
139746,68
139747,61
139748,62
139749,25
139750,60
139751,66
139752,56
139753,51
139754,47
139755,33
139756,51
139757,63
139758,59
139759,59
139760,55
139761,61
139762,70
139763,70
139764,50
139765,59
139766,74
139767,53
139768,68
139769,64
139770,51
139771,69
139772,76
139773,43
139774,29
139775,47
139776,41
139777,68
139778,63
139779,62
139780,51
139781,61
139782,52
139783,42
139784,57
139785,65
139786,85
139787,68
139788,54
139789,79
139790,75
139791,52
139792,63
139793,49
139794,62
139795,42
139796,80
139797,57
139798,62
139799,61
139800,75
139801,61
139802,67
139803,45
139804,75
139805,15
139806,41
139807,47
139808,50
139809,29
139810,63
139811,70
139812,59
139813,66
139814,null
139815,64
139816,66
139817,66
139818,88
139819,60
139820,52
139821,54
139822,77
139823,67
139824,53
139825,58
139826,44
139827,45
139828,null
139829,64
139830,67
139831,64
139832,75
139833,null
139834,61
139835,33
139836,null
139837,29
139838,45
139839,null
139840,57
139841,43
139842,70
139843,70
139844,67
139845,null
139846,33
139847,79
139848,64
139849,69
139850,70
139851,61
139852,58
139853,61
139854,60
139855,75
139856,86
139857,57
139858,62
139859,55
139860,54
139861,57
139862,52
139863,37
139864,52
139865,60
139866,61
139867,61
139868,31
139869,59
139870,57
139871,44
139872,50
139873,59
139874,34
139875,57
139876,41
139877,58
139878,55
139879,48
139880,47
139881,59
139882,75
139883,60
139884,53
139885,52
139886,41
139887,49
139888,52
139889,85
139890,56
139891,36
139892,48
139893,64
139894,58
139895,55
139896,63
139897,28
139898,33
139899,59
139900,46
139901,59
139902,82
139903,69
139904,61
139905,43
139906,75
139907,56
139908,50
139909,55
139910,65
139911,68
139912,67
139913,66
139914,59
139915,63
139916,59
139917,61
139918,58
139919,63
139920,64
139921,65
139922,22
139923,46
139924,26
139925,90
139926,58
139927,75
139928,64
139929,75
139930,55
139931,54
139932,34
139933,63
139934,62
139935,46
139936,72
139937,26
139938,86
139939,65
139940,69
139941,53
139942,67
139943,72
139944,65
139945,68
139946,29
139947,82
139948,48
139949,74
139950,59
139951,65
139952,58
139953,69
139954,56
139955,66
139956,80
139957,64
139958,45
139959,59
139960,61
139961,60
139962,55
139963,30
139964,68
139965,61
139966,70
139967,65
139968,52
139969,74
139970,52
139971,35
139972,63
139973,75
139974,61
139975,68
139976,69
139977,59
139978,71
139979,53
139980,63
139981,64
139982,50
139983,47
139984,59
139985,65
139986,62
139987,53
139988,63
139989,66
139990,63
139991,71
139992,22
139993,69
139994,58
139995,66
139996,47
139997,60
139998,68
139999,57
140000,70
140001,30
140002,82
140003,65
140004,75
140005,65
140006,35
140007,78
140008,81
140009,75
140010,67
140011,67
140012,88
140013,54
140014,23
140015,45
140016,53
140017,59
140018,67
140019,54
140020,68
140021,70
140022,46
140023,53
140024,59
140025,68
140026,75
140027,71
140028,60
140029,71
140030,65
140031,84
140032,61
140033,56
140034,65
140035,62
140036,65
140037,28
140038,81
140039,73
140040,68
140041,75
140042,45
140043,35
140044,39
140045,19
140046,51
140047,20
140048,28
140049,50
140050,69
140051,42
140052,77
140053,58
140054,67
140055,38
140056,57
140057,59
140058,37
140059,73
140060,71
140061,71
140062,71
140063,70
140064,68
140065,22
140066,80
140067,66
140068,95
140069,64
140070,75
140071,90
140072,74
140073,75
140074,43
140075,75
140076,65
140077,56
140078,67
140079,23
140080,64
140081,38
140082,60
140083,50
140084,54
140085,66
140086,69
140087,53
140088,48
140089,20
140090,73
140091,57
140092,74
140093,43
140094,70
140095,57
140096,44
140097,67
140098,67
140099,75
140100,64
140101,80
140102,48
140103,64
140104,63
140105,69
140106,65
140107,63
140108,68
140109,55
140110,70
140111,62
140112,67
140113,64
140114,79
140115,64
140116,22
140117,57
140118,67
140119,45
140120,64
140121,26
140122,67
140123,58
140124,49
140125,43
140126,71
140127,61
140128,70
140129,66
140130,38
140131,69
140132,33
140133,68
140134,70
140135,49
140136,53
140137,52
140138,67
140139,53
140140,69
140141,67
140142,70
140143,48
140144,69
140145,67
140146,68
140147,67
140148,66
140149,75
140150,76
140151,81
140152,63
140153,60
140154,62
140155,59
140156,69
140157,44
140158,63
140159,86
140160,55
140161,46
140162,53
140163,60
140164,53
140165,54
140166,66
140167,66
140168,59
140169,60
140170,65
140171,62
140172,57
140173,66
140174,24
140175,59
140176,64
140177,69
140178,70
140179,48
140180,65
140181,59
140182,72
140183,77
140184,54
140185,65
140186,80
140187,58
140188,57
140189,61
140190,57
140191,80
140192,75
140193,62
140194,40
140195,44
140196,59
140197,65
140198,64
140199,77
140200,83
140201,85
140202,63
140203,58
140204,89
140205,71
140206,49
140207,62
140208,28
140209,62
140210,59
140211,90
140212,69
140213,65
140214,57
140215,68
140216,45
140217,50
140218,73
140219,52
140220,64
140221,50
140222,31
140223,64
140224,65
140225,60
140226,56
140227,59
140228,55
140229,49
140230,43
140231,60
140232,48
140233,55
140234,67
140235,null
140236,57
140237,66
140238,71
140239,33
140240,90
140241,44
140242,56
140243,75
140244,75
140245,59
140246,19
140247,86
140248,65
140249,70
140250,46
140251,64
140252,32
140253,null
140254,null
140255,64
140256,60
140257,85
140258,null
140259,30
140260,31
140261,39
140262,null
140263,56
140264,74
140265,43
140266,51
140267,69
140268,62
140269,65
140270,null
140271,65
140272,72
140273,71
140274,40
140275,66
140276,63
140277,61
140278,57
140279,63
140280,48
140281,null
140282,64
140283,67
140284,48
140285,52
140286,null
140287,18
140288,23
140289,60
140290,56
140291,37
140292,59
140293,67
140294,56
140295,56
140296,35
140297,44
140298,56
140299,45
140300,24
140301,81
140302,35
140303,34
140304,39
140305,56
140306,78
140307,44
140308,49
140309,59
140310,56
140311,55
140312,60
140313,54
140314,53
140315,53
140316,48
140317,73
140318,47
140319,59
140320,52
140321,18
140322,52
140323,39
140324,60
140325,45
140326,25
140327,22
140328,80
140329,57
140330,68
140331,31
140332,22
140333,55
140334,53
140335,65
140336,73
140337,54
140338,59
140339,60
140340,72
140341,77
140342,55
140343,83
140344,49
140345,60
140346,52
140347,69
140348,58
140349,68
140350,57
140351,55
140352,19
140353,47
140354,57
140355,23
140356,64
140357,25
140358,22
140359,68
140360,64
140361,55
140362,69
140363,79
140364,66
140365,40
140366,59
140367,22
140368,34
140369,71
140370,55
140371,23
140372,43
140373,66
140374,64
140375,29
140376,46
140377,69
140378,42
140379,54
140380,31
140381,77
140382,54
140383,60
140384,75
140385,63
140386,55
140387,66
140388,64
140389,46
140390,59
140391,53
140392,53
140393,23
140394,65
140395,82
140396,69
140397,69
140398,71
140399,62
140400,53
140401,63
140402,54
140403,60
140404,63
140405,67
140406,70
140407,56
140408,49
140409,58
140410,61
140411,70
140412,49
140413,61
140414,63
140415,81
140416,72
140417,62
140418,68
140419,53
140420,56
140421,68
140422,58
140423,54
140424,30
140425,79
140426,66
140427,64
140428,39
140429,52
140430,69
140431,55
140432,60
140433,21
140434,63
140435,64
140436,26
140437,65
140438,65
140439,45
140440,64
140441,70
140442,47
140443,85
140444,45
140445,75
140446,47
140447,83
140448,75
140449,65
140450,70
140451,90
140452,52
140453,69
140454,62
140455,61
140456,49
140457,54
140458,81
140459,81
140460,57
140461,84
140462,64
140463,83
140464,56
140465,69
140466,56
140467,59
140468,68
140469,73
140470,63
140471,76
140472,54
140473,78
140474,69
140475,72
140476,74
140477,47
140478,61
140479,67
140480,71
140481,67
140482,71
140483,66
140484,67
140485,74
140486,30
140487,80
140488,65
140489,95
140490,70
140491,76
140492,68
140493,53
140494,75
140495,69
140496,69
140497,49
140498,53
140499,57
140500,76
140501,72
140502,69
140503,67
140504,56
140505,61
140506,30
140507,65
140508,72
140509,62
140510,30
140511,58
140512,59
140513,66
140514,70
140515,63
140516,72
140517,60
140518,54
140519,68
140520,30
140521,34
140522,64
140523,18
140524,63
140525,46
140526,75
140527,63
140528,39
140529,53
140530,75
140531,71
140532,65
140533,70
140534,79
140535,87
140536,65
140537,31
140538,66
140539,55
140540,50
140541,73
140542,64
140543,63
140544,69
140545,67
140546,65
140547,71
140548,48
140549,58
140550,55
140551,68
140552,76
140553,71
140554,61
140555,37
140556,71
140557,22
140558,64
140559,70
140560,23
140561,67
140562,25
140563,71
140564,54
140565,63
140566,61
140567,80
140568,74
140569,73
140570,72
140571,71
140572,54
140573,75
140574,64
140575,42
140576,41
140577,63
140578,61
140579,24
140580,62
140581,71
140582,75
140583,70
140584,71
140585,61
140586,53
140587,75
140588,59
140589,64
140590,57
140591,64
140592,67
140593,55
140594,33
140595,70
140596,58
140597,58
140598,76
140599,57
140600,51
140601,70
140602,62
140603,65
140604,71
140605,56
140606,26
140607,47
140608,31
140609,65
140610,53
140611,59
140612,68
140613,73
140614,57
140615,70
140616,86
140617,86
140618,55
140619,35
140620,51
140621,60
140622,85
140623,46
140624,63
140625,63
140626,53
140627,70
140628,30
140629,69
140630,63
140631,75
140632,53
140633,55
140634,50
140635,78
140636,72
140637,74
140638,75
140639,53
140640,69
140641,71
140642,63
140643,73
140644,28
140645,38
140646,90
140647,68
140648,64
140649,49
140650,54
140651,46
140652,57
140653,30
140654,64
140655,82
140656,57
140657,62
140658,71
140659,40
140660,16
140661,81
140662,58
140663,21
140664,59
140665,42
140666,23
140667,59
140668,80
140669,93
140670,91
140671,75
140672,75
140673,49
140674,60
140675,87
140676,27
140677,80
140678,18
140679,37
140680,25
140681,27
140682,71
140683,69
140684,69
140685,null
140686,65
140687,null
140688,77
140689,null
140690,null
140691,45
140692,null
140693,57
140694,47
140695,69
140696,75
140697,45
140698,59
140699,77
140700,null
140701,67
140702,63
140703,61
140704,null
140705,88
140706,58
140707,68
140708,71
140709,61
140710,18
140711,null
140712,null
140713,50
140714,79
140715,null
140716,null
140717,62
140718,69
140719,54
140720,59
140721,67
140722,71
140723,35
140724,46
140725,null
140726,62
140727,43
140728,37
140729,null
140730,34
140731,38
140732,37
140733,52
140734,74
140735,30
140736,57
140737,56
140738,42
140739,36
140740,68
140741,19
140742,51
140743,48
140744,24
140745,49
140746,80
140747,55
140748,53
140749,70
140750,68
140751,49
140752,44
140753,72
140754,26
140755,39
140756,16
140757,20
140758,42
140759,15
140760,43
140761,69
140762,43
140763,40
140764,58
140765,23
140766,21
140767,52
140768,39
140769,44
140770,45
140771,24
140772,70
140773,55
140774,43
140775,58
140776,21
140777,23
140778,39
140779,78
140780,44
140781,65
140782,42
140783,58
140784,60
140785,66
140786,68
140787,60
140788,33
140789,53
140790,84
140791,46
140792,25
140793,33
140794,67
140795,44
140796,18
140797,63
140798,53
140799,22
140800,44
140801,50
140802,82
140803,37
140804,48
140805,36
140806,56
140807,83
140808,69
140809,50
140810,60
140811,49
140812,39
140813,32
140814,39
140815,19
140816,50
140817,39
140818,25
140819,51
140820,55
140821,32
140822,48
140823,85
140824,63
140825,52
140826,37
140827,74
140828,59
140829,20
140830,67
140831,63
140832,57
140833,66
140834,40
140835,61
140836,53
140837,54
140838,67
140839,49
140840,44
140841,62
140842,61
140843,22
140844,68
140845,52
140846,80
140847,51
140848,56
140849,52
140850,59
140851,63
140852,60
140853,85
140854,60
140855,55
140856,47
140857,64
140858,66
140859,75
140860,51
140861,54
140862,72
140863,67
140864,45
140865,63
140866,61
140867,52
140868,54
140869,48
140870,66
140871,61
140872,67
140873,39
140874,58
140875,55
140876,63
140877,57
140878,65
140879,43
140880,48
140881,65
140882,63
140883,82
140884,61
140885,62
140886,59
140887,65
140888,42
140889,65
140890,57
140891,68
140892,76
140893,49
140894,55
140895,41
140896,29
140897,15
140898,55
140899,60
140900,47
140901,66
140902,70
140903,62
140904,53
140905,75
140906,42
140907,33
140908,53
140909,75
140910,65
140911,75
140912,87
140913,64
140914,52
140915,47
140916,58
140917,64
140918,60
140919,85
140920,61
140921,74
140922,81
140923,69
140924,57
140925,69
140926,68
140927,61
140928,66
140929,69
140930,46
140931,45
140932,75
140933,62
140934,95
140935,76
140936,62
140937,54
140938,48
140939,58
140940,60
140941,63
140942,65
140943,57
140944,48
140945,44
140946,72
140947,67
140948,81
140949,66
140950,80
140951,23
140952,57
140953,56
140954,47
140955,69
140956,21
140957,43
140958,67
140959,47
140960,17
140961,72
140962,53
140963,21
140964,82
140965,70
140966,66
140967,75
140968,51
140969,39
140970,75
140971,63
140972,72
140973,63
140974,54
140975,66
140976,75
140977,52
140978,63
140979,52
140980,62
140981,62
140982,58
140983,44
140984,75
140985,53
140986,47
140987,87
140988,38
140989,78
140990,69
140991,69
140992,65
140993,53
140994,75
140995,61
140996,55
140997,56
140998,69
140999,59
141000,67
141001,52
141002,69
141003,64
141004,67
141005,60
141006,55
141007,66
141008,50
141009,53
141010,21
141011,29
141012,62
141013,58
141014,65
141015,57
141016,70
141017,75
141018,80
141019,64
141020,80
141021,68
141022,69
141023,64
141024,64
141025,45
141026,53
141027,23
141028,51
141029,63
141030,55
141031,30
141032,62
141033,62
141034,68
141035,38
141036,66
141037,57
141038,64
141039,64
141040,52
141041,46
141042,61
141043,58
141044,61
141045,54
141046,65
141047,66
141048,53
141049,71
141050,56
141051,55
141052,69
141053,16
141054,57
141055,48
141056,44
141057,52
141058,68
141059,55
141060,51
141061,69
141062,56
141063,60
141064,39
141065,71
141066,64
141067,77
141068,47
141069,81
141070,43
141071,60
141072,55
141073,15
141074,29
141075,80
141076,83
141077,32
141078,60
141079,72
141080,39
141081,60
141082,47
141083,62
141084,60
141085,57
141086,55
141087,70
141088,54
141089,66
141090,60
141091,69
141092,62
141093,75
141094,67
141095,57
141096,74
141097,53
141098,86
141099,75
141100,73
141101,66
141102,65
141103,90
141104,48
141105,60
141106,66
141107,28
141108,66
141109,42
141110,76
141111,36
141112,65
141113,53
141114,59
141115,63
141116,66
141117,93
141118,79
141119,58
141120,null
141121,21
141122,65
141123,45
141124,58
141125,70
141126,22
141127,58
141128,66
141129,61
141130,74
141131,29
141132,50
141133,60
141134,75
141135,59
141136,null
141137,59
141138,60
141139,77
141140,18
141141,49
141142,54
141143,38
141144,60
141145,null
141146,18
141147,null
141148,83
141149,null
141150,30
141151,61
141152,61
141153,62
141154,49
141155,24
141156,null
141157,null
141158,62
141159,59
141160,70
141161,null
141162,null
141163,65
141164,null
141165,62
141166,61
141167,85
141168,48
141169,77
141170,60
141171,17
141172,55
141173,25
141174,26
141175,54
141176,61
141177,40
141178,39
141179,45
141180,75
141181,34
141182,55
141183,19
141184,43
141185,58
141186,22
141187,24
141188,23
141189,64
141190,87
141191,60
141192,75
141193,75
141194,47
141195,75
141196,56
141197,80
141198,17
141199,23
141200,15
141201,57
141202,40
141203,55
141204,52
141205,19
141206,24
141207,21
141208,22
141209,53
141210,40
141211,57
141212,55
141213,53
141214,66
141215,18
141216,16
141217,37
141218,26
141219,67
141220,53
141221,56
141222,25
141223,21
141224,46
141225,40
141226,57
141227,48
141228,64
141229,44
141230,68
141231,56
141232,60
141233,55
141234,20
141235,40
141236,53
141237,24
141238,65
141239,67
141240,66
141241,43
141242,73
141243,20
141244,47
141245,26
141246,63
141247,37
141248,71
141249,88
141250,40
141251,26
141252,23
141253,15
141254,54
141255,25
141256,40
141257,47
141258,58
141259,16
141260,24
141261,54
141262,58
141263,77
141264,59
141265,48
141266,25
141267,59
141268,85
141269,28
141270,40
141271,20
141272,19
141273,80
141274,49
141275,38
141276,81
141277,57
141278,64
141279,45
141280,56
141281,17
141282,32
141283,25
141284,62
141285,45
141286,71
141287,47
141288,20
141289,46
141290,53
141291,37
141292,45
141293,60
141294,59
141295,55
141296,56
141297,17
141298,46
141299,37
141300,43
141301,61
141302,40
141303,53
141304,48
141305,63
141306,40
141307,44
141308,47
141309,66
141310,80
141311,58
141312,44
141313,17
141314,14
141315,16
141316,59
141317,63
141318,54
141319,26
141320,43
141321,24
141322,60
141323,36
141324,75
141325,55
141326,55
141327,66
141328,40
141329,21
141330,21
141331,18
141332,59
141333,81
141334,18
141335,21
141336,37
141337,45
141338,59
141339,64
141340,65
141341,47
141342,64
141343,74
141344,83
141345,68
141346,66
141347,47
141348,60
141349,62
141350,37
141351,67
141352,32
141353,13
141354,37
141355,44
141356,60
141357,61
141358,26
141359,66
141360,22
141361,16
141362,40
141363,14
141364,63
141365,47
141366,66
141367,75
141368,74
141369,64
141370,75
141371,55
141372,85
141373,89
141374,75
141375,23
141376,79
141377,72
141378,80
141379,62
141380,47
141381,76
141382,63
141383,40
141384,70
141385,47
141386,14
141387,21
141388,66
141389,41
141390,56
141391,38
141392,23
141393,32
141394,82
141395,54
141396,75
141397,53
141398,44
141399,40
141400,68
141401,54
141402,93
141403,22
141404,65
141405,90
141406,56
141407,45
141408,18
141409,72
141410,66
141411,46
141412,20
141413,21
141414,38
141415,56
141416,60
141417,64
141418,47
141419,21
141420,78
141421,23
141422,45
141423,17
141424,21
141425,78
141426,49
141427,57
141428,22
141429,75
141430,48
141431,47
141432,66
141433,17
141434,15
141435,65
141436,46
141437,57
141438,71
141439,15
141440,54
141441,91
141442,36
141443,67
141444,71
141445,20
141446,66
141447,52
141448,52
141449,23
141450,19
141451,58
141452,38
141453,48
141454,65
141455,54
141456,62
141457,38
141458,59
141459,75
141460,47
141461,64
141462,41
141463,18
141464,47
141465,23
141466,66
141467,79
141468,80
141469,15
141470,84
141471,20
141472,35
141473,75
141474,65
141475,62
141476,74
141477,46
141478,59
141479,55
141480,23
141481,25
141482,25
141483,55
141484,55
141485,47
141486,22
141487,75
141488,59
141489,23
141490,44
141491,71
141492,46
141493,52
141494,67
141495,37
141496,73
141497,40
141498,72
141499,55
141500,66
141501,61
141502,75
141503,25
141504,75
141505,64
141506,56
141507,68
141508,55
141509,85
141510,66
141511,25
141512,69
141513,26
141514,48
141515,62
141516,75
141517,44
141518,69
141519,40
141520,75
141521,90
141522,61
141523,24
141524,19
141525,36
141526,46
141527,19
141528,20
141529,44
141530,79
141531,66
141532,22
141533,46
141534,19
141535,47
141536,19
141537,25
141538,55
141539,76
141540,52
141541,80
141542,30
141543,66
141544,88
141545,75
141546,63
141547,75
141548,39
141549,67
141550,28
141551,86
141552,47
141553,73
141554,50
141555,55
141556,46
141557,65
141558,66
141559,46
141560,25
141561,61
141562,40
141563,80
141564,19
141565,65
141566,51
141567,80
141568,55
141569,85
141570,47
141571,44
141572,66
141573,21
141574,67
141575,95
141576,80
141577,71
141578,66
141579,94
141580,21
141581,75
141582,73
141583,41
141584,26
141585,67
141586,44
141587,36
141588,47
141589,56
141590,67
141591,60
141592,55
141593,71
141594,54
141595,26
141596,24
141597,45
141598,43
141599,25
141600,47
141601,40
141602,17
141603,61
141604,64
141605,30
141606,14
141607,48
141608,79
141609,48
141610,50
141611,46
141612,25
141613,66
141614,59
141615,56
141616,20
141617,69
141618,46
141619,59
141620,32
141621,46
141622,40
141623,75
141624,40
141625,24
141626,55
141627,50
141628,39
141629,30
141630,54
141631,55
141632,31
141633,39
141634,39
141635,46
141636,50
141637,75
141638,24
141639,20
141640,59
141641,64
141642,65
141643,24
141644,61
141645,21
141646,62
141647,67
141648,22
141649,21
141650,24
141651,22
141652,26
141653,23
141654,26
141655,25
141656,39
141657,26
141658,34
141659,62
141660,19
141661,22
141662,25
141663,65
141664,25
141665,54
141666,24
141667,22
141668,39
141669,23
141670,70
141671,20
141672,55
141673,40
141674,25
141675,21
141676,85
141677,22
141678,24
141679,46
141680,55
141681,23
141682,39
141683,24
141684,24
141685,22
141686,15
141687,15
141688,30
141689,69
141690,68
141691,25
141692,40
141693,15
141694,25
141695,20
141696,62
141697,22
141698,46
141699,21
141700,39
141701,25
141702,24
141703,18
141704,24
141705,75
141706,48
141707,66
141708,46
141709,48
141710,46
141711,49
141712,49
141713,33
141714,86
141715,80
141716,39
141717,23
141718,46
141719,23
141720,14
141721,56
141722,37
141723,39
141724,40
141725,24
141726,49
141727,17
141728,25
141729,17
141730,54
141731,40
141732,39
141733,24
141734,75
141735,48
141736,39
141737,25
141738,66
141739,26
141740,66
141741,54
141742,26
141743,59
141744,61
141745,56
141746,35
141747,75
141748,14
141749,69
141750,23
141751,18
141752,16
141753,23
141754,48
141755,40
141756,56
141757,21
141758,18
141759,46
141760,39
141761,62
141762,22
141763,71
141764,26
141765,16
141766,17
141767,56
141768,53
141769,40
141770,22
141771,61
141772,23
141773,20
141774,34
141775,25
141776,40
141777,39
141778,39
141779,46
141780,39
141781,46
141782,62
141783,24
141784,46
141785,21
141786,49
141787,49
141788,20
141789,40
141790,56
141791,32
141792,17
141793,24
141794,25
141795,39
141796,46
141797,21
141798,46
141799,46
141800,40
141801,31
141802,26
141803,61
141804,40
141805,61
141806,75
141807,33
141808,46
141809,21
141810,62
141811,49
141812,57
141813,66
141814,21
141815,23
141816,75
141817,40
141818,44
141819,40
141820,60
141821,17
141822,54
141823,22
141824,47
141825,46
141826,48
141827,88
141828,46
141829,39
141830,20
141831,33
141832,46
141833,62
141834,60
141835,80
141836,60
141837,65
141838,13
141839,34
141840,49
141841,21
141842,22
141843,51
141844,68
141845,17
141846,23
141847,64
141848,25
141849,21
141850,46
141851,17
141852,40
141853,96
141854,46
141855,66
141856,80
141857,26
141858,22
141859,40
141860,55
141861,49
141862,33
141863,14
141864,24
141865,23
141866,39
141867,62
141868,40
141869,46
141870,22
141871,17
141872,13
141873,46
141874,22
141875,17
141876,23
141877,25
141878,46
141879,26
141880,90
141881,55
141882,88
141883,55
141884,39
141885,46
141886,14
141887,75
141888,56
141889,21
141890,46
141891,22
141892,76
141893,61
141894,62
141895,25
141896,52
141897,23
141898,24
141899,32
141900,65
141901,46
141902,25
141903,46
141904,39
141905,46
141906,60
141907,48
141908,61
141909,61
141910,23
141911,39
141912,20
141913,48
141914,22
141915,14
141916,56
141917,24
141918,39
141919,76
141920,65
141921,25
141922,79
141923,46
141924,56
141925,41
141926,46
141927,53
141928,80
141929,49
141930,75
141931,22
141932,69
141933,24
141934,46
141935,79
141936,31
141937,46
141938,60
141939,75
141940,17
141941,57
141942,21
141943,65
141944,39
141945,16
141946,52
141947,34
141948,39
141949,80
141950,65
141951,46
141952,71
141953,21
141954,25
141955,22
141956,46
141957,24
141958,21
141959,19
141960,46
141961,64
141962,46
141963,31
141964,75
141965,46
141966,71
141967,48
141968,25
141969,62
141970,72
141971,57
141972,49
141973,62
141974,67
141975,65
141976,50
141977,23
141978,71
141979,48
141980,60
141981,48
141982,26
141983,20
141984,49
141985,62
141986,60
141987,67
141988,26
141989,79
141990,49
141991,24
141992,67
141993,46
141994,43
141995,82
141996,80
141997,71
141998,17
141999,96
142000,23
142001,50
142002,50
142003,25
142004,79
142005,32
142006,15
142007,25
142008,31
142009,18
142010,63
142011,62
142012,56
142013,75
142014,57
142015,32
142016,49
142017,46
142018,19
142019,14
142020,46
142021,48
142022,64
142023,49
142024,60
142025,74
142026,69
142027,26
142028,25
142029,21
142030,19
142031,62
142032,75
142033,46
142034,23
142035,57
142036,15
142037,57
142038,33
142039,25
142040,46
142041,46
142042,73
142043,40
142044,70
142045,17
142046,40
142047,39
142048,48
142049,45
142050,48
142051,46
142052,73
142053,39
142054,75
142055,32
142056,49
142057,68
142058,75
142059,56
142060,43
142061,71
142062,25
142063,13
142064,24
142065,54
142066,40
142067,48
142068,56
142069,46
142070,23
142071,22
142072,23
142073,39
142074,39
142075,25
142076,22
142077,40
142078,46
142079,24
142080,46
142081,23
142082,70
142083,48
142084,39
142085,53
142086,62
142087,23
142088,56
142089,25
142090,54
142091,75
142092,53
142093,19
142094,21
142095,48
142096,68
142097,59
142098,46
142099,48
142100,21
142101,55
142102,23
142103,14
142104,24
142105,19
142106,51
142107,75
142108,48
142109,39
142110,82
142111,59
142112,24
142113,39
142114,21
142115,26
142116,39
142117,60
142118,39
142119,29
142120,40
142121,21
142122,55
142123,65
142124,21
142125,56
142126,24
142127,46
142128,19
142129,54
142130,65
142131,22
142132,22
142133,23
142134,46
142135,46
142136,23
142137,60
142138,31
142139,67
142140,71
142141,18
142142,40
142143,39
142144,25
142145,82
142146,75
142147,24
142148,49
142149,75
142150,46
142151,26
142152,45
142153,61
142154,39
142155,46
142156,39
142157,55
142158,80
142159,46
142160,18
142161,46
142162,22
142163,58
142164,56
142165,21
142166,32
142167,16
142168,75
142169,39
142170,22
142171,44
142172,22
142173,55
142174,18
142175,13
142176,22
142177,22
142178,32
142179,50
142180,39
142181,17
142182,14
142183,21
142184,62
142185,25
142186,77
142187,64
142188,48
142189,78
142190,24
142191,13
142192,22
142193,73
142194,81
142195,55
142196,21
142197,31
142198,23
142199,49
142200,66
142201,26
142202,39
142203,25
142204,46
142205,13
142206,64
142207,17
142208,22
142209,18
142210,13
142211,23
142212,16
142213,55
142214,46
142215,23
142216,15
142217,32
142218,70
142219,17
142220,18
142221,26
142222,21
142223,24
142224,69
142225,46
142226,75
142227,24
142228,14
142229,75
142230,46
142231,48
142232,71
142233,40
142234,48
142235,56
142236,20
142237,46
142238,48
142239,45
142240,55
142241,21
142242,65
142243,26
142244,31
142245,23
142246,23
142247,56
142248,48
142249,45
142250,24
142251,23
142252,64
142253,83
142254,74
142255,60
142256,62
142257,19
142258,76
142259,48
142260,32
142261,22
142262,49
142263,22
142264,40
142265,92
142266,16
142267,56
142268,20
142269,65
142270,83
142271,50
142272,39
142273,39
142274,26
142275,60
142276,46
142277,40
142278,75
142279,20
142280,39
142281,22
142282,49
142283,40
142284,39
142285,56
142286,22
142287,39
142288,57
142289,46
142290,72
142291,63
142292,31
142293,78
142294,39
142295,46
142296,62
142297,46
142298,26
142299,17
142300,55
142301,46
142302,25
142303,19
142304,78
142305,40
142306,65
142307,26
142308,55
142309,55
142310,73
142311,46
142312,31
142313,68
142314,29
142315,32
142316,48
142317,46
142318,25
142319,81
142320,31
142321,46
142322,46
142323,78
142324,65
142325,20
142326,64
142327,68
142328,50
142329,18
142330,25
142331,23
142332,19
142333,52
142334,56
142335,20
142336,14
142337,62
142338,80
142339,46
142340,41
142341,56
142342,39
142343,46
142344,21
142345,56
142346,23
142347,53
142348,62
142349,62
142350,56
142351,16
142352,20
142353,90
142354,73
142355,56
142356,75
142357,21
142358,40
142359,36
142360,56
142361,80
142362,75
142363,75
142364,46
142365,22
142366,65
142367,62
142368,50
142369,43
142370,39
142371,60
142372,33
142373,82
142374,21
142375,23
142376,15
142377,50
142378,23
142379,25
142380,25
142381,68
142382,22
142383,48
142384,46
142385,20
142386,49
142387,25
142388,46
142389,75
142390,55
142391,20
142392,55
142393,39
142394,40
142395,25
142396,51
142397,22
142398,54
142399,57
142400,22
142401,83
142402,60
142403,66
142404,62
142405,75
142406,55
142407,89
142408,55
142409,82
142410,59
142411,43
142412,25
142413,21
142414,22
142415,46
142416,26
142417,40
142418,39
142419,18
142420,26
142421,48
142422,93
142423,64
142424,23
142425,59
142426,39
142427,75
142428,25
142429,39
142430,47
142431,25
142432,46
142433,56
142434,24
142435,24
142436,46
142437,25
142438,65
142439,40
142440,21
142441,46
142442,62
142443,74
142444,57
142445,23
142446,16
142447,20
142448,16
142449,46
142450,46
142451,63
142452,61
142453,21
142454,61
142455,23
142456,39
142457,56
142458,16
142459,48
142460,76
142461,37
142462,15
142463,20
142464,61
142465,69
142466,26
142467,25
142468,80
142469,40
142470,40
142471,53
142472,21
142473,32
142474,75
142475,18
142476,26
142477,39
142478,87
142479,50
142480,75
142481,80
142482,46
142483,66
142484,49
142485,26
142486,57
142487,39
142488,75
142489,75
142490,53
142491,14
142492,46
142493,39
142494,24
142495,25
142496,32
142497,50
142498,65
142499,39
142500,25
142501,21
142502,24
142503,55
142504,70
142505,18
142506,24
142507,21
142508,22
142509,25
142510,24
142511,46
142512,46
142513,19
142514,23
142515,55
142516,25
142517,80
142518,40
142519,21
142520,16
142521,61
142522,75
142523,49
142524,40
142525,24
142526,13
142527,26
142528,73
142529,63
142530,24
142531,56
142532,50
142533,55
142534,46
142535,37
142536,19
142537,20
142538,23
142539,25
142540,58
142541,24
142542,20
142543,25
142544,16
142545,40
142546,39
142547,25
142548,21
142549,71
142550,25
142551,37
142552,40
142553,79
142554,23
142555,22
142556,39
142557,40
142558,86
142559,25
142560,20
142561,26
142562,66
142563,25
142564,21
142565,56
142566,54
142567,41
142568,56
142569,55
142570,46
142571,46
142572,23
142573,46
142574,61
142575,24
142576,31
142577,59
142578,25
142579,63
142580,23
142581,18
142582,26
142583,17
142584,25
142585,46
142586,75
142587,49
142588,63
142589,41
142590,75
142591,60
142592,47
142593,75
142594,20
142595,46
142596,61
142597,81
142598,40
142599,26
142600,25
142601,25
142602,40
142603,46
142604,22
142605,56
142606,18
142607,46
142608,22
142609,54
142610,67
142611,20
142612,17
142613,19
142614,23
142615,22
142616,16
142617,19
142618,13
142619,18
142620,56
142621,39
142622,49
142623,65
142624,25
142625,40
142626,66
142627,26
142628,66
142629,40
142630,71
142631,61
142632,19
142633,43
142634,16
142635,50
142636,23
142637,32
142638,48
142639,26
142640,14
142641,46
142642,39
142643,31
142644,25
142645,25
142646,39
142647,14
142648,18
142649,21
142650,22
142651,46
142652,55
142653,55
142654,14
142655,55
142656,61
142657,16
142658,46
142659,46
142660,40
142661,39
142662,59
142663,71
142664,21
142665,50
142666,56
142667,46
142668,24
142669,75
142670,46
142671,65
142672,39
142673,50
142674,50
142675,23
142676,40
142677,49
142678,21
142679,20
142680,32
142681,56
142682,58
142683,55
142684,71
142685,75
142686,40
142687,34
142688,68
142689,46
142690,61
142691,46
142692,46
142693,55
142694,40
142695,96
142696,46
142697,72
142698,17
142699,66
142700,77
142701,50
142702,49
142703,21
142704,75
142705,47
142706,60
142707,39
142708,40
142709,55
142710,48
142711,31
142712,56
142713,48
142714,39
142715,20
142716,23
142717,46
142718,71
142719,20
142720,69
142721,72
142722,46
142723,80
142724,21
142725,39
142726,67
142727,61
142728,55
142729,46
142730,66
142731,63
142732,31
142733,22
142734,46
142735,39
142736,15
142737,18
142738,46
142739,55
142740,25
142741,48
142742,14
142743,24
142744,18
142745,16
142746,70
142747,56
142748,42
142749,23
142750,69
142751,63
142752,57
142753,73
142754,16
142755,19
142756,46
142757,46
142758,15
142759,48
142760,23
142761,46
142762,62
142763,25
142764,15
142765,46
142766,15
142767,50
142768,56
142769,56
142770,50
142771,73
142772,79
142773,56
142774,15
142775,40
142776,47
142777,75
142778,46
142779,62
142780,19
142781,61
142782,65
142783,49
142784,40
142785,24
142786,56
142787,71
142788,43
142789,22
142790,55
142791,20
142792,55
142793,21
142794,46
142795,20
142796,25
142797,49
142798,25
142799,80
142800,25
142801,49
142802,75
142803,46
142804,21
142805,26
142806,25
142807,23
142808,75
142809,49
142810,53
142811,39
142812,39
142813,41
142814,81
142815,20
142816,75
142817,24
142818,22
142819,75
142820,59
142821,15
142822,40
142823,23
142824,75
142825,53
142826,55
142827,26
142828,76
142829,46
142830,56
142831,69
142832,46
142833,43
142834,91
142835,55
142836,22
142837,62
142838,94
142839,69
142840,83
142841,64
142842,63
142843,52
142844,24
142845,46
142846,46
142847,49
142848,40
142849,71
142850,53
142851,40
142852,40
142853,16
142854,62
142855,60
142856,75
142857,65
142858,25
142859,25
142860,22
142861,56
142862,46
142863,20
142864,90
142865,76
142866,23
142867,24
142868,68
142869,69
142870,39
142871,46
142872,55
142873,23
142874,69
142875,46
142876,59
142877,55
142878,89
142879,40
142880,21
142881,20
142882,21
142883,47
142884,24
142885,50
142886,19
142887,63
142888,52
142889,49
142890,16
142891,56
142892,41
142893,66
142894,47
142895,39
142896,24
142897,26
142898,13
142899,81
142900,21
142901,46
142902,75
142903,49
142904,22
142905,67
142906,55
142907,72
142908,39
142909,20
142910,55
142911,67
142912,48
142913,73
142914,64
142915,19
142916,17
142917,46
142918,26
142919,25
142920,46
142921,69
142922,71
142923,40
142924,46
142925,56
142926,46
142927,23
142928,71
142929,50
142930,22
142931,59
142932,23
142933,22
142934,22
142935,48
142936,57
142937,75
142938,24
142939,66
142940,24
142941,20
142942,60
142943,19
142944,50
142945,50
142946,24
142947,48
142948,53
142949,46
142950,18
142951,75
142952,24
142953,25
142954,46
142955,24
142956,22
142957,39
142958,48
142959,39
142960,46
142961,55
142962,64
142963,46
142964,16
142965,50
142966,26
142967,20
142968,21
142969,54
142970,26
142971,19
142972,55
142973,39
142974,64
142975,46
142976,40
142977,50
142978,31
142979,64
142980,17
142981,46
142982,24
142983,51
142984,22
142985,54
142986,22
142987,25
142988,21
142989,73
142990,40
142991,56
142992,25
142993,23
142994,39
142995,46
142996,56
142997,46
142998,31
142999,75
143000,39
143001,21
143002,75
143003,63
143004,68
143005,67
143006,57
143007,15
143008,26
143009,46
143010,25
143011,62
143012,23
143013,19
143014,72
143015,65
143016,25
143017,49
143018,20
143019,63
143020,48
143021,47
143022,45
143023,52
143024,47
143025,20
143026,38
143027,24
143028,16
143029,21
143030,45
143031,75
143032,39
143033,54
143034,75
143035,60
143036,65
143037,59
143038,22
143039,55
143040,47
143041,60
143042,68
143043,45
143044,19
143045,25
143046,57
143047,54
143048,20
143049,25
143050,45
143051,23
143052,45
143053,18
143054,63
143055,39
143056,49
143057,25
143058,74
143059,24
143060,46
143061,54
143062,66
143063,49
143064,18
143065,21
143066,22
143067,39
143068,38
143069,24
143070,39
143071,70
143072,64
143073,24
143074,22
143075,19
143076,75
143077,58
143078,45
143079,24
143080,33
143081,64
143082,25
143083,46
143084,25
143085,25
143086,45
143087,47
143088,47
143089,25
143090,37
143091,25
143092,25
143093,54
143094,47
143095,39
143096,15
143097,13
143098,39
143099,48
143100,33
143101,23
143102,19
143103,40
143104,32
143105,56
143106,22
143107,21
143108,43
143109,66
143110,64
143111,21
143112,21
143113,21
143114,51
143115,14
143116,39
143117,17
143118,18
143119,49
143120,24
143121,49
143122,31
143123,40
143124,13
143125,54
143126,67
143127,45
143128,55
143129,25
143130,45
143131,75
143132,46
143133,22
143134,23
143135,25
143136,25
143137,68
143138,17
143139,47
143140,40
143141,19
143142,25
143143,55
143144,55
143145,23
143146,75
143147,40
143148,75
143149,39
143150,24
143286,24
143287,46
143288,39
143289,60
143290,20
143291,47
143292,40
143293,58
143294,39
143295,21
143296,56
143297,26
143298,68
143299,22
143300,25
143301,51
143302,76
143303,46
143304,69
143305,68
143306,55
143307,15
143308,50
143309,24
143310,40
143311,55
143312,40
143313,16
143314,22
143315,25
143316,80
143317,54
143318,46
143319,17
143320,19
143321,40
143322,17
143323,49
143324,25
143325,46
143326,23
143327,50
143328,40
143329,25
143330,17
143331,46
143332,51
143333,24
143334,20
143335,14
143336,55
143337,46
143338,58
143339,20
143340,49
143341,15
143342,20
143343,66
143344,40
143345,46
143346,77
143347,18
143348,24
143349,19
143350,75
143351,17
143352,46
143353,62
143354,65
143355,13
143356,13
143357,22
143358,50
143359,62
143360,14
143361,46
143362,62
143363,19
143364,40
143365,60
143366,21
143367,57
143368,14
143369,22
143370,56
143371,40
143372,97
143373,56
143374,61
143375,64
143376,21
143377,40
143378,40
143379,40
143380,46
143381,46
143382,21
143383,18
143384,90
143385,49
143386,21
143387,24
143388,75
143389,55
143390,25
143391,63
143392,21
143393,40
143394,56
143395,71
143396,47
143397,75
143398,46
143399,60
143400,50
143401,25
143402,21
143403,61
143404,22
143405,46
143406,65
143407,14
143408,19
143409,15
143410,50
143411,57
143412,50
143413,17
143414,41
143415,25
143416,46
143417,74
143418,62
143419,54
143420,70
143421,49
143422,56
143423,43
143424,23
143425,31
143426,21
143427,54
143428,66
143429,56
143430,56
143431,25
143432,46
143433,46
143434,39
143435,22
143436,18
143437,41
143438,20
143439,24
143440,40
143441,48
143442,62
143443,51
143444,25
143445,25
143446,18
143447,75
143448,24
143449,60
143450,49
143451,50
143452,46
143453,20
143454,25
143455,56
143456,19
143457,24
143458,40
143459,25
143460,76
143461,57
143462,46
143463,70
143464,22
143465,55
143466,56
143467,39
143468,49
143469,32
143470,18
143471,24
143472,69
143473,53
143474,21
143475,66
143476,25
143477,39
143478,23
143479,20
143480,32
143481,18
143482,55
143483,47
143484,15
143485,24
143486,34
143487,62
143488,25
143489,75
143490,25
143491,49
143492,21
143493,25
143494,49
143495,75
143496,25
143497,69
143498,21
143499,23
143500,69
143501,40
143502,69
143503,57
143504,56
143505,78
143506,18
143507,46
143508,90
143509,75
143510,77
143511,51
143512,75
143513,57
143514,75
143515,46
143516,32
143517,26
143518,18
143519,64
143520,26
143521,66
143522,82
143523,63
143524,56
143525,47
143526,96
143527,21
143528,89
143529,70
143530,62
143531,26
143532,14
143533,56
143534,21
143535,82
143536,40
143537,22
143538,56
143539,50
143540,47
143541,55
143542,61
143543,75
143544,55
143545,40
143546,23
143547,47
143548,54
143549,21
143550,46
143551,21
143552,42
143553,84
143554,60
143555,24
143556,55
143557,46
143558,55
143559,18
143560,67
143561,40
143562,48
143563,48
143564,60
143565,70
143566,57
143567,46
143568,69
143569,55
143570,82
143571,79
143572,50
143708,17
143709,32
143710,75
143711,64
143712,73
143713,29
143714,67
143715,64
143716,54
143717,24
143718,21
143719,25
143720,45
143721,45
143722,63
143723,22
143724,38
143725,55
143726,49
143727,16
143728,13
143729,22
143730,47
143731,39
143732,87
143733,39
143734,32
143735,22
143736,23
143737,24
143738,45
143739,57
143740,47
143741,22
143742,23
143743,45
143744,57
143745,54
143746,61
143747,15
143748,31
143749,38
143750,31
143751,38
143752,24
143753,16
143754,25
143755,39
143756,32
143757,31
143758,26
143759,48
143760,64
143761,49
143762,21
143763,23
143764,39
143765,39
143766,20
143767,15
143768,24
143769,18
143770,39
143771,22
143772,58
143773,71
143774,45
143775,16
143776,20
143777,55
143778,19
143779,25
143780,17
143781,39
143782,25
143783,72
143784,15
143785,15
143786,63
143787,62
143788,14
143789,25
143790,23
143791,22
143792,29
143793,17
143794,48
143795,49
143796,56
143797,25
143798,23
143799,61
143800,45
143801,19
143802,19
143803,50
143804,14
143805,49
143806,55
143807,39
143808,94
143809,60
143810,80
143811,54
143812,54
143813,30
143814,49
143815,23
143816,21
143817,60
143818,25
143819,45
143820,23
143821,75
143822,21
143823,62
143824,23
143825,55
143826,49
143827,64
143828,45
143829,13
143830,60
143831,57
143832,45
143833,76
143834,57
143835,45
143836,48
143837,64
143838,60
143839,25
143840,14
143841,24
143842,25
143843,23
143844,55
143845,39
143846,23
143847,45
143848,45
143849,49
143850,60
143851,16
143852,49
143853,57
143854,75
143855,25
143856,46
143857,73
143858,74
143859,38
143860,41
143861,49
143862,24
143863,22
143864,45
143865,24
143866,54
143867,24
143868,49
143869,54
143870,14
143871,23
143872,47
143873,68
143874,67
143875,68
143876,58
143877,25
143878,39
143879,61
143880,64
143881,58
143882,24
143883,75
143884,48
143885,45
143886,21
143887,39
143888,14
143889,55
143890,25
143891,77
143892,60
143893,53
143894,23
143895,64
143896,42
143897,66
143898,60
143899,52
143900,59
143901,79
143902,75
143903,46
143904,55
143905,52
143906,53
143907,67
143908,45
143909,79
143910,23
143911,64
143912,70
143913,39
143914,60
143915,21
143916,55
143917,22
143918,39
143919,25
143920,47
143921,86
143922,66
143923,54
143924,24
143925,49
143926,75
143927,86
143928,72
143929,22
143930,68
143931,45
143932,60
143933,16
143934,53
143935,24
143936,20
143937,75
143938,24
143939,85
143940,53
143941,45
143942,45
143943,62
143944,73
143945,78
143946,80
143947,49
143948,45
143949,63
143950,55
143951,54
143952,45
143953,95
143954,38
143955,62
143956,22
143957,69
143958,23
143959,23
143960,24
143961,18
143962,48
143963,25
143964,15
143965,45
143966,61
143967,45
143968,54
143969,75
143970,39
143971,22
143972,20
143973,19
143974,40
143975,63
143976,49
143977,62
143978,54
143979,73
143980,55
143981,55
143982,25
143983,48
143984,16
143985,86
143986,66
143987,61
143988,59
143989,88
143990,59
143991,23
143992,null
143993,null
143994,null
143995,54
143996,75
143997,68
143998,31
143999,67
144000,67
144001,56
144002,68
144003,65
144004,66
144005,72
144006,67
144007,57
144008,78
144009,57
144010,42
144011,42
144012,51
144013,42
144014,65
144015,27
144016,47
144017,44
144018,56
144019,57
144020,75
144021,53
144022,33
144023,59
144024,66
144025,37
144026,34
144027,57
144028,37
144029,47
144030,37
144031,56
144032,54
144033,61
144034,75
144035,59
144036,53
144037,54
144038,57
144039,48
144040,15
144041,57
144042,65
144043,50
144045,66
144046,56
144047,64
144048,49
144049,62
144050,59
144051,63
144052,73
144053,60
144054,56
144055,62
144056,39
144057,47
144058,25
144059,28
144060,49
144061,70
144062,75
144063,54
144064,65
144065,68
144066,79
144067,39
144068,62
144069,74
144070,66
144071,65
144072,83
144073,65
144074,25
144075,73
144076,58
144077,50
144078,59
144079,60
144080,51
144081,47
144082,69
144083,60
144084,52
144085,46
144086,63
144087,59
144088,72
144089,55
144090,58
144091,63
144092,61
144093,40
144094,54
144095,62
144096,52
144097,62
144098,65
144099,49
144100,56
144101,66
144102,56
144103,45
144104,47
144105,54
144106,70
144107,68
144108,71
144109,27
144110,57
144111,52
144112,75
144113,51
144114,68
144115,54
144116,60
144117,60
144118,44
144119,66
144120,52
144121,58
144122,75
144123,44
144124,48
144125,64
144126,23
144127,50
144128,67
144129,47
144130,62
144131,59
144132,86
144133,71
144134,61
144135,44
144136,63
144137,84
144138,64
144139,37
144140,72
144141,87
144142,49
144143,29
144144,43
144145,32
144146,65
144147,55
144148,35
144149,24
144150,63
144151,66
144152,61
144153,57
144154,20
144155,71
144156,73
144157,43
144158,45
144159,66
144160,65
144161,59
144162,58
144163,64
144164,67
144165,47
144166,66
144167,57
144168,65
144169,72
144170,68
144171,73
144172,59
144173,58
144174,57
144175,67
144176,54
144177,76
144178,37
144179,54
144180,54
144181,67
144182,50
144183,58
144184,34
144185,25
144186,38
144187,49
144188,61
144189,65
144190,61
144191,23
144192,64
144193,33
144194,72
144195,58
144196,56
144197,57
144198,68
144199,75
144200,57
144201,70
144202,39
144203,56
144204,27
144205,58
144206,35
144207,49
144208,56
144209,33
144210,39
144211,65
144212,57
144213,58
144214,59
144215,67
144216,37
144217,62
144218,58
144219,48
144220,41
144221,52
144222,21
144223,75
144224,63
144225,41
144226,59
144227,60
144228,67
144229,60
144230,69
144231,24
144232,53
144233,61
144234,67
144235,30
144236,56
144237,52
144238,65
144239,64
144240,58
144241,59
144242,66
144243,76
144244,48
144245,66
144246,56
144247,52
144248,58
144249,53
144250,63
144251,28
144252,63
144253,64
144254,65
144255,60
144256,60
144257,33
144258,73
144259,49
144260,56
144261,59
144262,58
144263,47
144264,61
144265,66
144266,47
144267,64
144268,56
144269,44
144270,24
144271,47
144272,75
144273,66
144274,61
144275,79
144276,60
144277,70
144278,59
144279,49
144280,65
144281,58
144282,58
144283,46
144284,60
144285,66
144286,57
144287,82
144288,62
144289,65
144290,28
144291,57
144292,57
144293,58
144294,28
144295,41
144296,68
144297,33
144298,57
144299,60
144300,74
144301,30
144302,37
144303,41
144304,56
144305,45
144306,37
144307,60
144308,63
144309,57
144310,68
144311,53
144312,69
144313,55
144314,32
144315,41
144316,66
144317,52
144318,75
144319,50
144320,61
144321,33
144322,24
144323,28
144324,41
144325,56
144326,55
144327,63
144328,55
144329,42
144330,44
144331,55
144332,50
144333,55
144334,80
144335,53
144336,43
144337,63
144338,44
144339,49
144340,32
144341,61
144342,47
144343,68
144344,50
144345,63
144346,37
144347,53
144348,46
144349,63
144350,43
144351,51
144352,58
144353,50
144354,63
144355,29
144356,65
144357,69
144358,51
144359,66
144360,42
144361,44
144362,39
144363,80
144364,42
144365,56
144366,61
144367,25
144368,58
144369,64
144370,64
144371,57
144372,40
144373,67
144374,62
144375,58
144376,60
144377,28
144378,62
144379,60
144380,48
144381,37
144382,71
144383,16
144384,31
144385,64
144386,28
144387,50
144388,59
144389,73
144390,50
144391,59
144392,47
144393,55
144394,21
144395,29
144396,52
144397,62
144398,47
144399,80
144400,50
144401,18
144402,49
144403,55
144404,60
144405,49
144406,36
144407,52
144408,52
144409,46
144410,24
144411,19
144412,51
144413,45
144414,51
144415,58
144416,57
144417,43
144418,56
144419,49
144420,63
144421,40
144422,21
144423,47
144424,43
144425,29
144426,58
144427,58
144428,60
144429,38
144430,36
144431,62
144432,58
144433,57
144434,63
144435,56
144436,34
144437,65
144438,61
144439,61
144440,28
144441,59
144442,52
144443,null
144444,54
144445,60
144446,55
144447,30
144448,65
144449,null
144450,null
144451,39
144452,62
144453,65
144454,null
144455,null
144456,53
144457,64
144458,63
144459,74
144460,59
144461,30
144462,75
144463,66
144464,75
144465,65
144466,55
144467,59
144468,63
144469,75
144470,58
144471,68
144472,null
144473,67
144474,66
144475,null
144476,null
144477,78
144478,65
144479,61
144480,66
144481,57
144482,62
144483,null
144484,60
144485,35
144486,null
144487,59
144488,63
144489,64
144490,58
144491,69
144492,76
144493,75
144494,67
144495,null
144496,77
144497,61
144498,null
144499,75
144500,60
144501,55
144502,42
144503,65
144504,58
144505,null
144506,54
144507,60
144508,57
144509,null
144510,null
144511,65
144512,null
144513,60
144514,null
144515,null
144516,39
144517,58
144518,null
144519,null
144520,45
144521,61
144522,56
144523,80
144524,71
144525,69
144526,63
144527,65
144528,57
144529,49
144530,68
144531,70
144532,null
144533,null
144534,49
144535,49
144536,61
144537,16
144538,31
144539,61
144540,78
144541,54
144542,null
144543,null
144544,54
144545,null
144546,69
144547,49
144548,62
144549,66
144550,59
144551,65
144552,64
144553,47
144554,63
144555,58
144556,65
144557,68
144558,null
144559,52
144560,85
144561,64
144562,28
144563,43
144564,52
144565,69
144566,71
144567,56
144568,54
144569,null
144570,63
144571,57
144572,49
144573,65
144574,null
144575,36
144576,null
144577,76
144578,null
144579,64
144580,58
144581,28
144582,61
144583,62
144584,72
144585,74
144586,75
144587,69
144588,69
144589,62
144590,61
144591,73
144592,47
144593,58
144594,49
144595,35
144596,49
144597,34
144598,null
144599,63
144600,62
144601,null
144602,43
144603,57
144604,33
144605,51
144606,22
144607,35
144608,44
144609,68
144610,64
144611,65
144612,35
144613,42
144614,67
144615,65
144616,50
144617,44
144618,35
144619,55
144620,55
144621,60
144622,71
144623,57
144624,null
144625,64
144626,69
144627,71
144628,null
144629,null
144630,61
144631,null
144632,68
144633,null
144634,null
144635,60
144636,39
144637,75
144638,62
144639,null
144640,null
144641,58
144642,null
144643,50
144644,47
144645,58
144646,59
144647,null
144648,65
144649,53
144650,54
144651,null
144652,null
144653,null
144654,null
144655,55
144656,65
144657,54
144658,50
144659,46
144660,47
144661,53
144662,22
144663,69
144664,45
144665,null
144666,59
144667,91
144668,72
144669,null
144670,58
144671,54
144672,62
144673,46
144674,null
144675,43
144676,null
144677,66
144678,73
144679,65
144680,64
144681,60
144682,52
144683,null
144684,null
144685,57
144686,41
144687,null
144688,28
144689,54
144690,58
144691,62
144692,39
144693,null
144694,65
144695,48
144696,62
144697,17
144698,36
144699,39
144700,null
144701,null
144702,16
144703,51
144704,57
144705,68
144706,57
144707,48
144708,56
144709,null
144710,44
144711,null
144712,null
144713,23
144714,68
144715,46
144716,58
144717,null
144718,49
144719,62
144720,57
144721,44
144722,62
144723,null
144724,null
144725,51
144726,null
144727,62
144728,48
144729,51
144730,51
144731,57
144732,null
144733,null
144734,55
144735,null
144736,null
144737,null
144738,84
144739,68
144740,null
144741,null
144742,65
144743,60
144744,42
144745,43
144746,61
144747,null
144748,59
144749,64
144750,74
144751,38
144752,54
144753,42
144754,null
144755,78
144756,64
144757,56
144758,62
144759,51
144760,57
144761,68
144762,60
144763,13
144764,36
144765,60
144766,null
144767,84
144768,58
144769,null
144770,64
144771,65
144772,60
144773,null
144774,61
144775,null
144776,86
144777,57
144778,52
144779,71
144780,55
144781,74
144782,63
144783,32
144784,58
144785,52
144786,69
144787,85
144788,84
144789,null
144790,59
144791,null
144792,67
144793,null
144794,73
144795,85
144796,67
144797,70
144798,59
144799,53
144800,null
144801,59
144802,null
144803,55
144804,70
144805,null
144806,55
144807,21
144808,56
144809,69
144810,74
144811,57
144812,68
144813,42
144814,71
144815,44
144816,null
144817,52
144818,53
144819,60
144820,38
144821,null
144822,null
144823,66
144824,49
144825,70
144826,69
144827,45
144828,59
144829,59
144830,64
144831,62
144832,53
144833,48
144834,null
144835,56
144836,63
144837,null
144838,58
144839,null
144840,54
144841,null
144842,55
144843,38
144844,49
144845,54
144846,null
144847,60
144848,29
144849,48
144850,57
144851,40
144852,null
144853,null
144854,74
144855,75
144856,28
144857,74
144858,54
144859,44
144860,59
144861,75
144862,67
144863,68
144864,56
144865,66
144866,56
144867,63
144868,52
144869,45
144870,20
144871,69
144872,67
144873,54
144874,64
144875,58
144876,71
144877,61
144878,81
144879,75
144880,85
144881,67
144882,58
144883,58
144884,79
144885,60
144886,47
144887,64
144888,58
144889,37
144890,61
144891,60
144892,84
144893,62
144894,78
144895,69
144896,66
144897,37
144898,58
144899,56
144900,29
144901,38
144902,67
144903,74
144904,56
144905,61
144906,53
144907,49
144908,23
144909,27
144910,64
144911,64
144912,29
144913,37
144914,50
144915,59
144916,55
144917,55
144918,62
144919,63
144920,55
144921,44
144922,59
144923,28
144924,55
144925,63
144926,70
144927,59
144928,68
144929,61
144930,47
144931,61
144932,61
144933,89
144934,64
144935,58
144936,63
144937,62
144938,75
144939,53
144940,58
144941,55
144942,33
144943,55
144944,71
144945,56
144946,70
144947,33
144948,47
144949,60
144950,57
144951,71
144952,58
144953,69
144954,29
144955,36
144956,72
144957,43
144958,59
144959,62
144960,16
144961,56
144962,55
144963,43
144964,71
144965,61
144966,22
144967,58
144968,53
144969,57
144970,55
144971,40
144972,55
144973,63
144974,73
144975,57
144976,64
144977,62
144978,64
144979,42
144980,48
144981,73
144982,75
144983,69
144984,67
144985,63
144986,19
144987,52
144988,26
144989,46
144990,66
144991,53
144992,62
144993,32
144994,63
144995,61
144996,62
144997,17
144998,66
144999,48
145000,50
145001,42
145002,56
145003,82
145004,61
145005,51
145006,66
145007,58
145008,45
145009,30
145010,63
145011,41
145012,63
145013,58
145014,63
145015,59
145016,59
145017,52
145018,55
145019,58
145020,75
145021,57
145022,57
145023,55
145024,50
145025,66
145026,57
145027,52
145028,59
145029,42
145030,51
145031,62
145032,66
145033,64
145034,67
145035,45
145036,60
145037,29
145038,45
145039,58
145040,44
145041,17
145042,58
145043,31
145044,60
145045,37
145046,75
145047,41
145048,42
145049,47
145050,52
145051,35
145052,46
145053,47
145054,62
145055,67
145056,43
145057,32
145058,63
145059,28
145060,56
145061,38
145062,62
145063,61
145064,46
145065,55
145066,74
145067,54
145068,62
145069,67
145070,30
145071,58
145072,47
145073,70
145074,54
145075,57
145076,30
145077,60
145078,61
145079,44
145080,28
145081,46
145082,57
145083,65
145084,80
145085,45
145086,66
145087,49
145088,53
145089,66
145090,51
145091,50
145092,46
145093,59
145094,34
145095,25
145096,63
145097,24
145098,29
145099,69
145100,70
145101,64
145102,55
145103,57
145104,35
145105,31
145106,49
145107,28
145108,63
145109,65
145110,63
145111,46
145112,54
145113,40
145114,60
145115,57
145116,56
145117,16
145118,64
145119,42
145120,35
145121,59
145122,29
145123,76
145124,51
145125,52
145126,66
145127,55
145128,65
145129,76
145130,61
145131,15
145132,52
145133,43
145134,60
145135,64
145136,64
145137,51
145138,63
145139,62
145140,59
145141,69
145142,58
145143,57
145144,28
145145,50
145146,47
145147,52
145148,62
145149,59
145150,46
145151,63
145152,32
145153,66
145154,83
145155,57
145156,66
145157,75
145158,42
145159,83
145160,55
145161,31
145162,79
145163,29
145164,75
145165,63
145166,72
145167,44
145168,54
145169,62
145170,62
145171,46
145172,58
145173,60
145174,58
145175,56
145176,24
145177,61
145178,60
145179,61
145180,55
145181,70
145182,28
145183,62
145184,50
145185,59
145186,64
145187,26
145188,68
145189,37
145190,60
145191,64
145192,75
145193,45
145194,59
145195,62
145196,46
145197,66
145198,62
145199,59
145200,85
145201,79
145202,58
145203,67
145204,67
145205,61
145206,58
145207,57
145208,66
145209,25
145210,38
145211,59
145212,55
145213,60
145214,64
145215,48
145216,23
145217,45
145218,54
145219,66
145220,45
145221,39
145222,55
145223,81
145224,55
145225,58
145226,60
145227,32
145228,39
145229,67
145230,82
145231,38
145232,67
145233,75
145234,47
145235,75
145236,59
145237,85
145238,68
145239,64
145240,35
145241,21
145242,52
145243,62
145244,52
145245,59
145246,56
145247,59
145248,58
145249,76
145250,null
145251,60
145252,62
145253,null
145254,null
145255,65
145256,null
145257,39
145258,50
145259,57
145260,null
145261,46
145262,null
145263,59
145264,64
145265,29
145266,52
145267,35
145268,60
145269,null
145270,null
145271,null
145272,80
145273,59
145274,59
145275,60
145276,38
145277,39
145278,76
145279,65
145280,54
145281,35
145282,51
145283,65
145284,58
145285,62
145286,58
145287,72
145288,66
145289,61
145290,71
145291,24
145292,61
145293,75
145294,41
145295,57
145296,38
145297,54
145298,67
145299,29
145300,57
145301,32
145302,61
145303,57
145304,null
145305,46
145306,53
145307,52
145308,78
145309,57
145310,75
145311,69
145312,null
145313,68
145314,52
145315,62
145316,58
145317,58
145318,67
145319,54
145320,null
145321,null
145322,86
145323,71
145324,60
145325,60
145326,59
145327,82
145328,56
145329,62
145330,54
145331,65
145332,48
145333,null
145334,62
145335,69
145336,80
145337,57
145338,69
145339,63
145340,66
145341,53
145342,23
145343,42
145344,29
145345,45
145346,67
145347,63
145348,47
145349,78
145350,56
145351,38
145352,34
145353,48
145354,null
145355,52
145356,56
145357,64
145358,null
145359,53
145360,58
145361,62
145362,88
145363,51
145364,62
145365,null
145366,null
145367,74
145368,48
145369,55
145370,76
145371,60
145372,60
145373,60
145374,66
145375,60
145376,68
145377,48
145378,60
145379,null
145380,45
145381,64
145382,61
145383,null
145384,null
145385,45
145386,66
145387,76
145388,null
145389,79
145390,null
145391,54
145392,59
145393,54
145394,74
145395,42
145396,85
145397,82
145398,75
145399,53
145400,50
145401,54
145402,36
145403,49
145404,41
145405,66
145406,49
145407,42
145408,57
145409,63
145410,64
145411,59
145412,66
145413,62
145414,58
145415,51
145416,52
145417,45
145418,56
145419,53
145420,58
145421,49
145422,null
145423,57
145424,75
145425,40
145426,45
145427,35
145428,54
145429,60
145430,46
145431,43
145432,null
145433,null
145434,29
145435,49
145436,62
145437,35
145438,58
145439,64
145440,45
145441,56
145442,37
145443,null
145444,70
145445,55
145446,67
145447,47
145448,61
145449,53
145450,60
145451,65
145452,58
145453,44
145454,61
145455,24
145456,62
145457,63
145458,66
145459,29
145460,28
145461,61
145462,57
145463,26
145464,63
145465,62
145466,26
145467,72
145468,42
145469,56
145470,29
145471,38
145472,53
145473,45
145474,null
145475,63
145476,75
145477,54
145478,59
145479,57
145480,60
145481,null
145482,62
145483,70
145484,45
145485,64
145486,null
145487,null
145488,65
145489,67
145490,53
145491,46
145492,65
145493,75
145494,57
145495,66
145496,29
145497,68
145498,null
145499,57
145500,85
145501,57
145502,54
145503,null
145504,null
145505,null
145506,38
145507,62
145508,65
145509,55
145510,54
145511,null
145512,41
145513,31
145514,50
145515,63
145516,49
145517,50
145518,52
145519,60
145520,49
145521,42
145522,52
145523,55
145524,42
145525,48
145526,67
145527,49
145528,29
145529,37
145530,null
145531,57
145532,65
145533,69
145534,null
145535,60
145536,54
145537,68
145538,55
145539,67
145540,54
145541,62
145542,null
145543,56
145544,61
145545,67
145546,55
145547,64
145548,82
145549,null
145550,37
145551,64
145552,41
145553,null
145554,62
145555,44
145556,null
145557,null
145558,58
145559,null
145560,45
145561,28
145562,60
145563,39
145564,60
145565,47
145566,48
145567,53
145568,51
145569,60
145570,48
145571,50
145572,66
145573,66
145574,68
145575,68
145576,67
145577,67
145578,60
145579,59
145580,66
145581,56
145582,60
145583,25
145584,60
145585,39
145586,58
145587,40
145588,74
145589,59
145590,67
145591,65
145592,28
145593,null
145594,46
145595,63
145596,21
145597,48
145598,57
145599,66
145600,41
145601,60
145602,null
145603,71
145604,63
145605,58
145606,null
145607,62
145608,62
145609,null
145610,65
145611,null
145612,58
145613,49
145614,70
145615,74
145616,null
145617,47
145618,69
145619,40
145620,57
145621,70
145622,null
145623,52
145624,59
145625,60
145626,42
145627,66
145628,67
145629,39
145630,63
145631,65
145632,63
145633,null
145634,64
145635,47
145636,43
145637,63
145638,58
145639,59
145640,61
145641,64
145642,64
145643,82
145644,54
145645,49
145646,65
145647,63
145648,58
145649,63
145650,60
145651,null
145652,77
145653,19
145654,81
145655,70
145656,75
145657,53
145658,59
145659,68
145660,62
145661,56
145662,49
145663,49
145664,68
145665,78
145666,62
145667,71
145668,90
145669,null
145670,47
145671,57
145672,42
145673,null
145674,61
145675,42
145676,60
145677,null
145678,null
145679,72
145680,67
145681,54
145682,62
145683,56
145684,67
145685,46
145686,40
145687,57
145688,null
145689,null
145690,null
145691,null
145692,null
145693,29
145694,null
145695,53
145696,51
145697,53
145698,71
145699,59
145700,67
145701,52
145702,79
145703,55
145704,65
145705,37
145706,64
145707,63
145708,59
145709,47
145710,null
145711,56
145712,68
145713,45
145714,32
145715,37
145716,63
145717,66
145718,69
145719,62
145720,55
145721,54
145722,51
145723,61
145724,59
145725,28
145726,52
145727,49
145728,75
145729,84
145730,75
145731,63
145732,64
145733,56
145734,60
145735,47
145736,65
145737,66
145738,38
145739,60
145740,44
145741,77
145742,85
145743,60
145744,59
145745,71
145746,29
145747,57
145748,62
145749,62
145750,59
145751,67
145752,28
145753,61
145754,65
145755,55
145756,56
145757,58
145758,62
145759,61
145760,68
145761,40
145762,60
145763,87
145764,74
145765,75
145766,64
145767,75
145768,61
145769,59
145770,74
145771,64
145772,63
145773,63
145774,64
145775,56
145776,62
145777,44
145778,38
145779,59
145780,55
145781,58
145782,75
145783,60
145784,65
145785,65
145786,82
145787,62
145788,69
145789,50
145790,75
145791,56
145792,55
145793,56
145794,46
145795,62
145796,56
145797,88
145798,75
145799,42
145800,75
145801,22
145802,56
145803,67
145804,29
145805,61
145806,39
145807,48
145808,45
145809,32
145810,42
145811,50
145812,67
145813,53
145814,64
145815,64
145816,66
145817,23
145818,57
145819,29
145820,42
145821,56
145822,44
145823,56
145824,29
145825,75
145826,54
145827,51
145828,61
145829,53
145830,55
145831,54
145832,64
145833,15
145834,50
145835,57
145836,28
145837,63
145838,50
145839,56
145840,70
145841,65
145842,46
145843,57
145844,58
145845,56
145846,54
145847,44
145848,62
145849,63
145850,55
145851,75
145852,50
145853,28
145854,56
145855,85
145856,64
145857,48
145858,33
145859,66
145860,52
145861,76
145862,52
145863,72
145864,18
145865,44
145866,49
145867,51
145868,28
145869,48
145870,64
145871,59
145872,64
145873,63
145874,58
145875,66
145876,41
145877,54
145878,67
145879,69
145880,58
145881,35
145882,55
145883,36
145884,51
145885,61
145886,55
145887,61
145888,59
145889,58
145890,59
145891,67
145892,75
145893,54
145894,64
145895,60
145896,58
145897,54
145898,45
145899,38
145900,53
145901,50
145902,59
145903,59
145904,78
145905,54
145906,46
145907,33
145908,65
145909,75
145910,66
145911,75
145912,79
145913,35
145914,40
145915,60
145916,21
145917,61
145918,37
145919,75
145920,82
145921,60
145922,80
145923,27
145924,65
145925,48
145926,26
145927,68
145928,64
145929,48
145930,70
145931,73
145932,66
145933,52
145934,56
145935,61
145936,60
145937,63
145938,63
145939,53
145940,66
145941,78
145942,57
145943,61
145944,50
145945,53
145946,59
145947,49
145948,52
145949,58
145950,57
145951,29
145952,35
145953,81
145954,60
145955,50
145956,48
145957,49
145958,66
145959,70
145960,63
145961,86
145962,63
145963,72
145964,20
145965,45
145966,65
145967,59
145968,57
145969,66
145970,59
145971,60
145972,68
145973,37
145974,60
145975,45
145976,69
145977,77
145978,61
145979,62
145980,77
145981,60
145982,46
145983,45
145984,68
145985,27
145986,61
145987,26
145988,65
145989,55
145990,59
145991,48
145992,64
145993,65
145994,49
145995,75
145996,75
145997,58
145998,33
145999,60
146000,40
146001,61
146002,85
146003,54
146004,58
146005,37
146006,50
146007,73
146008,48
146009,61
146010,56
146011,53
146012,55
146013,53
146014,59
146015,64
146016,53
146017,62
146018,56
146019,55
146020,54
146021,58
146022,60
146023,58
146024,59
146025,54
146026,60
146027,43
146028,64
146029,50
146030,57
146031,67
146032,63
146033,58
146034,68
146035,60
146036,65
146037,62
146038,61
146039,68
146040,25
146041,53
146042,51
146043,69
146044,69
146045,75
146046,66
146047,71
146048,56
146049,76
146050,58
146051,56
146052,47
146053,62
146054,47
146055,45
146056,58
146057,59
146058,67
146059,65
146060,52
146061,81
146062,71
146063,64
146064,54
146065,30
146066,62
146067,73
146068,58
146069,60
146070,61
146071,77
146072,43
146073,78
146074,52
146075,52
146076,57
146077,22
146078,35
146079,77
146080,64
146081,75
146082,57
146083,54
146084,53
146085,80
146086,67
146087,75
146088,63
146089,84
146090,78
146091,57
146092,78
146093,64
146094,53
146095,75
146096,69
146097,56
146098,65
146099,56
146100,62
146101,65
146102,60
146103,76
146104,74
146105,65
146106,66
146107,65
146108,57
146109,60
146110,58
146111,82
146112,65
146113,64
146114,null
146115,81
146116,null
146117,60
146118,32
146119,52
146120,null
146121,59
146122,53
146123,44
146124,53
146125,75
146126,null
146127,60
146128,null
146129,54
146130,78
146131,51
146132,27
146133,79
146134,53
146135,59
146136,null
146137,52
146138,null
146139,47
146140,39
146141,69
146142,51
146143,68
146144,45
146145,47
146146,89
146147,62
146148,58
146149,null
146150,null
146151,63
146152,40
146153,null
146154,66
146155,null
146156,null
146157,50
146158,77
146159,55
146160,53
146161,null
146162,85
146163,75
146164,67
146165,59
146166,76
146167,61
146168,63
146169,75
146170,61
146171,63
146172,54
146173,56
146174,86
146175,55
146176,72
146177,29
146178,56
146179,49
146180,60
146181,59
146182,35
146183,59
146184,69
146185,72
146186,64
146187,69
146188,75
146189,63
146190,57
146191,51
146192,20
146193,56
146194,60
146195,57
146196,57
146197,59
146198,80
146199,50
146200,28
146201,57
146202,58
146203,43
146204,60
146205,86
146206,81
146207,37
146208,66
146209,69
146210,69
146211,58
146212,69
146213,64
146214,60
146215,73
146216,24
146217,66
146218,58
146219,55
146220,55
146221,58
146222,44
146223,86
146224,60
146225,58
146226,60
146227,61
146228,30
146229,61
146230,61
146231,71
146232,51
146233,60
146234,45
146235,81
146236,86
146237,75
146238,56
146239,57
146240,63
146241,69
146242,57
146243,48
146244,53
146245,74
146246,47
146247,75
146248,77
146249,45
146250,57
146251,55
146252,59
146253,75
146254,53
146255,37
146256,60
146257,65
146258,42
146259,39
146260,55
146261,33
146262,50
146263,39
146264,54
146265,76
146266,65
146267,61
146268,44
146269,58
146270,45
146271,62
146272,65
146273,57
146274,54
146275,54
146276,53
146277,50
146278,56
146279,60
146280,54
146281,48
146282,54
146283,58
146284,60
146285,64
146286,75
146287,39
146288,33
146289,71
146290,57
146291,65
146292,56
146293,78
146294,59
146295,26
146296,45
146297,23
146298,63
146299,48
146300,43
146301,42
146302,53
146303,34
146304,38
146305,62
146306,63
146307,16
146308,38
146309,48
146310,59
146311,67
146312,66
146313,74
146314,62
146315,47
146316,67
146317,85
146318,75
146319,50
146320,64
146321,71
146322,75
146323,60
146324,53
146325,35
146326,62
146327,63
146328,20
146329,55
146330,61
146331,55
146332,51
146333,57
146334,44
146335,46
146336,30
146337,49
146338,52
146339,49
146340,65
146341,55
146342,46
146343,56
146344,51
146345,66
146346,65
146347,74
146348,65
146349,17
146350,80
146351,66
146352,62
146353,75
146354,59
146355,82
146356,65
146357,69
146358,55
146359,57
146360,58
146361,56
146362,75
146363,42
146364,36
146365,56
146366,54
146367,42
146368,55
146369,43
146370,54
146371,67
146372,28
146373,60
146374,47
146375,78
146376,87
146377,89
146378,62
146379,15
146380,50
146381,65
146382,58
146383,56
146384,58
146385,63
146386,65
146387,57
146388,50
146389,63
146390,63
146391,25
146392,59
146393,65
146394,63
146395,54
146396,41
146397,66
146398,60
146399,44
146400,70
146401,59
146402,65
146403,69
146404,21
146405,57
146406,57
146407,61
146408,65
146409,64
146410,69
146411,57
146412,80
146413,82
146414,48
146415,65
146416,50
146417,78
146418,48
146419,61
146420,29
146421,59
146422,73
146423,67
146424,62
146425,67
146426,37
146427,37
146428,42
146429,67
146430,58
146431,68
146432,54
146433,23
146434,58
146435,58
146436,22
146437,18
146438,75
146439,75
146440,46
146441,50
146442,58
146443,71
146444,61
146445,53
146446,58
146447,50
146448,50
146449,85
146450,66
146451,57
146452,48
146453,59
146454,58
146455,32
146456,41
146457,82
146458,58
146459,53
146460,58
146461,57
146462,59
146463,31
146464,68
146465,67
146466,62
146467,24
146468,37
146469,43
146470,73
146471,60
146472,60
146473,63
146474,46
146475,90
146476,75
146477,66
146478,50
146479,59
146480,62
146481,60
146482,60
146483,62
146484,29
146485,55
146486,59
146487,65
146488,60
146489,71
146490,65
146491,65
146492,56
146493,37
146494,61
146495,65
146496,66
146497,53
146498,65
146499,67
146500,81
146501,37
146502,38
146503,29
146504,51
146505,48
146506,47
146507,47
146508,76
146509,85
146510,58
146511,73
146512,41
146513,35
146514,42
146515,51
146516,56
146517,53
146518,53
146519,50
146520,52
146521,63
146522,66
146523,72
146524,61
146525,57
146526,61
146527,71
146528,66
146529,42
146530,75
146531,64
146532,56
146533,64
146534,35
146535,72
146536,41
146537,49
146538,49
146539,62
146540,55
146541,62
146542,67
146543,65
146544,63
146545,90
146546,63
146547,null
146548,60
146549,75
146550,25
146551,null
146552,56
146553,70
146554,67
146555,60
146556,58
146557,66
146558,67
146559,57
146560,48
146561,81
146562,null
146563,null
146564,47
146565,49
146566,65
146567,57
146568,79
146569,45
146570,47
146571,51
146572,46
146573,65
146574,43
146575,56
146576,48
146577,67
146578,63
146579,37
146580,55
146581,53
146582,29
146583,29
146584,null
146585,64
146586,55
146587,56
146588,57
146589,52
146590,80
146591,87
146592,63
146593,59
146594,55
146595,37
146596,59
146597,63
146598,null
146599,null
146600,62
146601,null
146602,53
146603,83
146604,46
146605,null
146606,75
146607,57
146608,51
146609,69
146610,42
146611,59
146612,64
146613,60
146614,63
146615,54
146616,60
146617,32
146618,61
146619,37
146620,57
146621,69
146622,67
146623,68
146624,49
146625,54
146626,58
146627,81
146628,64
146629,84
146630,60
146631,75
146632,55
146633,58
146634,53
146635,33
146636,61
146637,72
146638,59
146639,64
146640,65
146641,82
146642,56
146643,38
146644,28
146645,62
146646,45
146647,57
146648,29
146649,57
146650,81
146651,58
146652,39
146653,65
146654,58
146655,47
146656,61
146657,75
146658,41
146659,77
146660,73
146661,27
146662,57
146663,22
146664,42
146665,54
146666,68
146667,72
146668,87
146669,23
146670,56
146671,54
146672,69
146673,62
146674,75
146675,29
146676,73
146677,53
146678,67
146679,49
146680,18
146681,47
146682,65
146683,52
146684,54
146685,29
146686,58
146687,30
146688,29
146689,60
146690,31
146691,59
146692,62
146693,54
146694,43
146695,59
146696,60
146697,59
146698,75
146699,56
146700,57
146701,73
146702,59
146703,30
146704,58
146705,56
146706,51
146707,58
146708,55
146709,56
146710,37
146711,46
146712,65
146713,45
146714,62
146715,55
146716,54
146717,30
146718,66
146719,54
146720,60
146721,59
146722,30
146723,37
146724,30
146725,49
146726,28
146727,73
146728,66
146729,57
146730,64
146731,63
146732,56
146733,23
146734,42
146735,55
146736,52
146737,89
146738,58
146739,67
146740,82
146741,58
146742,70
146743,38
146744,54
146745,38
146746,46
146747,29
146748,61
146749,51
146750,60
146751,67
146752,66
146753,64
146754,50
146755,49
146756,62
146757,66
146758,58
146759,56
146760,66
146761,56
146762,61
146763,65
146764,58
146765,64
146766,61
146767,57
146768,64
146769,65
146770,29
146771,28
146772,57
146773,62
146774,63
146775,75
146776,48
146777,44
146778,62
146779,28
146780,38
146781,53
146782,75
146783,44
146784,64
146785,65
146786,51
146787,51
146788,29
146789,64
146790,38
146791,79
146792,66
146793,46
146794,30
146795,60
146796,85
146797,59
146798,55
146799,65
146800,23
146801,68
146802,40
146803,77
146804,68
146805,75
146806,64
146807,79
146808,54
146809,56
146810,62
146811,65
146812,68
146813,75
146814,48
146815,54
146816,69
146817,74
146818,18
146819,84
146820,46
146821,68
146822,59
146823,38
146824,47
146825,72
146826,60
146827,86
146828,61
146829,37
146830,32
146831,72
146832,61
146833,33
146834,67
146835,58
146836,65
146837,62
146838,53
146839,58
146840,35
146841,71
146842,49
146843,66
146844,24
146845,60
146846,69
146847,61
146848,75
146849,59
146850,66
146851,73
146852,55
146853,66
146854,68
146855,53
146856,67
146857,52
146858,58
146859,45
146860,68
146861,70
146862,64
146863,67
146864,57
146865,69
146866,37
146867,69
146868,45
146869,63
146870,43
146871,67
146872,50
146873,60
146874,25
146875,62
146876,53
146877,66
146878,18
146879,73
146880,64
146881,68
146882,66
146883,75
146884,51
146885,53
146886,82
146887,71
146888,32
146889,53
146890,55
146891,56
146892,63
146893,40
146894,26
146895,75
146896,62
146897,67
146898,58
146899,61
146900,73
146901,55
146902,50
146903,58
146904,51
146905,59
146906,59
146907,59
146908,51
146909,59
146910,63
146911,78
146912,81
146913,60
146914,65
146915,57
146916,61
146917,88
146918,75
146919,55
146920,38
146921,59
146922,68
146923,57
146924,44
146925,62
146926,55
146927,63
146928,69
146929,62
146930,67
146931,60
146932,70
146933,64
146934,66
146935,70
146936,79
146937,55
146938,73
146939,52
146940,68
146941,30
146942,75
146943,66
146944,52
146945,74
146946,78
146947,59
146948,51
146949,51
146950,19
146951,62
146952,78
146953,58
146954,63
146955,44
146956,84
146957,72
146958,64
146959,64
146960,65
146961,74
146962,42
146963,60
146964,58
146965,57
146966,41
146967,57
146968,68
146969,63
146970,57
146971,72
146972,91
146973,68
146974,73
146975,58
146976,75
146977,75
146978,61
146979,45
146980,65
146981,59
146982,64
146983,28
146984,null
146985,null
146986,66
146987,60
146988,50
146989,86
146990,68
146991,66
146992,66
146993,null
146994,null
146995,28
146996,73
146997,58
146998,74
146999,86
147000,null
147001,47
147002,67
147003,73
147004,54
147005,62
147006,null
147007,59
147008,46
147009,66
147010,57
147011,70
147012,54
147013,70
147014,56
147015,80
147016,54
147017,59
147018,35
147019,49
147020,46
147021,78
147022,93
147023,52
147024,75
147025,48
147026,50
147027,52
147028,null
147029,52
147030,43
147031,null
147032,null
147033,61
147034,29
147035,71
147036,80
147037,null
147038,44
147039,54
147040,null
147041,null
147042,55
147043,58
147044,75
147045,62
147046,29
147047,66
147048,72
147049,72
147050,41
147051,68
147052,53
147053,73
147054,83
147055,45
147056,58
147057,30
147058,64
147059,61
147060,65
147061,77
147062,60
147063,79
147064,75
147065,57
147066,53
147067,47
147068,70
147069,75
147070,83
147071,22
147072,85
147073,45
147074,59
147075,25
147076,60
147077,66
147078,72
147079,57
147080,67
147081,75
147082,67
147083,65
147084,77
147085,67
147086,63
147087,50
147088,22
147089,66
147090,66
147091,70
147092,67
147093,60
147094,62
147095,66
147096,59
147097,60
147098,55
147099,91
147100,71
147101,58
147102,68
147103,61
147104,58
147105,64
147106,75
147107,60
147108,69
147109,58
147110,61
147111,35
147112,62
147113,37
147114,57
147115,56
147116,54
147117,66
147118,53
147119,75
147120,59
147121,34
147122,57
147123,59
147124,39
147125,50
147126,71
147127,60
147128,68
147129,65
147130,92
147131,57
147132,58
147133,60
147134,71
147135,55
147136,63
147137,60
147138,58
147139,62
147140,62
147141,53
147142,59
147143,55
147144,37
147145,30
147146,30
147147,51
147148,53
147149,59
147150,58
147151,57
147152,60
147153,65
147154,62
147155,40
147156,18
147157,48
147158,56
147159,60
147160,51
147161,54
147162,55
147163,34
147164,60
147165,61
147166,45
147167,74
147168,69
147169,59
147170,61
147171,53
147172,59
147173,59
147174,59
147175,17
147176,49
147177,67
147178,59
147179,60
147180,66
147181,75
147182,39
147183,55
147184,51
147185,42
147186,53
147187,48
147188,58
147189,66
147190,57
147191,60
147192,75
147193,85
147194,52
147195,75
147196,45
147197,25
147198,22
147199,67
147200,31
147201,53
147202,72
147203,72
147204,38
147205,65
147206,58
147207,69
147208,75
147209,67
147210,64
147211,57
147212,71
147213,59
147214,53
147215,70
147216,64
147217,71
147218,71
147219,47
147220,61
147221,28
147222,73
147223,68
147224,69
147225,48
147226,55
147227,75
147228,48
147229,59
147230,57
147231,68
147232,30
147233,58
147234,75
147235,72
147236,67
147237,62
147238,68
147239,78
147240,34
147241,62
147242,80
147243,52
147244,63
147245,86
147246,50
147247,64
147248,53
147249,62
147250,56
147251,51
147252,69
147253,75
147254,71
147255,85
147256,75
147257,62
147258,51
147259,76
147260,68
147261,55
147262,75
147263,82
147264,64
147265,60
147266,70
147267,71
147268,60
147269,69
147270,30
147271,62
147272,64
147273,48
147274,65
147275,81
147276,57
147277,54
147278,57
147279,67
147280,44
147281,64
147282,66
147283,68
147284,80
147285,72
147286,57
147287,72
147288,82
147289,61
147290,61
147291,65
147292,60
147293,66
147294,61
147295,61
147296,73
147297,72
147298,64
147299,62
147300,44
147301,66
147302,66
147303,55
147304,67
147305,71
147306,54
147307,58
147308,58
147309,64
147310,65
147311,61
147312,67
147313,56
147314,57
147315,45
147316,66
147317,66
147318,75
147319,56
147320,60
147321,45
147322,46
147323,36
147324,30
147325,60
147326,53
147327,87
147328,45
147329,55
147330,81
147331,64
147332,62
147333,61
147334,71
147335,54
147336,69
147337,41
147338,57
147339,67
147340,70
147341,56
147342,55
147343,45
147344,57
147345,64
147346,75
147347,42
147348,62
147349,67
147350,67
147351,66
147352,44
147353,71
147354,66
147355,68
147356,75
147357,63
147358,55
147359,56
147360,62
147361,53
147362,73
147363,66
147364,64
147365,65
147366,59
147367,61
147368,49
147369,61
147370,62
147371,39
147372,54
147373,73
147374,82
147375,51
147376,24
147377,65
147378,83
147379,68
147380,64
147381,56
147382,67
147383,76
147384,61
147385,70
147386,55
147387,66
147388,23
147389,74
147390,82
147391,59
147392,70
147393,50
147394,73
147395,74
147396,64
147397,64
147398,90
147399,75
147400,71
147401,41
147402,60
147403,53
147404,68
147405,61
147406,null
147407,66
147408,68
147409,73
147410,80
147411,64
147412,null
147413,56
147414,null
147415,null
147416,64
147417,null
147418,null
147419,56
147420,null
147421,70
147422,null
147423,65
147424,90
147425,60
147426,69
147427,68
147428,61
147429,62
147430,50
147431,null
147432,69
147433,63
147434,68
147435,57
147436,63
147437,79
147438,57
147439,65
147440,67
147441,61
147442,80
147443,null
147444,86
147445,69
147446,62
147447,67
147448,null
147449,49
147450,51
147451,66
147452,null
147453,null
147454,58
147455,null
147456,59
147457,64
147458,54
147459,68
147460,54
147461,null
147462,25
147463,75
147464,68
147465,63
147466,64
147467,65
147468,60
147469,70
147470,81
147471,null
147472,74
147473,51
147474,73
147475,72
147476,75
147477,62
147478,54
147479,89
147480,51
147481,64
147482,60
147483,26
147484,53
147485,75
147486,74
147487,65
147488,67
147489,75
147490,64
147491,50
147492,70
147493,30
147494,61
147495,58
147496,55
147497,59
147498,67
147499,69
147500,59
147501,49
147502,62
147503,52
147504,79
147505,64
147506,82
147507,14
147508,74
147509,62
147510,62
147511,45
147512,75
147513,62
147514,62
147515,56
147516,65
147517,54
147518,75
147519,42
147520,75
147521,58
147522,47
147523,65
147524,64
147525,23
147526,63
147527,58
147528,48
147529,75
147530,52
147531,24
147532,52
147533,43
147534,56
147535,56
147536,54
147537,56
147538,44
147539,23
147540,54
147541,63
147542,50
147543,39
147544,55
147545,54
147546,55
147547,24
147548,26
147549,55
147550,16
147551,24
147552,42
147553,44
147554,33
147555,57
147556,76
147557,53
147558,87
147559,48
147560,17
147561,46
147562,58
147563,19
147564,54
147565,18
147566,20
147567,62
147568,19
147569,56
147570,56
147571,43
147572,52
147573,18
147574,36
147575,52
147576,45
147577,58
147578,75
147579,22
147580,36
147581,55
147582,51
147583,38
147584,53
147585,43
147586,72
147587,66
147588,59
147589,73
147590,66
147591,55
147592,75
147593,58
147594,53
147595,38
147596,63
147597,62
147598,47
147599,56
147600,18
147601,39
147602,19
147603,60
147604,57
147605,49
147606,56
147607,38
147608,56
147609,72
147610,28
147611,51
147612,39
147613,54
147614,29
147615,67
147616,69
147617,84
147618,58
147619,57
147620,21
147621,51
147622,34
147623,47
147624,47
147625,56
147626,50
147627,66
147628,64
147629,50
147630,48
147631,57
147632,54
147633,39
147634,38
147635,21
147636,53
147637,61
147638,61
147639,53
147640,67
147641,68
147642,64
147643,54
147644,67
147645,29
147646,65
147647,61
147648,46
147649,67
147650,47
147651,69
147652,82
147653,62
147654,59
147655,65
147656,28
147657,57
147658,53
147659,61
147660,58
147661,57
147662,57
147663,53
147664,21
147665,84
147666,75
147667,52
147668,68
147669,64
147670,45
147671,63
147672,59
147673,57
147674,77
147675,60
147676,39
147677,66
147678,60
147679,60
147680,54
147681,51
147682,54
147683,65
147684,64
147685,72
147686,38
147687,50
147688,68
147689,51
147690,51
147691,56
147692,49
147693,82
147694,56
147695,28
147696,58
147697,68
147698,68
147699,65
147700,58
147701,62
147702,49
147703,66
147704,78
147705,62
147706,44
147707,58
147708,58
147709,54
147710,61
147711,34
147712,41
147713,68
147714,67
147715,58
147716,30
147717,66
147718,66
147719,57
147720,63
147721,67
147722,51
147723,58
147724,78
147725,66
147726,75
147727,77
147728,65
147729,83
147730,65
147731,49
147732,75
147733,54
147734,66
147735,65
147736,60
147737,56
147738,67
147739,66
147740,64
147741,56
147742,45
147743,50
147744,68
147745,56
147746,52
147747,28
147748,42
147749,52
147750,64
147751,72
147752,60
147753,66
147754,48
147755,26
147756,34
147757,80
147758,69
147759,47
147760,64
147761,75
147762,58
147763,54
147764,79
147765,78
147766,64
147767,64
147768,61
147769,38
147770,69
147771,65
147772,53
147773,58
147774,44
147775,57
147776,19
147777,54
147778,54
147779,75
147780,58
147781,68
147782,64
147783,61
147784,65
147785,69
147786,52
147787,57
147788,47
147789,52
147790,73
147791,50
147792,54
147793,77
147794,50
147795,67
147796,43
147797,37
147798,53
147799,64
147800,56
147801,57
147802,62
147803,29
147804,64
147805,61
147806,46
147807,58
147808,76
147809,59
147810,75
147811,70
147812,87
147813,86
147814,62
147815,15
147816,37
147817,18
147818,71
147819,77
147820,67
147821,52
147822,32
147823,85
147824,71
147825,69
147826,58
147827,65
147828,64
147829,75
147830,61
147831,62
147832,72
147833,60
147834,51
147835,84
147836,50
147837,69
147838,67
147839,90
147840,69
147841,85
147842,null
147843,66
147844,48
147845,60
147846,55
147847,null
147848,null
147849,26
147850,76
147851,50
147852,25
147853,null
147854,66
147855,58
147856,63
147857,78
147858,53
147859,52
147860,80
147861,null
147862,46
147863,59
147864,60
147865,50
147866,50
147867,58
147868,55
147869,76
147870,69
147871,23
147872,49
147873,65
147874,87
147875,null
147876,58
147877,28
147878,null
147879,92
147880,60
147881,63
147882,58
147883,null
147884,65
147885,null
147886,54
147887,54
147888,null
147889,29
147890,null
147891,57
147892,null
147893,null
147894,49
147895,54
147896,49
147897,52
147898,71
147899,48
147900,75
147901,68
147902,65
147903,58
147904,70
147905,35
147906,65
147907,61
147908,73
147909,55
147910,57
147911,63
147912,81
147913,48
147914,66
147915,58
147916,54
147917,33
147918,21
147919,67
147920,77
147921,80
147922,67
147923,47
147924,75
147925,62
147926,91
147927,52
147928,43
147929,56
147930,51
147931,65
147932,55
147933,64
147934,56
147935,59
147936,59
147937,53
147938,45
147939,71
147940,63
147941,74
147942,76
147943,75
147944,54
147945,58
147946,47
147947,75
147948,55
147949,74
147950,39
147951,24
147952,75
147953,38
147954,58
147955,36
147956,62
147957,50
147958,48
147959,42
147960,18
147961,44
147962,43
147963,22
147964,15
147965,55
147966,18
147967,38
147968,42
147969,46
147970,60
147971,55
147972,42
147973,47
147974,56
147975,13
147976,39
147977,63
147978,60
147979,38
147980,20
147981,38
147982,13
147983,18
147984,74
147985,69
147986,44
147987,58
147988,63
147989,78
147990,42
147991,16
147992,42
147993,20
147994,40
147995,52
147996,14
147997,15
147998,24
147999,43
148000,23
148001,38
148002,58
148003,34
148004,16
148005,26
148006,37
148007,63
148008,43
148009,25
148010,17
148011,55
148012,18
148013,28
148014,67
148015,14
148016,56
148017,69
148018,15
148019,70
148020,19
148021,73
148022,51
148023,44
148024,50
148025,75
148026,19
148027,42
148028,51
148029,45
148030,80
148031,60
148032,39
148033,52
148034,26
148035,19
148036,59
148037,52
148038,20
148039,67
148040,14
148041,76
148042,24
148043,21
148044,63
148045,47
148046,80
148047,39
148048,40
148049,34
148050,38
148051,48
148052,42
148053,13
148054,47
148055,73
148056,70
148057,34
148058,77
148059,43
148060,38
148061,39
148062,60
148063,78
148064,14
148065,21
148066,39
148067,14
148068,75
148069,26
148070,58
148071,67
148072,32
148073,66
148074,87
148075,61
148076,26
148077,24
148078,57
148079,44
148080,53
148081,68
148082,32
148083,42
148084,50
148085,58
148086,58
148087,75
148088,70
148089,22
148090,62
148091,61
148092,32
148093,64
148094,59
148095,68
148096,63
148097,53
148098,46
148099,47
148100,51
148101,63
148102,59
148103,64
148104,75
148105,78
148106,75
148107,52
148108,60
148109,47
148110,63
148111,52
148112,57
148113,62
148114,57
148115,66
148116,62
148117,28
148118,65
148119,60
148120,53
148121,57
148122,86
148123,75
148124,60
148125,64
148126,73
148127,62
148128,61
148129,43
148130,67
148131,89
148132,65
148133,64
148134,24
148135,29
148136,78
148137,47
148138,59
148139,59
148140,65
148141,62
148142,38
148143,87
148144,76
148145,64
148146,25
148147,74
148148,43
148149,23
148150,59
148151,59
148152,63
148153,71
148154,65
148155,24
148156,67
148157,59
148158,56
148159,56
148160,43
148161,68
148162,61
148163,71
148164,69
148165,58
148166,59
148167,78
148168,50
148169,62
148170,60
148171,77
148172,72
148173,64
148174,80
148175,60
148176,21
148177,69
148178,54
148179,59
148180,48
148181,26
148182,65
148183,57
148184,36
148185,14
148186,44
148187,22
148188,44
148189,17
148190,74
148191,14
148192,57
148193,63
148194,61
148195,44
148196,56
148197,68
148198,52
148199,57
148200,14
148201,21
148202,70
148203,42
148204,79
148205,23
148206,71
148207,68
148208,61
148209,50
148210,64
148211,42
148212,22
148213,50
148214,51
148215,19
148216,63
148217,19
148218,88
148219,75
148220,60
148221,71
148222,75
148223,68
148224,74
148225,56
148226,59
148227,58
148228,56
148229,66
148230,17
148231,51
148232,58
148233,36
148234,15
148235,38
148236,67
148237,65
148238,67
148239,24
148240,16
148241,51
148242,29
148243,83
148244,82
148245,15
148246,66
148247,55
148248,57
148249,89
148250,60
148251,33
148252,58
148253,39
148254,75
148255,50
148256,58
148257,59
148258,52
148259,22
148260,85
148261,55
148262,68
148263,75
148264,39
148265,75
148266,79
148267,53
148268,63
148269,47
148270,63
148271,76
148272,57
148273,null
148274,90
148275,61
148276,64
148277,92
148278,54
148279,null
148280,null
148281,51
148282,60
148283,65
148284,39
148285,33
148286,23
148287,78
148288,null
148289,null
148290,66
148291,75
148292,63
148293,83
148294,46
148295,64
148296,59
148297,41
148298,15
148299,68
148300,23
148301,51
148302,45
148303,46
148304,56
148305,42
148306,34
148307,null
148308,39
148309,35
148310,85
148311,65
148312,92
148313,null
148314,82
148315,60
148316,88
148317,61
148318,73
148319,null
148320,null
148321,64
148322,39
148323,57
148324,null
148325,68
148326,60
148327,36
148328,null
148329,46
148330,43
148331,87
148332,77
148333,74
148334,58
148335,58
148336,null
148337,63
148338,66
148339,74
148340,67
148341,22
148342,88
148343,54
148344,77
148345,85
148346,18
148347,46
148348,75
148349,53
148350,52
148351,72
148352,55
148353,26
148354,65
148355,17
148356,59
148357,74
148358,75
148359,60
148360,78
148361,36
148362,56
148363,75
148364,53
148365,79
148366,72
148367,75
148368,20
148369,25
148370,46
148371,75
148372,46
148373,63
148374,46
148375,75
148376,60
148377,46
148378,21
148379,46
148380,56
148381,30
148382,48
148383,44
148384,23
148385,23
148386,46
148387,40
148388,54
148389,21
148390,17
148391,46
148392,43
148393,38
148394,23
148395,22
148396,46
148397,24
148398,40
148399,24
148400,17
148401,53
148402,54
148403,65
148404,36
148405,44
148406,65
148407,23
148408,53
148409,23
148410,13
148411,59
148412,56
148413,24
148414,24
148415,21
148416,26
148417,40
148418,75
148419,36
148420,53
148421,24
148422,43
148423,55
148424,47
148425,56
148426,61
148427,67
148428,22
148429,57
148430,15
148431,73
148432,57
148433,32
148434,40
148435,40
148436,46
148437,31
148438,46
148439,63
148440,45
148441,31
148442,19
148443,34
148444,19
148445,62
148446,42
148447,18
148448,47
148449,59
148450,19
148451,19
148452,43
148453,46
148454,43
148455,60
148456,53
148457,14
148458,40
148459,23
148460,44
148461,46
148462,21
148463,59
148464,74
148465,46
148466,46
148467,57
148468,40
148469,19
148470,50
148471,65
148472,79
148473,15
148474,58
148475,49
148476,64
148477,75
148478,42
148479,37
148480,46
148481,25
148482,15
148483,39
148484,18
148485,19
148486,60
148487,45
148488,38
148489,46
148490,65
148491,19
148492,16
148493,53
148494,59
148495,63
148496,57
148497,16
148498,44
148499,36
148500,19
148501,46
148502,79
148503,40
148504,15
148505,69
148506,19
148507,42
148508,39
148509,43
148510,39
148511,45
148512,75
148513,63
148514,60
148515,56
148516,64
148517,44
148518,16
148519,40
148520,25
148521,17
148522,58
148523,49
148524,44
148525,58
148526,75
148527,52
148528,20
148529,75
148530,67
148531,61
148532,24
148533,51
148534,25
148535,46
148536,60
148537,76
148538,40
148539,23
148540,72
148541,55
148542,77
148543,28
148544,14
148545,14
148546,46
148547,14
148548,33
148549,17
148550,42
148551,21
148552,46
148553,59
148554,72
148555,62
148556,56
148557,44
148558,77
148559,44
148560,14
148561,72
148562,58
148563,73
148564,72
148565,58
148566,46
148567,45
148568,75
148569,63
148570,54
148571,51
148572,48
148573,16
148574,45
148575,16
148576,60
148577,69
148578,38
148579,31
148580,55
148581,43
148582,84
148583,66
148584,24
148585,51
148586,46
148587,55
148588,86
148589,46
148590,40
148591,71
148592,23
148593,74
148594,49
148595,54
148596,23
148597,53
148598,73
148599,44
148600,80
148601,22
148602,69
148603,46
148604,14
148605,36
148606,61
148607,26
148608,72
148609,80
148610,39
148611,56
148612,45
148613,71
148614,44
148615,43
148616,23
148617,57
148618,67
148619,85
148620,25
148621,63
148622,24
148623,13
148624,57
148625,39
148626,44
148627,16
148628,50
148629,14
148630,59
148631,65
148632,31
148633,48
148634,53
148635,26
148636,28
148637,53
148638,46
148639,14
148640,46
148641,52
148642,28
148643,69
148644,59
148645,46
148646,54
148647,24
148648,53
148649,85
148650,73
148651,80
148652,67
148653,73
148654,47
148655,71
148656,69
148657,44
148658,56
148659,38
148660,24
148661,16
148662,22
148663,65
148664,14
148665,66
148666,61
148667,75
148668,22
148669,75
148670,40
148671,46
148672,24
148673,59
148674,54
148675,48
148676,46
148677,82
148678,36
148679,45
148680,58
148681,38
148682,73
148683,43
148684,73
148685,48
148686,60
148687,45
148688,66
148689,68
148690,51
148691,60
148692,71
148693,73
148694,31
148695,81
148696,46
148697,16
148698,44
148699,75
148700,71
148701,93
148702,36
148703,30
148704,64
148705,48
148706,38
148707,42
148708,56
148709,65
148710,67
148711,76
148712,26
148713,69
148714,75
148715,85
148716,71
148717,55
148718,54
148719,77
148720,55
148721,46
148722,51
148723,24
148724,85
148725,44
148726,78
148727,62
148728,null
148729,67
148730,69
148731,62
148732,50
148733,null
148734,39
148735,20
148736,63
148737,38
148738,21
148739,55
148740,58
148741,71
148742,86
148743,67
148744,null
148745,78
148746,60
148747,36
148748,62
148749,null
148750,43
148751,40
148752,46
148753,48
148754,40
148755,54
148756,24
148757,78
148758,59
148759,null
148760,null
148761,64
148762,63
148763,64
148764,null
148765,54
148766,71
148767,64
148768,66
148769,null
148770,14
148771,47
148772,65
148773,39
148774,54
148775,82
148776,58
148777,75
148778,40
148779,43
148780,46
148781,74
148782,59
148783,77
148784,24
148785,69
148786,60
148787,75
148788,25
148789,47
148790,25
148791,21
148792,54
148793,60
148794,20
148795,61
148796,22
148797,64
148798,61
148799,81
148800,69
148801,75
148802,25
148803,59
148804,54
148805,19
148806,45
148807,23
148808,22
148809,21
148810,24
148811,12
148812,24
148813,20
148814,75
148815,19
148816,19
148817,48
148818,22
148819,55
148820,45
148821,24
148822,67
148823,60
148824,24
148825,38
148826,39
148827,22
148828,15
148829,21
148830,36
148831,29
148832,38
148833,14
148834,55
148835,18
148836,38
148837,47
148838,25
148839,54
148840,59
148841,39
148842,44
148843,69
148844,23
148845,15
148846,21
148847,38
148848,24
148849,31
148850,24
148851,55
148852,21
148853,54
148854,24
148855,60
148856,39
148857,25
148858,45
148859,55
148860,22
148861,55
148862,22
148863,22
148864,21
148865,38
148866,74
148867,31
148868,18
148869,75
148870,47
148871,24
148872,75
148873,77
148874,54
148875,14
148876,72
148877,23
148878,67
148879,45
148880,39
148881,54
148882,60
148883,80
148884,56
148885,45
148886,48
148887,24
148888,21
148889,24
148890,68
148891,25
148892,39
148893,39
148894,13
148895,54
148896,32
148897,43
148898,16
148899,45
148900,48
148901,22
148902,25
148903,47
148904,39
148905,61
148906,16
148907,20
148908,45
148909,22
148910,50
148911,40
148912,24
148913,74
148914,45
148915,51
148916,22
148917,45
148918,24
148919,39
148920,45
148921,43
148922,49
148923,13
148924,25
148925,66
148926,58
148927,69
148928,22
148929,39
148930,39
148931,44
148932,21
148933,24
148934,55
148935,48
148936,72
148937,25
148938,55
148939,47
148940,64
148941,24
148942,25
148943,19
148944,55
148945,45
148946,21
148947,18
148948,30
148949,21
148950,23
148951,53
148952,19
148953,18
148954,18
148955,55
148956,71
148957,24
148958,20
148959,21
148960,48
148961,59
148962,55
148963,14
148964,25
148965,53
148966,17
148967,25
148968,32
148969,39
148970,31
148971,23
148972,75
148973,25
148974,13
148975,63
148976,51
148977,40
148978,20
148979,25
148980,18
148981,65
148982,76
148983,25
148984,72
148985,39
148986,42
148987,39
148988,24
148989,60
148990,31
148991,21
148992,21
148993,38
148994,54
148995,13
148996,71
148997,39
148998,19
148999,59
149000,21
149001,23
149002,67
149003,22
149004,63
149005,21
149006,20
149007,38
149008,38
149009,47
149010,48
149011,75
149012,24
149013,25
149014,45
149015,37
149016,74
149017,62
149018,48
149019,31
149020,45
149021,13
149022,72
149023,38
149024,49
149025,45
149026,38
149027,56
149028,53
149029,54
149030,40
149031,25
149032,46
149033,53
149034,20
149035,23
149036,45
149037,63
149038,21
149039,55
149040,45
149041,48
149042,24
149043,72
149044,38
149045,69
149046,16
149047,42
149048,67
149049,55
149050,44
149051,25
149052,67
149053,64
149054,25
149055,68
149056,62
149057,67
149058,18
149059,54
149060,18
149061,22
149062,25
149063,20
149064,25
149065,16
149066,22
149067,64
149068,19
149069,58
149070,68
149071,21
149072,13
149073,39
149074,39
149075,20
149076,19
149077,22
149078,64
149079,22
149080,39
149081,54
149082,20
149083,21
149084,79
149085,87
149086,70
149087,66
149088,62
149089,16
149090,32
149091,55
149092,38
149093,63
149094,24
149095,63
149096,40
149097,38
149098,23
149099,18
149100,23
149101,54
149102,75
149103,21
149104,45
149105,55
149106,55
149107,54
149108,49
149109,18
149110,71
149111,49
149112,41
149113,23
149114,55
149115,17
149116,58
149117,47
149118,18
149119,60
149120,54
149121,54
149122,45
149123,17
149124,45
149125,73
149126,67
149127,17
149128,39
149129,15
149130,21
149131,18
149132,63
149133,60
149134,83
149135,59
149136,45
149137,20
149138,67
149139,30
149140,55
149141,16
149142,17
149143,45
149144,23
149145,45
149146,45
149147,38
149148,45
149149,45
149150,72
149151,71
149152,56
149153,45
149154,76
149155,88
149156,53
149157,18
149158,78
149159,24
149160,45
149161,38
149162,24
149163,39
149164,44
149165,21
149166,22
149167,39
149168,55
149169,39
149170,39
149171,19
149172,20
149173,30
149174,23
149175,59
149176,63
149177,54
149178,45
149179,21
149180,70
149181,49
149182,39
149183,54
149184,82
149185,39
149186,39
149187,45
149188,75
149189,60
149190,60
149191,17
149192,51
149193,39
149194,18
149195,53
149196,39
149197,45
149198,66
149199,69
149200,70
149201,48
149202,38
149203,22
149204,75
149205,45
149206,21
149207,57
149208,22
149209,53
149210,75
149211,49
149212,45
149213,18
149214,63
149215,58
149216,81
149217,23
149218,21
149219,17
149220,16
149221,23
149222,24
149223,38
149224,45
149225,22
149226,15
149227,23
149228,17
149229,23
149230,17
149231,75
149232,75
149233,45
149234,57
149235,45
149236,17
149237,45
149238,18
149239,24
149240,23
149241,60
149242,22
149243,16
149244,32
149245,23
149246,38
149247,38
149248,45
149249,38
149250,53
149251,45
149252,38
149253,25
149254,46
149255,23
149256,16
149257,21
149258,62
149259,24
149260,54
149261,38
149262,48
149263,22
149264,44
149265,43
149266,25
149267,45
149268,59
149269,24
149270,15
149271,53
149272,23
149273,19
149274,17
149275,25
149276,38
149277,25
149278,59
149279,66
149280,45
149281,22
149282,74
149283,38
149284,45
149285,70
149286,63
149287,30
149288,39
149289,38
149290,38
149291,66
149292,38
149293,80
149294,58
149295,81
149296,74
149297,67
149298,42
149299,38
149300,48
149301,60
149302,24
149303,30
149304,45
149305,14
149306,64
149307,24
149308,39
149309,54
149310,24
149311,23
149312,45
149313,53
149314,47
149315,23
149316,47
149317,45
149318,18
149319,18
149320,51
149321,14
149322,22
149323,23
149324,47
149325,23
149326,42
149327,44
149328,79
149329,64
149330,22
149331,17
149332,50
149333,54
149334,20
149335,21
149336,54
149337,46
149338,22
149339,58
149340,20
149341,63
149342,20
149343,45
149344,21
149345,53
149346,63
149347,23
149348,14
149349,30
149350,38
149351,30
149352,57
149353,46
149354,38
149355,62
149356,16
149357,22
149358,63
149359,49
149360,45
149361,23
149362,62
149363,22
149364,12
149365,21
149366,45
149367,45
149368,23
149369,23
149370,68
149371,48
149372,46
149373,15
149374,55
149375,44
149376,80
149377,15
149378,22
149379,45
149380,40
149381,16
149382,54
149383,15
149384,59
149385,38
149386,53
149387,20
149388,47
149389,61
149390,20
149391,23
149392,41
149393,18
149394,45
149395,54
149396,38
149397,22
149398,59
149399,64
149400,23
149401,38
149402,24
149403,24
149404,18
149405,20
149406,21
149407,38
149408,70
149409,38
149410,75
149411,23
149412,58
149413,75
149414,14
149415,22
149416,56
149417,75
149418,73
149419,63
149420,54
149421,24
149422,24
149423,16
149424,15
149425,15
149426,53
149427,79
149428,63
149429,38
149430,60
149431,65
149432,13
149433,47
149434,38
149435,21
149436,56
149437,18
149438,18
149439,69
149440,22
149441,30
149442,15
149443,60
149444,25
149445,77
149446,75
149447,23
149448,46
149449,54
149450,48
149451,38
149452,48
149453,40
149454,13
149455,45
149456,18
149457,55
149458,24
149459,48
149460,44
149461,21
149462,54
149463,51
149464,22
149465,28
149466,62
149467,38
149468,53
149469,24
149470,62
149471,59
149472,21
149473,55
149474,44
149475,59
149476,75
149477,35
149478,45
149479,38
149480,19
149481,45
149482,65
149483,38
149484,48
149485,48
149486,22
149487,45
149488,25
149489,30
149490,63
149491,58
149492,45
149493,24
149494,21
149495,38
149496,38
149497,68
149498,45
149499,17
149500,50
149501,22
149502,40
149503,75
149504,14
149505,17
149506,22
149507,51
149508,57
149509,54
149510,49
149511,19
149512,24
149513,20
149514,38
149515,21
149516,38
149517,54
149518,75
149519,21
149520,19
149521,18
149522,45
149523,62
149524,87
149525,77
149526,75
149527,45
149528,59
149529,23
149530,38
149531,38
149532,22
149533,21
149534,13
149535,24
149536,19
149537,63
149538,30
149539,25
149540,44
149541,54
149542,19
149543,22
149544,77
149545,63
149546,49
149547,64
149548,23
149549,38
149550,55
149551,58
149552,17
149553,30
149554,45
149555,80
149556,21
149557,79
149558,65
149559,76
149560,54
149561,81
149562,45
149563,67
149564,22
149565,58
149566,14
149567,38
149568,14
149569,42
149570,65
149571,28
149572,14
149573,13
149574,60
149575,22
149576,67
149577,75
149578,70
149579,44
149580,16
149581,46
149582,87
149583,24
149584,24
149585,63
149586,61
149587,23
149588,24
149589,47
149590,21
149591,38
149592,45
149593,38
149594,64
149595,63
149596,38
149597,59
149598,76
149599,38
149600,21
149601,74
149602,65
149603,60
149604,45
149605,31
149606,23
149607,47
149608,38
149609,38
149610,39
149611,75
149612,54
149613,66
149614,18
149615,49
149616,66
149617,66
149618,46
149619,21
149620,47
149621,76
149622,69
149623,49
149624,46
149625,46
149626,54
149627,18
149628,13
149629,82
149630,70
149631,47
149632,25
149633,15
149634,55
149635,75
149636,21
149637,61
149638,46
149639,19
149640,17
149641,24
149642,24
149643,46
149644,39
149645,46
149646,55
149647,46
149648,46
149649,47
149650,18
149651,22
149652,23
149653,22
149654,23
149655,46
149656,54
149657,24
149658,20
149659,46
149660,54
149661,23
149662,24
149663,31
149664,14
149665,17
149666,24
149667,25
149668,23
149669,46
149670,33
149671,46
149672,39
149673,20
149674,46
149675,31
149676,19
149677,24
149678,55
149679,24
149680,19
149681,55
149682,24
149683,15
149684,23
149685,55
149686,24
149687,14
149688,46
149689,25
149690,25
149691,25
149692,46
149693,46
149694,21
149695,68
149696,39
149697,56
149698,46
149699,55
149700,72
149701,18
149702,75
149703,21
149704,53
149705,71
149706,18
149707,46
149708,54
149709,48
149710,20
149711,46
149712,13
149713,25
149714,39
149715,24
149716,22
149717,67
149718,49
149719,20
149720,49
149721,24
149722,46
149723,14
149724,80
149725,24
149726,28
149727,76
149728,22
149729,77
149730,45
149731,63
149732,89
149733,67
149734,69
149735,73
149736,50
149737,45
149738,39
149739,46
149740,22
149741,23
149742,21
149743,42
149744,17
149745,45
149746,46
149747,52
149748,15
149749,40
149750,49
149751,55
149752,23
149753,55
149754,39
149755,16
149756,39
149757,73
149758,23
149759,27
149760,49
149761,31
149762,18
149763,24
149764,66
149765,17
149766,55
149767,22
149768,24
149769,19
149770,19
149771,25
149772,49
149773,25
149774,48
149775,20
149776,46
149777,46
149778,15
149779,19
149780,65
149781,57
149782,46
149783,39
149784,14
149785,39
149786,49
149787,41
149788,55
149789,39
149790,69
149791,65
149792,57
149793,58
149794,24
149795,48
149796,62
149797,22
149798,47
149799,22
149800,50
149801,29
149802,22
149803,39
149804,61
149805,25
149806,56
149807,15
149808,39
149809,42
149810,47
149811,39
149812,75
149813,70
149814,59
149815,78
149816,46
149817,63
149818,46
149819,13
149820,71
149821,46
149822,25
149823,67
149824,59
149825,48
149826,39
149827,46
149828,73
149829,23
149830,16
149831,63
149832,22
149833,23
149834,20
149835,46
149836,60
149837,46
149838,14
149839,19
149840,75
149841,20
149842,25
149843,20
149844,39
149845,78
149846,24
149847,23
149848,75
149849,21
149850,78
149851,75
149852,54
149853,81
149854,43
149855,15
149856,18
149857,67
149858,23
149859,41
149860,18
149861,61
149862,24
149863,17
149864,14
149865,47
149866,75
149867,47
149868,41
149869,39
149870,52
149871,39
149872,13
149873,24
149874,55
149875,61
149876,24
149877,22
149878,63
149879,48
149880,24
149881,25
149882,47
149883,41
149884,77
149885,75
149886,25
149887,39
149888,13
149889,56
149890,61
149891,76
149892,39
149893,24
149894,25
149895,39
149896,18
149897,46
149898,46
149899,70
149900,72
149901,40
149902,16
149903,15
149904,24
149905,49
149906,78
149907,17
149908,61
149909,23
149910,46
149911,54
149912,14
149913,66
149914,59
149915,46
149916,55
149917,49
149918,31
149919,46
149920,39
149921,39
149922,22
149923,24
149924,25
149925,40
149926,18
149927,15
149928,63
149929,56
149930,16
149931,47
149932,48
149933,67
149934,25
149935,45
149936,19
149937,46
149938,17
149939,24
149940,75
149941,46
149942,31
149943,31
149944,50
149945,20
149946,24
149947,18
149948,24
149949,80
149950,69
149951,76
149952,41
149953,21
149954,46
149955,39
149956,49
149957,45
149958,59
149959,24
149960,23
149961,46
149962,49
149963,39
149964,32
149965,81
149966,31
149967,55
149968,63
149969,25
149970,21
149971,17
149972,46
149973,69
149974,59
149975,39
149976,54
149977,54
149978,48
149979,77
149980,74
149981,15
149982,40
149983,65
149984,63
149985,24
149986,49
149987,22
149988,57
149989,25
149990,65
149991,61
149992,54
149993,25
149994,71
149995,47
149996,13
149997,19
149998,79
149999,39
150000,81
150001,31
150002,46
150003,65
150004,13
150005,64
150006,39
150007,60
150008,45
150009,61
150010,19
150011,91
150012,25
150013,75
150014,33
150015,17
150016,15
150017,59
150018,23
150019,64
150020,48
150021,65
150022,39
150023,55
150024,46
150025,19
150026,48
150027,54
150028,39
150029,53
150030,39
150031,22
150032,75
150033,75
150034,48
150035,25
150036,77
150037,56
150038,78
150039,70
150040,75
150041,54
150042,39
150043,40
150044,67
150045,23
150046,60
150047,21
150048,75
150049,40
150050,24
150051,45
150052,16
150053,22
150054,47
150055,45
150056,45
150057,25
150058,38
150059,45
150060,54
150061,14
150062,38
150063,38
150064,38
150065,24
150066,60
150067,17
150068,53
150069,41
150070,14
150071,75
150072,45
150073,21
150074,45
150075,45
150076,58
150077,23
150078,25
150079,59
150080,46
150081,18
150082,19
150083,45
150084,54
150085,21
150086,54
150087,24
150088,46
150089,18
150090,38
150091,43
150092,58
150093,22
150094,24
150095,38
150096,45
150097,24
150098,21
150099,38
150100,22
150101,18
150102,47
150103,45
150104,31
150105,53
150106,38
150107,45
150108,25
150109,59
150110,39
150111,45
150112,45
150113,31
150114,17
150115,17
150116,17
150117,22
150118,38
150119,47
150120,45
150121,60
150122,24
150123,48
150124,22
150125,45
150126,54
150127,18
150128,25
150129,19
150130,38
150131,45
150132,31
150133,38
150134,24
150135,38
150136,82
150137,54
150138,22
150139,56
150140,21
150141,17
150142,69
150143,71
150144,75
150145,38
150146,53
150147,54
150148,45
150149,57
150150,23
150151,65
150152,45
150153,51
150154,89
150155,46
150156,71
150157,19
150158,49
150159,45
150160,45
150161,30
150162,58
150163,67
150164,23
150165,38
150166,24
150167,25
150168,41
150169,66
150170,52
150171,59
150172,68
150173,21
150174,21
150175,45
150176,54
150177,54
150178,20
150179,51
150180,46
150181,18
150182,47
150183,57
150184,13
150185,20
150186,45
150187,30
150188,36
150189,22
150190,38
150191,20
150192,68
150193,30
150194,59
150195,18
150196,67
150197,38
150198,74
150199,45
150200,19
150201,15
150202,22
150203,22
150204,19
150205,13
150206,16
150207,72
150208,38
150209,14
150210,17
150211,23
150212,45
150213,38
150214,46
150215,22
150216,15
150217,31
150218,14
150219,24
150220,23
150221,19
150222,53
150223,21
150224,14
150225,45
150226,16
150227,21
150228,30
150229,47
150230,54
150231,39
150232,14
150233,38
150234,23
150235,76
150236,40
150237,18
150238,38
150239,46
150240,50
150241,72
150242,60
150243,63
150244,65
150245,35
150246,45
150247,43
150248,45
150249,24
150250,20
150251,14
150252,17
150253,47
150254,54
150255,59
150256,23
150257,55
150258,51
150259,16
150260,45
150261,24
150262,18
150263,40
150264,18
150265,38
150266,19
150267,54
150268,53
150269,46
150270,59
150271,70
150272,21
150273,38
150274,38
150275,68
150276,86
150277,38
150278,18
150279,55
150280,25
150281,88
150282,25
150283,61
150284,60
150285,73
150286,58
150287,20
150288,57
150289,45
150290,45
150291,16
150292,80
150293,55
150294,49
150295,38
150296,45
150297,16
150298,21
150299,58
150300,24
150301,53
150302,54
150303,30
150304,30
150305,23
150306,38
150307,21
150308,38
150309,60
150310,46
150311,21
150312,16
150313,55
150314,70
150315,58
150316,54
150317,23
150318,38
150319,22
150320,79
150321,15
150322,54
150323,38
150324,38
150325,14
150326,66
150327,22
150328,53
150329,24
150330,73
150331,17
150332,76
150333,75
150334,38
150335,18
150336,16
150337,24
150338,23
150339,39
150340,62
150341,39
150342,58
150343,47
150344,45
150345,39
150346,45
150347,65
150348,38
150349,65
150350,47
150351,45
150352,55
150353,45
150354,45
150355,14
150356,18
150357,52
150358,48
150359,23
150360,40
150361,15
150362,30
150363,53
150364,71
150365,17
150366,38
150367,68
150368,39
150369,15
150370,16
150371,31
150372,45
150373,60
150374,45
150375,24
150376,24
150377,44
150378,16
150379,25
150380,75
150381,45
150382,40
150383,45
150384,76
150385,24
150386,14
150387,68
150388,45
150389,54
150390,45
150391,38
150392,63
150393,67
150394,21
150395,45
150396,55
150397,65
150398,74
150399,73
150400,53
150401,54
150402,30
150403,45
150404,31
150405,30
150406,18
150407,38
150408,55
150409,71
150410,45
150411,47
150412,90
150413,14
150414,57
150415,75
150416,41
150417,39
150418,53
150419,38
150420,45
150421,75
150422,44
150423,64
150424,24
150425,48
150426,16
150427,20
150428,54
150429,20
150430,38
150431,40
150432,31
150433,54
150434,18
150435,80
150436,59
150437,88
150438,54
150439,60
150440,45
150441,13
150442,38
150443,39
150444,20
150445,71
150446,30
150447,53
150448,39
150449,54
150450,75
150451,20
150452,38
150453,20
150454,59
150455,17
150456,60
150457,63
150458,55
150459,75
150460,38
150461,75
150462,64
150463,54
150464,53
150465,23
150466,45
150467,38
150468,54
150469,21
150470,39
150471,13
150472,19
150473,55
150474,73
150475,59
150476,59
150477,24
150478,54
150479,75
150480,25
150481,45
150482,14
150483,45
150484,22
150485,25
150486,48
150487,20
150488,39
150489,39
150490,22
150491,55
150492,58
150493,15
150494,25
150495,22
150496,24
150497,46
150498,21
150499,47
150500,45
150501,75
150502,63
150503,60
150504,63
150505,24
150506,14
150507,45
150508,40
150509,18
150510,46
150511,45
150512,20
150513,13
150514,55
150515,24
150516,16
150517,23
150518,48
150519,54
150520,19
150521,47
150522,13
150523,39
150524,47
150525,20
150526,24
150527,23
150528,18
150529,75
150530,24
150531,23
150532,63
150533,24
150534,64
150535,13
150536,18
150537,39
150538,52
150539,62
150540,22
150541,22
150542,51
150543,22
150544,54
150545,24
150546,24
150547,56
150548,19
150549,17
150550,39
150551,39
150552,45
150553,45
150554,21
150555,45
150556,19
150557,25
150558,45
150559,45
150560,45
150561,64
150562,47
150563,67
150564,66
150565,15
150566,71
150567,49
150568,24
150569,24
150570,83
150571,75
150572,15
150573,55
150574,54
150575,22
150576,62
150577,71
150578,25
150579,75
150580,38
150581,45
150582,25
150583,39
150584,25
150585,91
150586,54
150587,75
150588,54
150589,38
150590,65
150591,67
150592,15
150593,17
150594,47
150595,24
150596,39
150597,32
150598,79
150599,39
150600,75
150601,60
150602,40
150603,39
150604,73
150605,55
150606,45
150607,22
150608,24
150609,54
150610,42
150611,46
150612,59
150613,60
150614,54
150615,73
150616,17
150617,22
150618,23
150619,64
150620,21
150621,22
150622,24
150623,21
150624,39
150625,13
150626,60
150627,39
150628,23
150629,15
150630,47
150631,15
150632,56
150633,70
150634,24
150635,55
150636,65
150637,45
150638,39
150639,17
150640,39
150641,24
150642,22
150643,23
150644,25
150645,31
150646,47
150647,45
150648,20
150649,55
150650,39
150651,50
150652,31
150653,20
150654,39
150655,32
150656,45
150657,49
150658,25
150659,19
150660,14
150661,23
150662,49
150663,19
150664,39
150665,71
150666,64
150667,72
150668,18
150669,66
150670,39
150671,31
150672,25
150673,53
150674,51
150675,39
150676,55
150677,53
150678,39
150679,21
150680,60
150681,59
150682,18
150683,54
150684,47
150685,23
150686,39
150687,65
150688,14
150689,14
150690,78
150691,75
150692,58
150693,69
150694,17
150695,25
150696,61
150697,55
150698,39
150699,18
150700,57
150701,18
150702,25
150703,60
150704,48
150705,31
150706,58
150707,47
150708,16
150709,23
150710,39
150711,19
150712,20
150713,22
150714,62
150715,65
150716,38
150717,41
150718,40
150719,16
150720,24
150721,45
150722,31
150723,23
150724,18
150725,54
150726,75
150727,47
150728,15
150729,23
150730,39
150731,39
150732,58
150733,25
150734,13
150735,24
150736,24
150737,54
150738,75
150739,15
150740,39
150741,31
150742,19
150743,45
150744,41
150745,25
150746,31
150747,54
150748,31
150749,21
150750,39
150751,41
150752,24
150753,19
150754,45
150755,49
150756,47
150757,45
150758,59
150759,72
150760,22
150761,14
150762,25
150763,22
150764,64
150765,45
150766,39
150767,54
150768,60
150769,54
150770,58
150771,18
150772,54
150773,78
150774,69
150775,58
150776,31
150777,47
150778,16
150779,75
150780,60
150781,24
150782,17
150783,25
150784,45
150785,54
150786,22
150787,25
150788,39
150789,24
150790,21
150791,20
150792,13
150793,75
150794,22
150795,21
150796,42
150797,45
150798,74
150799,24
150800,21
150801,18
150802,22
150803,67
150804,46
150805,14
150806,80
150807,39
150808,70
150809,58
150810,74
150811,51
150812,67
150813,23
150814,20
150815,13
150816,17
150817,76
150818,47
150819,45
150820,78
150821,54
150822,46
150823,60
150824,67
150825,69
150826,22
150827,42
150828,15
150829,18
150830,47
150831,25
150832,13
150833,61
150834,45
150835,48
150836,62
150837,55
150838,18
150839,23
150840,23
150841,45
150842,18
150843,25
150844,20
150845,39
150846,90
150847,46
150848,15
150849,68
150850,39
150851,15
150852,14
150853,65
150854,65
150855,53
150856,21
150857,17
150858,60
150859,45
150860,22
150861,47
150862,22
150863,39
150864,60
150865,75
150866,66
150867,14
150868,46
150869,55
150870,25
150871,78
150872,39
150873,75
150874,75
150875,22
150876,75
150877,89
150878,80
150879,53
150880,17
150881,45
150882,56
150883,null
150884,45
150885,92
150886,60
150887,71
150888,75
150889,70
150890,60
150891,61
150892,76
150893,46
150894,87
150895,64
150896,89
150897,63
150898,58
150899,71
150900,68
150901,85
150902,54
150903,62
150904,63
150905,59
150906,72
150907,62
150908,59
150909,48
150910,41
150911,59
150912,71
150913,55
150914,83
150915,76
150916,81
150917,47
150918,62
150919,63
150920,45
150921,72
150922,73
150923,63
150924,48
150925,53
150926,64
150927,48
150928,53
150929,65
150930,63
150931,75
150932,82
150933,70
150934,65
150935,66
150936,70
150937,54
150938,77
150939,65
150940,73
150941,57
150942,35
150943,61
150944,55
150945,73
150946,65
150947,54
150948,75
150949,27
150950,76
150951,63
150952,50
150953,51
150954,64
150955,50
150956,59
150957,59
150958,19
150959,38
150960,27
150961,65
150962,46
150963,75
150964,61
150965,44
150966,46
150967,57
150968,58
150969,49
150970,57
150971,29
150972,45
150973,58
150974,27
150975,45
150976,61
150977,70
150978,61
150979,75
150980,62
150981,50
150982,24
150983,59
150984,63
150985,70
150986,60
150987,56
150988,57
150989,74
150990,64
150991,52
150992,56
150993,45
150994,70
150995,59
150996,58
150997,65
150998,50
150999,50
151000,74
151001,34
151002,59
151003,54
151004,52
151005,68
151006,60
151007,52
151008,64
151009,54
151010,72
151011,44
151012,75
151013,58
151014,62
151015,59
151016,71
151017,20
151018,38
151019,60
151020,57
151021,58
151022,53
151023,58
151024,51
151025,75
151026,64
151027,46
151028,60
151029,35
151030,51
151031,63
151032,23
151033,50
151034,60
151035,46
151036,34
151037,57
151038,64
151039,60
151040,59
151041,45
151042,58
151043,57
151044,52
151045,63
151046,61
151047,46
151048,61
151049,57
151050,65
151051,75
151052,35
151053,76
151054,57
151055,56
151056,65
151057,65
151058,58
151059,67
151060,55
151061,58
151062,53
151063,65
151064,77
151065,63
151066,27
151067,63
151068,51
151069,23
151070,22
151071,50
151072,43
151073,57
151074,42
151075,57
151076,53
151077,44
151078,39
151079,55
151080,20
151081,65
151082,75
151083,62
151084,62
151085,67
151086,49
151087,54
151088,63
151089,59
151090,58
151091,64
151092,50
151093,55
151094,48
151095,58
151096,79
151097,55
151098,36
151099,60
151100,75
151101,43
151102,59
151103,48
151104,63
151105,63
151106,28
151107,42
151108,32
151109,48
151110,32
151111,48
151112,58
151113,68
151114,57
151115,69
151116,69
151117,48
151118,81
151119,71
151120,75
151121,64
151122,75
151123,50
151124,47
151125,65
151126,51
151127,60
151128,44
151129,71
151130,39
151131,41
151132,34
151133,64
151134,30
151135,58
151136,66
151137,70
151138,41
151139,64
151140,40
151141,58
151142,53
151143,75
151144,77
151145,57
151146,59
151147,59
151148,73
151149,87
151150,60
151151,77
151152,77
151153,57
151154,63
151155,61
151156,51
151157,63
151158,59
151159,57
151160,40
151161,63
151162,45
151163,42
151164,36
151165,54
151166,55
151167,65
151168,54
151169,56
151170,69
151171,54
151172,60
151173,45
151174,43
151175,54
151176,63
151177,55
151178,63
151179,20
151180,61
151181,31
151182,66
151183,28
151184,66
151185,48
151186,60
151187,79
151188,51
151189,53
151190,57
151191,33
151192,67
151193,56
151194,27
151195,56
151196,59
151197,73
151198,38
151199,69
151200,39
151201,54
151202,70
151203,64
151204,61
151205,49
151206,27
151207,21
151208,59
151209,45
151210,68
151211,53
151212,59
151213,51
151214,60
151215,55
151216,49
151217,61
151218,48
151219,54
151220,60
151221,59
151222,47
151223,52
151224,31
151225,53
151226,59
151227,54
151228,56
151229,22
151230,49
151231,34
151232,59
151233,31
151234,42
151235,57
151236,58
151237,38
151238,39
151239,62
151240,58
151241,54
151242,54
151243,50
151244,63
151245,52
151246,27
151247,62
151248,61
151249,20
151250,36
151251,49
151252,55
151253,27
151254,54
151255,17
151256,35
151257,61
151258,34
151259,27
151260,50
151261,57
151262,54
151263,53
151264,79
151265,75
151266,62
151267,53
151268,61
151269,73
151270,45
151271,28
151272,58
151273,46
151274,57
151275,36
151276,40
151277,null
151278,null
151279,45
151280,74
151281,58
151282,55
151283,64
151284,58
151285,55
151286,58
151287,48
151288,31
151289,57
151290,59
151291,53
151292,63
151293,54
151294,57
151295,54
151296,null
151297,null
151298,75
151299,null
151300,67
151301,74
151302,55
151303,63
151304,null
151305,62
151306,84
151307,null
151308,65
151309,49
151310,54
151311,59
151312,70
151313,48
151314,69
151315,39
151316,52
151317,65
151318,56
151319,64
151320,null
151321,61
151322,64
151323,50
151324,65
151325,51
151326,null
151327,48
151328,null
151329,56
151330,null
151331,63
151332,null
151333,62
151334,48
151335,null
151336,null
151337,63
151338,60
151339,null
151340,null
151341,66
151342,46
151343,null
151344,null
151345,null
151346,65
151347,66
151348,62
151349,65
151350,57
151351,36
151352,39
151353,null
151354,21
151355,45
151356,63
151357,34
151358,37
151359,64
151360,null
151361,null
151362,72
151363,44
151364,60
151365,67
151366,null
151367,59
151368,null
151369,null
151370,54
151371,null
151372,57
151373,null
151374,null
151375,63
151376,72
151377,62
151378,72
151379,51
151380,null
151381,60
151382,60
151383,58
151384,54
151385,48
151386,null
151387,null
151388,65
151389,56
151390,54
151391,60
151392,null
151393,68
151394,53
151395,62
151396,45
151397,null
151398,63
151399,85
151400,57
151401,54
151402,64
151403,46
151404,51
151405,64
151406,56
151407,null
151408,null
151409,51
151410,63
151411,55
151412,51
151413,42
151414,null
151415,null
151416,null
151417,58
151418,null
151419,null
151420,43
151421,44
151422,null
151423,52
151424,null
151425,32
151426,null
151427,55
151428,null
151429,53
151430,66
151431,56
151432,null
151433,null
151434,65
151435,null
151436,50
151437,null
151438,59
151439,57
151440,53
151441,75
151442,60
151443,49
151444,58
151445,null
151446,null
151447,75
151448,77
151449,66
151450,68
151451,53
151452,null
151453,63
151454,61
151455,null
151456,65
151457,73
151458,null
151459,52
151460,null
151461,56
151462,62
151463,69
151464,null
151465,40
151466,68
151467,57
151468,null
151469,61
151470,43
151471,85
151472,65
151473,63
151474,44
151475,40
151476,55
151477,66
151478,null
151479,null
151480,56
151481,61
151482,null
151483,59
151484,69
151485,81
151486,61
151487,64
151488,44
151489,57
151490,null
151491,56
151492,44
151493,null
151494,66
151495,49
151496,null
151497,null
151498,null
151499,33
151500,63
151501,null
151502,57
151503,57
151504,null
151505,61
151506,43
151507,70
151508,null
151509,57
151510,63
151511,51
151512,65
151513,60
151514,50
151515,63
151516,58
151517,null
151518,61
151519,54
151520,null
151521,60
151522,71
151523,54
151524,null
151525,78
151526,58
151527,41
151528,48
151529,51
151530,null
151531,60
151532,67
151533,66
151534,46
151535,null
151536,74
151537,51
151538,54
151539,40
151540,40
151541,35
151542,42
151543,null
151544,null
151545,null
151546,70
151547,null
151548,43
151549,null
151550,51
151551,60
151552,66
151553,53
151554,78
151555,68
151556,57
151557,null
151558,28
151559,58
151560,60
151561,52
151562,70
151563,27
151564,80
151565,60
151566,56
151567,67
151568,63
151569,41
151570,43
151571,null
151572,null
151573,66
151574,66
151575,62
151576,68
151577,57
151578,null
151579,85
151580,80
151581,36
151582,19
151583,75
151584,80
151585,85
151586,45
151587,85
151588,71
151589,46
151590,45
151591,57
151592,null
151593,62
151594,46
151595,87
151596,null
151597,65
151598,58
151599,47
151600,58
151601,90
151602,73
151603,63
151604,79
151605,null
151606,50
151607,null
151608,58
151609,71
151610,67
151611,29
151612,null
151613,51
151614,null
151615,51
151616,72
151617,80
151618,62
151619,49
151620,45
151621,27
151622,51
151623,47
151624,null
151625,44
151626,null
151627,64
151628,45
151629,64
151630,36
151631,null
151632,null
151633,49
151634,79
151635,16
151636,65
151637,67
151638,37
151639,60
151640,24
151641,48
151642,80
151643,52
151644,56
151645,62
151646,60
151647,49
151648,57
151649,56
151650,58
151651,80
151652,62
151653,51
151654,89
151655,59
151656,56
151657,65
151658,66
151659,60
151660,66
151661,65
151662,38
151663,80
151664,61
151665,78
151666,69
151667,62
151668,75
151669,53
151670,41
151671,48
151672,58
151673,62
151674,60
151675,51
151676,45
151677,46
151678,62
151679,58
151680,15
151681,46
151682,66
151683,60
151684,52
151685,57
151686,52
151687,57
151688,62
151689,61
151690,61
151691,51
151692,89
151693,63
151694,55
151695,64
151696,54
151697,55
151698,63
151699,54
151700,36
151701,59
151702,72
151703,67
151704,33
151705,42
151706,61
151707,53
151708,64
151709,58
151710,72
151711,60
151712,67
151713,61
151714,57
151715,21
151716,79
151717,62
151718,73
151719,44
151720,54
151721,69
151722,51
151723,52
151724,60
151725,63
151726,60
151727,60
151728,62
151729,55
151730,72
151731,67
151732,68
151733,55
151734,54
151735,60
151736,58
151737,75
151738,67
151739,68
151740,40
151741,51
151742,62
151743,69
151744,44
151745,51
151746,44
151747,58
151748,28
151749,50
151750,44
151751,71
151752,48
151753,42
151754,55
151755,47
151756,23
151757,52
151758,61
151759,50
151760,65
151761,60
151762,59
151763,78
151764,57
151765,60
151766,64
151767,65
151768,23
151769,60
151770,65
151771,55
151772,36
151773,52
151774,57
151775,34
151776,84
151777,67
151778,41
151779,64
151780,65
151781,43
151782,60
151783,83
151784,60
151785,85
151786,58
151787,60
151788,57
151789,57
151790,55
151791,84
151792,43
151793,64
151794,54
151795,77
151796,63
151797,75
151798,52
151799,27
151800,42
151801,49
151802,61
151803,72
151804,40
151805,60
151806,57
151807,37
151808,58
151809,75
151810,44
151811,59
151812,58
151813,58
151814,63
151815,57
151816,55
151817,60
151818,75
151819,35
151820,75
151821,36
151822,59
151823,55
151824,47
151825,54
151826,54
151827,63
151828,55
151829,55
151830,62
151831,45
151832,67
151833,65
151834,58
151835,63
151836,64
151837,65
151838,51
151839,50
151840,42
151841,36
151842,66
151843,62
151844,65
151845,30
151846,55
151847,63
151848,77
151849,63
151850,50
151851,78
151852,60
151853,62
151854,55
151855,54
151856,59
151857,53
151858,28
151859,39
151860,58
151861,75
151862,28
151863,51
151864,42
151865,27
151866,68
151867,51
151868,59
151869,68
151870,44
151871,20
151872,64
151873,56
151874,56
151875,29
151876,59
151877,62
151878,58
151879,57
151880,55
151881,29
151882,61
151883,67
151884,63
151885,49
151886,54
151887,54
151888,37
151889,54
151890,24
151891,36
151892,58
151893,63
151894,52
151895,57
151896,62
151897,42
151898,56
151899,25
151900,57
151901,68
151902,74
151903,36
151904,66
151905,42
151906,62
151907,66
151908,52
151909,58
151910,61
151911,74
151912,74
151913,75
151914,50
151915,60
151916,58
151917,56
151918,61
151919,63
151920,64
151921,51
151922,53
151923,64
151924,52
151925,43
151926,55
151927,61
151928,64
151929,57
151930,60
151931,48
151932,48
151933,59
151934,64
151935,61
151936,82
151937,56
151938,84
151939,50
151940,54
151941,62
151942,55
151943,65
151944,79
151945,79
151946,63
151947,36
151948,80
151949,57
151950,71
151951,52
151952,55
151953,78
151954,55
151955,59
151956,24
151957,62
151958,80
151959,61
151960,53
151961,60
151962,65
151963,53
151964,51
151965,21
151966,50
151967,83
151968,61
151969,49
151970,46
151971,24
151972,65
151973,56
151974,56
151975,87
151976,62
151977,92
151978,46
151979,53
151980,80
151981,63
151982,48
151983,66
151984,56
151985,62
151986,41
151987,59
151988,60
151989,54
151990,null
151991,49
151992,65
151993,63
151994,65
151995,49
151996,51
151997,null
151998,28
151999,46
152000,54
152001,54
152002,54
152003,59
152004,53
152005,57
152006,65
152007,69
152008,60
152009,70
152010,66
152011,54
152012,80
152013,65
152014,63
152015,67
152016,71
152017,51
152018,66
152019,60
152020,75
152021,60
152022,65
152023,60
152024,null
152025,51
152026,35
152027,31
152028,78
152029,63
152030,74
152031,44
152032,63
152033,79
152034,31
152035,68
152036,53
152037,55
152038,69
152039,58
152040,51
152041,null
152042,40
152043,72
152044,null
152045,51
152046,37
152047,48
152048,43
152049,56
152050,69
152051,51
152052,71
152053,63
152054,70
152055,69
152056,49
152057,null
152058,52
152059,64
152060,62
152061,59
152062,null
152063,61
152064,58
152065,57
152066,null
152067,53
152068,52
152069,null
152070,70
152071,null
152072,51
152073,54
152074,58
152075,60
152076,40
152077,52
152078,57
152079,69
152080,63
152081,47
152082,null
152083,58
152084,null
152085,59
152086,null
152087,53
152088,53
152089,60
152090,60
152091,47
152092,42
152093,null
152094,57
152095,64
152096,58
152097,62
152098,59
152099,35
152100,66
152101,43
152102,null
152103,null
152104,65
152105,58
152106,54
152107,60
152108,48
152109,null
152110,null
152111,59
152112,54
152113,59
152114,48
152115,48
152116,53
152117,57
152118,null
152119,83
152120,57
152121,null
152122,59
152123,59
152124,52
152125,27
152126,46
152127,64
152128,60
152129,55
152130,null
152131,45
152132,57
152133,60
152134,62
152135,56
152136,81
152137,64
152138,56
152139,null
152140,null
152141,57
152142,58
152143,42
152144,62
152145,null
152146,44
152147,62
152148,null
152149,43
152150,57
152151,null
152152,61
152153,68
152154,60
152155,null
152156,51
152157,null
152158,77
152159,68
152160,54
152161,49
152162,null
152163,56
152164,61
152165,27
152166,53
152167,63
152168,54
152169,59
152170,73
152171,61
152172,60
152173,57
152174,null
152175,55
152176,85
152177,null
152178,60
152179,61
152180,null
152181,54
152182,62
152183,50
152184,59
152185,56
152186,78
152187,60
152188,58
152189,55
152190,64
152191,62
152192,53
152193,64
152194,35
152195,25
152196,34
152197,57
152198,null
152199,51
152200,40
152201,75
152202,65
152203,60
152204,35
152205,28
152206,32
152207,51
152208,62
152209,62
152210,56
152211,null
152212,null
152213,61
152214,22
152215,66
152216,49
152217,37
152218,45
152219,55
152220,36
152221,73
152222,40
152223,59
152224,48
152225,null
152226,28
152227,null
152228,51
152229,null
152230,52
152231,56
152232,64
152233,62
152234,61
152235,48
152236,38
152237,78
152238,null
152239,null
152240,27
152241,56
152242,null
152243,75
152244,59
152245,51
152246,65
152247,68
152248,62
152249,60
152250,55
152251,null
152252,75
152253,38
152254,70
152255,56
152256,27
152257,60
152258,null
152259,null
152260,66
152261,70
152262,76
152263,66
152264,75
152265,null
152266,52
152267,null
152268,48
152269,null
152270,null
152271,61
152272,52
152273,55
152274,57
152275,51
152276,65
152277,58
152278,null
152279,63
152280,27
152281,49
152282,60
152283,64
152284,73
152285,52
152286,54
152287,65
152288,null
152289,80
152290,62
152291,54
152292,51
152293,null
152294,56
152295,27
152296,72
152297,64
152298,43
152299,66
152300,null
152301,56
152302,61
152303,74
152304,56
152305,53
152306,82
152307,61
152308,61
152309,80
152310,56
152311,86
152312,65
152313,54
152314,56
152315,63
152316,53
152317,55
152318,52
152319,52
152320,27
152321,73
152322,57
152323,65
152324,26
152325,null
152326,48
152327,82
152328,50
152329,44
152330,55
152331,56
152332,null
152333,71
152334,69
152335,46
152336,82
152337,65
152338,73
152339,59
152340,null
152341,58
152342,69
152343,54
152344,71
152345,57
152346,59
152347,55
152348,78
152349,76
152350,61
152351,56
152352,63
152353,61
152354,62
152355,41
152356,39
152357,53
152358,null
152359,73
152360,59
152361,58
152362,57
152363,null
152364,64
152365,47
152366,null
152367,70
152368,null
152369,36
152370,null
152371,null
152372,39
152373,37
152374,50
152375,null
152376,41
152377,64
152378,55
152379,61
152380,59
152381,55
152382,63
152383,54
152384,47
152385,57
152386,53
152387,56
152388,21
152389,53
152390,50
152391,58
152392,70
152393,40
152394,42
152395,71
152396,53
152397,69
152398,31
152399,43
152400,59
152401,79
152402,58
152403,64
152404,53
152405,39
152406,58
152407,68
152408,56
152409,32
152410,53
152411,61
152412,65
152413,62
152414,63
152415,57
152416,56
152417,52
152418,59
152419,66
152420,52
152421,60
152422,54
152423,56
152424,70
152425,35
152426,54
152427,56
152428,59
152429,54
152430,58
152431,59
152432,50
152433,70
152434,40
152435,48
152436,65
152437,55
152438,53
152439,55
152440,75
152441,53
152442,43
152443,50
152444,55
152445,49
152446,58
152447,63
152448,60
152449,60
152450,49
152451,53
152452,63
152453,53
152454,63
152455,67
152456,65
152457,42
152458,23
152459,61
152460,59
152461,58
152462,73
152463,17
152464,26
152465,52
152466,46
152467,55
152468,52
152469,60
152470,20
152471,62
152472,58
152473,63
152474,23
152475,57
152476,56
152477,69
152478,49
152479,20
152480,87
152481,56
152482,57
152483,48
152484,59
152485,61
152486,80
152487,62
152488,49
152489,36
152490,52
152491,43
152492,52
152493,47
152494,55
152495,54
152496,36
152497,37
152498,58
152499,70
152500,52
152501,73
152502,62
152503,65
152504,78
152505,52
152506,60
152507,45
152508,55
152509,55
152510,28
152511,35
152512,60
152513,59
152514,57
152515,15
152516,52
152517,64
152518,58
152519,61
152520,66
152521,67
152522,32
152523,74
152524,56
152525,61
152526,61
152527,66
152528,66
152529,60
152530,28
152531,44
152532,31
152533,63
152534,58
152535,70
152536,55
152537,64
152538,63
152539,59
152540,31
152541,45
152542,25
152543,62
152544,66
152545,60
152546,47
152547,42
152548,45
152549,54
152550,56
152551,51
152552,62
152553,62
152554,43
152555,58
152556,57
152557,59
152558,38
152559,48
152560,50
152561,53
152562,43
152563,64
152564,57
152565,55
152566,50
152567,47
152568,49
152569,51
152570,60
152571,61
152572,57
152573,32
152574,72
152575,27
152576,69
152577,22
152578,50
152579,52
152580,53
152581,26
152582,65
152583,55
152584,36
152585,59
152586,52
152587,49
152588,59
152589,65
152590,37
152591,38
152592,53
152593,71
152594,47
152595,59
152596,54
152597,31
152598,65
152599,38
152600,54
152601,62
152602,50
152603,91
152604,62
152605,52
152606,54
152607,60
152608,44
152609,48
152610,66
152611,42
152612,49
152613,51
152614,62
152615,59
152616,69
152617,50
152618,44
152619,73
152620,56
152621,73
152622,61
152623,74
152624,42
152625,20
152626,82
152627,85
152628,57
152629,20
152630,56
152631,62
152632,52
152633,49
152634,64
152635,62
152636,60
152637,26
152638,47
152639,67
152640,34
152641,63
152642,60
152643,70
152644,64
152645,63
152646,56
152647,62
152648,52
152649,63
152650,70
152651,75
152652,57
152653,53
152654,53
152655,56
152656,44
152657,56
152658,59
152659,47
152660,53
152661,53
152662,60
152663,64
152664,55
152665,58
152666,35
152667,61
152668,42
152669,37
152670,27
152671,50
152672,40
152673,57
152674,57
152675,58
152676,62
152677,43
152678,72
152679,67
152680,66
152681,54
152682,63
152683,57
152684,89
152685,71
152686,87
152687,48
152688,53
152689,58
152690,64
152691,75
152692,67
152693,56
152694,40
152695,63
152696,54
152697,66
152698,78
152699,57
152700,58
152701,59
152702,57
152703,65
152704,58
152705,78
152706,61
152707,56
152708,60
152709,66
152710,60
152711,57
152712,70
152713,62
152714,52
152715,63
152716,52
152717,45
152718,54
152719,50
152720,62
152721,64
152722,61
152723,60
152724,73
152725,46
152726,49
152727,56
152728,59
152729,53
152730,85
152731,82
152732,39
152733,65
152734,75
152735,47
152736,50
152737,60
152738,85
152739,30
152740,58
152741,40
152742,63
152743,74
152744,57
152745,null
152746,50
152747,51
152748,66
152749,57
152750,46
152751,47
152752,null
152753,60
152754,70
152755,32
152756,null
152757,40
152758,65
152759,31
152760,76
152761,null
152762,56
152763,52
152764,62
152765,41
152766,54
152767,23
152768,59
152769,27
152770,65
152771,60
152772,37
152773,48
152774,47
152775,61
152776,55
152777,47
152778,48
152779,45
152780,37
152781,48
152782,39
152783,43
152784,54
152785,57
152786,59
152787,42
152788,62
152789,61
152790,61
152791,29
152792,28
152793,73
152794,56
152795,57
152796,66
152797,35
152798,61
152799,54
152800,21
152801,67
152802,55
152803,56
152804,63
152805,56
152806,59
152807,60
152808,52
152809,48
152810,56
152811,66
152812,30
152813,54
152814,49
152815,50
152816,63
152817,55
152818,75
152819,67
152820,43
152821,58
152822,22
152823,58
152824,47
152825,22
152826,66
152827,61
152828,52
152829,70
152830,41
152831,42
152832,52
152833,53
152834,73
152835,52
152836,70
152837,58
152838,54
152839,52
152840,62
152841,31
152842,20
152843,75
152844,58
152845,62
152846,60
152847,63
152848,64
152849,48
152850,60
152851,67
152852,56
152853,57
152854,24
152855,62
152856,61
152857,76
152858,70
152859,56
152860,63
152861,55
152862,59
152863,77
152864,56
152865,54
152866,50
152867,45
152868,47
152869,51
152870,31
152871,43
152872,48
152873,67
152874,31
152875,49
152876,44
152877,59
152878,41
152879,53
152880,53
152881,50
152882,77
152883,73
152884,75
152885,55
152886,68
152887,55
152888,60
152889,61
152890,27
152891,50
152892,55
152893,30
152894,46
152895,56
152896,56
152897,36
152898,45
152899,50
152900,59
152901,48
152902,53
152903,55
152904,61
152905,50
152906,40
152907,55
152908,51
152909,70
152910,59
152911,81
152912,41
152913,52
152914,59
152915,58
152916,47
152917,54
152918,60
152919,50
152920,46
152921,55
152922,30
152923,56
152924,49
152925,58
152926,37
152927,39
152928,43
152929,46
152930,49
152931,51
152932,47
152933,59
152934,49
152935,57
152936,61
152937,57
152938,36
152939,52
152940,60
152941,59
152942,58
152943,54
152944,49
152945,22
152946,50
152947,56
152948,61
152949,46
152950,53
152951,24
152952,42
152953,62
152954,38
152955,23
152956,61
152957,43
152958,44
152959,57
152960,50
152961,29
152962,57
152963,44
152964,49
152965,17
152966,41
152967,75
152968,47
152969,56
152970,54
152971,60
152972,92
152973,35
152974,73
152975,56
152976,59
152977,64
152978,56
152979,65
152980,52
152981,56
152982,40
152983,55
152984,46
152985,56
152986,67
152987,57
152988,73
152989,26
152990,50
152991,58
152992,27
152993,59
152994,44
152995,55
152996,72
152997,46
152998,86
152999,58
153000,52
153001,64
153002,59
153003,53
153004,59
153005,51
153006,61
153007,56
153008,32
153009,59
153010,51
153011,69
153012,71
153013,50
153014,41
153015,53
153016,44
153017,25
153018,64
153019,43
153020,63
153021,52
153022,41
153023,59
153024,46
153025,54
153026,57
153027,59
153028,61
153029,69
153030,57
153031,67
153032,25
153033,63
153034,58
153035,58
153036,55
153037,63
153038,72
153039,24
153040,61
153041,56
153042,47
153043,33
153044,58
153045,54
153046,53
153047,22
153048,59
153049,47
153050,41
153051,55
153052,72
153053,89
153054,47
153055,37
153056,88
153057,33
153058,56
153059,61
153060,75
153061,36
153062,42
153063,68
153064,78
153065,65
153066,74
153067,61
153068,66
153069,58
153070,71
153071,53
153072,55
153073,61
153074,60
153075,65
153076,61
153077,44
153078,55
153079,61
153080,60
153081,82
153082,43
153083,46
153084,47
153085,52
153086,45
153087,23
153088,52
153089,54
153090,58
153091,66
153092,51
153093,47
153094,58
153095,45
153096,72
153097,85
153098,58
153099,49
153100,73
153101,70
153102,54
153103,54
153104,51
153105,60
153106,69
153107,56
153108,55
153109,61
153110,52
153111,52
153112,70
153113,51
153114,59
153115,52
153116,50
153117,66
153118,59
153119,73
153120,64
153121,46
153122,34
153123,41
153124,47
153125,73
153126,42
153127,57
153128,68
153129,43
153130,51
153131,null
153132,56
153133,null
153134,54
153135,null
153136,59
153137,79
153138,63
153139,58
153140,null
153141,null
153142,59
153143,86
153144,35
153145,null
153146,null
153147,58
153148,56
153149,58
153150,52
153151,63
153152,50
153153,27
153154,62
153155,27
153156,69
153157,57
153158,45
153159,43
153160,71
153161,64
153162,28
153163,65
153164,66
153165,60
153166,45
153167,44
153168,45
153169,55
153170,65
153171,67
153172,66
153173,70
153174,46
153175,56
153176,20
153177,63
153178,39
153179,40
153180,72
153181,49
153182,64
153183,51
153184,61
153185,56
153186,59
153187,50
153188,54
153189,62
153190,68
153191,60
153192,58
153193,53
153194,36
153195,61
153196,45
153197,33
153198,71
153199,49
153200,46
153201,57
153202,75
153203,52
153204,60
153205,42
153206,57
153207,47
153208,63
153209,65
153210,57
153211,65
153212,47
153213,57
153214,51
153215,47
153216,65
153217,56
153218,25
153219,61
153220,51
153221,72
153222,55
153223,46
153224,54
153225,64
153226,55
153227,62
153228,67
153229,32
153230,48
153231,69
153232,54
153233,73
153234,55
153235,55
153236,22
153237,66
153238,41
153239,42
153240,63
153241,37
153242,59
153243,39
153244,63
153245,64
153246,48
153247,66
153248,63
153249,47
153250,57
153251,28
153252,75
153253,75
153254,73
153255,70
153256,75
153257,58
153258,61
153259,64
153260,72
153261,38
153262,59
153263,60
153264,62
153265,57
153266,46
153267,27
153268,59
153269,34
153270,64
153271,53
153272,23
153273,64
153274,53
153275,59
153276,61
153277,57
153278,49
153279,57
153280,57
153281,48
153282,61
153283,67
153284,53
153285,63
153286,71
153287,47
153288,49
153289,43
153290,62
153291,58
153292,62
153293,75
153294,70
153295,65
153296,59
153297,57
153298,54
153299,56
153300,55
153301,48
153302,30
153303,55
153304,57
153305,59
153306,78
153307,66
153308,60
153309,23
153310,68
153311,55
153312,56
153313,41
153314,51
153315,80
153316,61
153317,50
153318,75
153319,57
153320,63
153321,64
153322,23
153323,57
153324,65
153325,55
153326,59
153327,60
153328,67
153329,61
153330,56
153331,53
153332,49
153333,55
153334,58
153335,28
153336,55
153337,28
153338,57
153339,53
153340,68
153341,63
153342,46
153343,59
153344,32
153345,64
153346,61
153347,47
153348,67
153349,29
153350,51
153351,48
153352,80
153353,75
153354,48
153355,58
153356,70
153357,55
153358,91
153359,56
153360,62
153361,58
153362,56
153363,48
153364,32
153365,57
153366,62
153367,37
153368,60
153369,57
153370,51
153371,74
153372,49
153373,54
153374,75
153375,61
153376,42
153377,62
153378,59
153379,81
153380,54
153381,72
153382,79
153383,86
153384,63
153385,66
153386,55
153387,45
153388,77
153389,65
153390,51
153391,51
153392,60
153393,66
153394,36
153395,65
153396,55
153397,46
153398,66
153399,66
153400,81
153401,53
153402,66
153403,63
153404,54
153405,65
153406,73
153407,50
153408,67
153409,66
153410,60
153411,63
153412,55
153413,56
153414,45
153415,76
153416,71
153417,75
153418,75
153419,80
153420,62
153421,56
153422,63
153423,58
153424,65
153425,55
153426,81
153427,62
153428,76
153429,48
153430,54
153431,66
153432,23
153433,43
153434,59
153435,45
153436,63
153437,36
153438,89
153439,28
153440,55
153441,78
153442,64
153443,64
153444,54
153445,69
153446,49
153447,27
153448,52
153449,45
153450,64
153451,44
153452,64
153453,54
153454,65
153455,63
153456,60
153457,50
153458,50
153459,48
153460,59
153461,21
153462,44
153463,53
153464,55
153465,53
153466,57
153467,42
153468,52
153469,85
153470,75
153471,74
153472,80
153473,90
153474,54
153475,60
153476,48
153477,61
153478,56
153479,56
153480,53
153481,43
153482,60
153483,55
153484,78
153485,61
153486,67
153487,58
153488,55
153489,40
153490,63
153491,51
153492,40
153493,73
153494,27
153495,73
153496,75
153497,53
153498,61
153499,52
153500,71
153501,52
153502,59
153503,54
153504,44
153505,36
153506,null
153507,72
153508,34
153509,28
153510,63
153511,58
153512,31
153513,52
153514,48
153515,50
153516,50
153517,79
153518,47
153519,54
153520,null
153521,56
153522,null
153523,null
153524,50
153525,58
153526,80
153527,55
153528,50
153529,null
153530,null
153531,57
153532,62
153533,55
153534,75
153535,55
153536,54
153537,59
153538,52
153539,66
153540,75
153541,55
153542,59
153543,54
153544,55
153545,75
153546,78
153547,55
153548,48
153549,69
153550,64
153551,35
153552,60
153553,50
153554,61
153555,82
153556,63
153557,83
153558,52
153559,55
153560,65
153561,67
153562,42
153563,67
153564,49
153565,64
153566,56
153567,57
153568,71
153569,66
153570,47
153571,67
153572,67
153573,67
153574,30
153575,52
153576,65
153577,73
153578,53
153579,62
153580,33
153581,75
153582,56
153583,54
153584,62
153585,58
153586,62
153587,56
153588,64
153589,45
153590,50
153591,45
153592,64
153593,61
153594,58
153595,58
153596,69
153597,67
153598,47
153599,69
153600,73
153601,66
153602,62
153603,65
153604,53
153605,64
153606,72
153607,58
153608,39
153609,38
153610,68
153611,42
153612,25
153613,55
153614,70
153615,50
153616,66
153617,59
153618,59
153619,50
153620,68
153621,72
153622,82
153623,78
153624,62
153625,59
153626,65
153627,47
153628,49
153629,62
153630,65
153631,64
153632,56
153633,45
153634,22
153635,73
153636,53
153637,75
153638,33
153639,44
153640,38
153641,49
153642,70
153643,66
153644,54
153645,49
153646,60
153647,51
153648,56
153649,61
153650,29
153651,65
153652,59
153653,57
153654,24
153655,33
153656,57
153657,55
153658,32
153659,61
153660,64
153661,52
153662,52
153663,55
153664,62
153665,65
153666,54
153667,51
153668,58
153669,75
153670,47
153671,64
153672,31
153673,57
153674,58
153675,71
153676,45
153677,65
153678,67
153679,86
153680,46
153681,76
153682,61
153683,71
153684,63
153685,66
153686,45
153687,52
153688,54
153689,62
153690,73
153691,47
153692,65
153693,59
153694,66
153695,62
153696,59
153697,51
153698,60
153699,46
153700,48
153701,58
153702,28
153703,59
153704,67
153705,85
153706,67
153707,59
153708,55
153709,64
153710,64
153711,59
153712,60
153713,63
153714,65
153715,67
153716,73
153717,61
153718,57
153719,63
153720,28
153721,37
153722,58
153723,39
153724,41
153725,52
153726,66
153727,70
153728,75
153729,55
153730,63
153731,58
153732,61
153733,33
153734,62
153735,49
153736,57
153737,69
153738,89
153739,64
153740,75
153741,53
153742,53
153743,21
153744,36
153745,81
153746,69
153747,87
153748,75
153749,75
153750,42
153751,47
153752,56
153753,39
153754,61
153755,60
153756,31
153757,64
153758,66
153759,46
153760,75
153761,78
153762,45
153763,54
153764,61
153765,68
153766,83
153767,56
153768,53
153769,65
153770,27
153771,26
153772,56
153773,65
153774,56
153775,59
153776,62
153777,75
153778,56
153779,48
153780,46
153781,56
153782,47
153783,61
153784,75
153785,67
153786,51
153787,69
153788,65
153789,71
153790,85
153791,59
153792,67
153793,86
153794,66
153795,53
153796,58
153797,49
153798,60
153799,68
153800,56
153801,64
153802,59
153803,87
153804,51
153805,63
153806,63
153807,69
153808,86
153809,74
153810,63
153811,62
153812,55
153813,37
153814,51
153815,63
153816,50
153817,80
153818,52
153819,51
153820,57
153821,63
153822,70
153823,60
153824,47
153825,60
153826,53
153827,61
153828,41
153829,51
153830,62
153831,64
153832,55
153833,55
153834,80
153835,85
153836,58
153837,75
153838,65
153839,86
153840,59
153841,86
153842,63
153843,66
153844,34
153845,75
153846,60
153847,58
153848,57
153849,40
153850,56
153851,74
153852,66
153853,65
153854,53
153855,63
153856,59
153857,70
153858,61
153859,65
153860,69
153861,75
153862,73
153863,69
153864,51
153865,55
153866,39
153867,39
153868,59
153869,77
153870,72
153871,78
153872,83
153873,59
153874,49
153875,68
153876,32
153877,43
153878,33
153879,null
153880,69
153881,40
153882,null
153883,85
153884,74
153885,47
153886,80
153887,50
153888,60
153889,49
153890,80
153891,55
153892,64
153893,48
153894,null
153895,null
153896,60
153897,59
153898,64
153899,87
153900,63
153901,65
153902,54
153903,82
153904,56
153905,45
153906,56
153907,49
153908,13
153909,42
153910,59
153911,58
153912,74
153913,67
153914,43
153915,32
153916,78
153917,57
153918,55
153919,76
153920,64
153921,49
153922,63
153923,54
153924,15
153925,64
153926,74
153927,60
153928,61
153929,66
153930,53
153931,48
153932,31
153933,60
153934,67
153935,61
153936,62
153937,56
153938,53
153939,61
153940,73
153941,75
153942,56
153943,53
153944,65
153945,75
153946,53
153947,66
153948,56
153949,28
153950,49
153951,53
153952,57
153953,45
153954,59
153955,58
153956,62
153957,57
153958,60
153959,61
153960,57
153961,62
153962,53
153963,61
153964,63
153965,72
153966,71
153967,51
153968,32
153969,53
153970,29
153971,59
153972,60
153973,54
153974,48
153975,61
153976,58
153977,29
153978,57
153979,71
153980,75
153981,65
153982,61
153983,65
153984,62
153985,52
153986,44
153987,39
153988,66
153989,29
153990,58
153991,61
153992,54
153993,53
153994,55
153995,61
153996,32
153997,72
153998,42
153999,59
154000,55
154001,66
154002,55
154003,64
154004,23
154005,65
154006,56
154007,54
154008,57
154009,66
154010,22
154011,61
154012,53
154013,41
154014,36
154015,33
154016,51
154017,59
154018,56
154019,60
154020,74
154021,50
154022,15
154023,69
154024,56
154025,51
154026,40
154027,77
154028,55
154029,53
154030,45
154031,51
154032,32
154033,54
154034,18
154035,56
154036,53
154037,48
154038,60
154039,30
154040,64
154041,43
154042,66
154043,57
154044,44
154045,63
154046,31
154047,47
154048,66
154049,36
154050,59
154051,50
154052,52
154053,32
154054,61
154055,63
154056,79
154057,61
154058,75
154059,46
154060,47
154061,28
154062,37
154063,69
154064,67
154065,65
154066,17
154067,60
154068,61
154069,54
154070,46
154071,57
154072,55
154073,66
154074,62
154075,57
154076,79
154077,37
154078,80
154079,61
154080,65
154081,63
154082,69
154083,85
154084,59
154085,53
154086,65
154087,60
154088,54
154089,56
154090,53
154091,31
154092,90
154093,66
154094,59
154095,59
154096,54
154097,79
154098,75
154099,54
154100,29
154101,27
154102,43
154103,62
154104,70
154105,75
154106,59
154107,56
154108,75
154109,68
154110,85
154111,53
154112,51
154113,59
154114,75
154115,33
154116,36
154117,64
154118,67
154119,45
154120,64
154121,75
154122,46
154123,75
154124,62
154125,64
154126,49
154127,53
154128,39
154129,75
154130,27
154131,54
154132,57
154133,41
154134,66
154135,61
154136,51
154137,53
154138,68
154139,72
154140,46
154141,66
154142,54
154143,54
154144,54
154145,76
154146,64
154147,59
154148,51
154149,63
154150,60
154151,73
154152,60
154153,67
154154,63
154155,51
154156,58
154157,17
154158,61
154159,56
154160,55
154161,65
154162,46
154163,59
154164,54
154165,70
154166,62
154167,68
154168,78
154169,58
154170,13
154171,75
154172,67
154173,56
154174,62
154175,80
154176,74
154177,75
154178,55
154179,60
154180,64
154181,63
154182,51
154183,67
154184,50
154185,57
154186,62
154187,61
154188,54
154189,57
154190,65
154191,66
154192,60
154193,79
154194,82
154195,75
154196,70
154197,83
154198,63
154199,70
154200,63
154201,62
154202,67
154203,61
154204,45
154205,75
154206,65
154207,56
154208,60
154209,69
154210,81
154211,65
154212,54
154213,79
154214,47
154215,47
154216,61
154217,35
154218,45
154219,79
154220,69
154221,32
154222,56
154223,54
154224,64
154225,22
154226,64
154227,62
154228,null
154229,40
154230,32
154231,68
154232,65
154233,70
154234,55
154235,null
154236,53
154237,59
154238,null
154239,62
154240,66
154241,37
154242,null
154243,67
154244,63
154245,46
154246,32
154247,46
154248,53
154249,64
154250,69
154251,50
154252,null
154253,65
154254,62
154255,61
154256,65
154257,39
154258,65
154259,null
154260,55
154261,null
154262,54
154263,66
154264,44
154265,45
154266,56
154267,61
154268,48
154269,37
154270,21
154271,46
154272,75
154273,67
154274,41
154275,13
154276,34
154277,75
154278,44
154279,58
154280,68
154281,71
154282,31
154283,63
154284,57
154285,19
154286,49
154287,62
154288,66
154289,18
154290,71
154291,78
154292,63
154293,67
154294,64
154295,61
154296,52
154297,35
154298,52
154299,47
154300,56
154301,51
154302,56
154303,60
154304,67
154305,75
154306,56
154307,63
154308,55
154309,60
154310,60
154311,63
154312,55
154313,53
154314,61
154315,54
154316,57
154317,46
154318,37
154319,70
154320,57
154321,75
154322,70
154323,67
154324,29
154325,63
154326,60
154327,57
154328,32
154329,55
154330,65
154331,55
154332,61
154333,64
154334,74
154335,59
154336,57
154337,36
154338,72
154339,67
154340,54
154341,59
154342,55
154343,64
154344,67
154345,70
154346,58
154347,17
154348,39
154349,68
154350,60
154351,49
154352,21
154353,61
154354,37
154355,57
154356,37
154357,38
154358,58
154359,50
154360,79
154361,50
154362,20
154363,29
154364,54
154365,19
154366,69
154367,73
154368,50
154369,20
154370,22
154371,21
154372,74
154373,42
154374,18
154375,61
154376,47
154377,32
154378,18
154379,20
154380,45
154381,20
154382,52
154383,28
154384,65
154385,28
154386,60
154387,53
154388,24
154389,33
154390,59
154391,69
154392,65
154393,21
154394,35
154395,21
154396,49
154397,39
154398,48
154399,37
154400,21
154401,60
154402,38
154403,31
154404,23
154405,74
154406,39
154407,52
154408,62
154409,43
154410,19
154411,18
154412,43
154413,38
154414,44
154415,69
154416,56
154417,50
154418,55
154419,35
154420,75
154421,56
154422,46
154423,52
154424,23
154425,63
154426,61
154427,57
154428,52
154429,55
154430,62
154431,61
154432,60
154433,37
154434,49
154435,44
154436,46
154437,56
154438,59
154439,71
154440,62
154441,37
154442,64
154443,63
154444,62
154445,60
154446,57
154447,59
154448,52
154449,62
154450,66
154451,62
154452,68
154453,58
154454,59
154455,47
154456,56
154457,38
154458,61
154459,60
154460,47
154461,67
154462,54
154463,59
154464,63
154465,43
154466,58
154467,53
154468,57
154469,61
154470,25
154471,60
154472,28
154473,80
154474,65
154475,45
154476,73
154477,91
154478,46
154479,75
154480,51
154481,45
154482,49
154483,32
154484,68
154485,72
154486,79
154487,86
154488,23
154489,38
154490,60
154491,70
154492,58
154493,57
154494,70
154495,48
154496,33
154497,64
154498,70
154499,75
154500,21
154501,69
154502,75
154503,62
154504,48
154505,75
154506,33
154507,56
154508,45
154509,62
154510,64
154511,47
154512,37
154513,61
154514,53
154515,25
154516,64
154517,56
154518,28
154519,34
154520,51
154521,67
154522,38
154523,25
154524,45
154525,56
154526,39
154527,50
154528,41
154529,63
154530,62
154531,66
154532,67
154533,48
154534,63
154535,63
154536,53
154537,27
154538,65
154539,28
154540,58
154541,54
154542,13
154543,36
154544,75
154545,74
154546,58
154547,75
154548,68
154549,63
154550,53
154551,67
154552,55
154553,42
154554,60
154555,64
154556,73
154557,64
154558,17
154559,65
154560,63
154561,54
154562,80
154563,71
154564,75
154565,52
154566,85
154567,54
154568,41
154569,75
154570,80
154571,88
154572,57
154573,79
154574,58
154575,66
154576,47
154577,61
154578,61
154579,66
154580,59
154581,22
154582,85
154583,53
154584,72
154585,52
154586,91
154587,53
154588,54
154589,63
154590,39
154591,35
154592,71
154593,28
154594,46
154595,51
154596,78
154597,32
154598,48
154599,null
154600,61
154601,88
154602,null
154603,54
154604,63
154605,44
154606,null
154607,null
154608,41
154609,55
154610,null
154611,20
154612,48
154613,85
154614,56
154615,32
154616,42
154617,68
154618,51
154619,38
154620,71
154621,22
154622,17
154623,41
154624,null
154625,77
154626,43
154627,null
154628,64
154629,45
154630,null
154631,66
154632,null
154633,45
154634,null
154635,80
154636,34
154637,21
154638,25
154639,68
154640,53
154641,61
154642,69
154643,47
154644,53
154645,20
154646,72
154647,72
154648,68
154649,38
154650,41
154651,13
154652,54
154653,81
154654,75
154655,40
154656,59
154657,75
154658,15
154659,16
154660,68
154661,43
154662,45
154663,79
154664,18
154665,46
154666,54
154667,65
154668,63
154669,25
154670,75
154671,53
154672,53
154673,64
154674,53
154675,75
154676,21
154677,43
154678,39
154679,71
154680,51
154681,62
154682,71
154683,23
154684,52
154685,59
154686,55
154687,75
154688,46
154689,57
154690,25
154691,36
154692,37
154693,80
154694,25
154695,67
154696,54
154697,53
154698,80
154699,46
154700,75
154701,86
154702,72
154703,65
154704,17
154705,16
154706,61
154707,46
154708,22
154709,65
154710,45
154711,32
154712,80
154713,16
154714,54
154715,39
154716,46
154717,23
154718,79
154719,51
154720,20
154721,76
154722,37
154723,60
154724,36
154725,40
154726,59
154727,82
154728,47
154729,14
154730,44
154731,39
154732,70
154733,56
154734,39
154735,42
154736,53
154737,21
154738,67
154739,24
154740,84
154741,61
154742,56
154743,58
154744,19
154745,63
154746,44
154747,52
154748,38
154749,52
154750,44
154751,41
154752,23
154753,74
154754,69
154755,44
154756,48
154757,52
154758,46
154759,54
154760,39
154761,55
154762,73
154763,59
154764,48
154765,76
154766,21
154767,46
154768,19
154769,78
154770,55
154771,66
154772,67
154773,28
154774,25
154775,55
154776,72
154777,23
154778,37
154779,54
154780,38
154781,63
154782,60
154783,46
154784,46
154785,48
154786,15
154787,20
154788,40
154789,60
154790,46
154791,75
154792,62
154793,45
154794,28
154795,75
154796,40
154797,43
154798,78
154799,22
154800,79
154801,36
154802,52
154803,66
154804,48
154805,79
154806,68
154807,18
154808,56
154809,66
154810,49
154811,44
154812,46
154813,48
154814,75
154815,67
154816,59
154817,57
154818,23
154819,44
154820,69
154821,48
154822,64
154823,17
154824,46
154825,46
154826,24
154827,66
154828,72
154829,13
154830,68
154831,50
154832,53
154833,25
154834,55
154835,52
154836,53
154837,45
154838,59
154839,46
154840,91
154841,69
154842,46
154843,21
154844,60
154845,16
154846,41
154847,32
154848,74
154849,75
154850,81
154851,87
154852,43
154853,75
154854,46
154855,46
154856,22
154857,16
154858,65
154859,69
154860,53
154861,18
154862,23
154863,56
154864,71
154865,75
154866,54
154867,51
154868,70
154869,31
154870,36
154871,44
154872,33
154873,19
154874,61
154875,77
154876,46
154877,64
154878,70
154879,77
154880,21
154881,69
154882,75
154883,53
154884,43
154885,45
154886,55
154887,59
154888,58
154889,14
154890,46
154891,24
154892,44
154893,73
154894,59
154895,78
154896,25
154897,55
154898,22
154899,46
154900,58
154901,65
154902,46
154903,22
154904,59
154905,53
154906,72
154907,46
154908,46
154909,69
154910,75
154911,23
154912,63
154913,75
154914,16
154915,46
154916,55
154917,68
154918,80
154919,55
154920,46
154921,23
154922,31
154923,79
154924,66
154925,73
154926,65
154927,68
154928,65
154929,22
154930,46
154931,85
154932,59
154933,56
154934,34
154935,62
154936,75
154937,49
154938,57
154939,43
154940,46
154941,46
154942,87
154943,90
154944,20
154945,75
154946,36
154947,83
154948,82
154949,26
154950,24
154951,56
154952,59
154953,57
154954,79
154955,61
154956,14
154957,20
154958,null
154959,61
154960,82
154961,null
154962,80
154963,44
154964,65
154965,54
154966,28
154967,56
154968,46
154969,71
154970,46
154971,16
154972,73
154973,43
154974,54
154975,20
154976,50
154977,36
154978,47
154979,73
154980,54
154981,43
154982,62
154983,61
154984,46
154985,null
154986,74
154987,53
154988,null
154989,81
154990,60
154991,76
154992,31
154993,46
154994,45
154995,48
154996,65
154997,31
154998,null
154999,56
155000,46
155001,46
155002,70
155003,33
155004,14
155005,48
155006,22
155007,56
155008,22
155009,69
155010,25
155011,61
155012,67
155013,22
155014,17
155015,60
155016,25
155017,76
155018,54
155019,64
155020,61
155021,59
155022,17
155023,23
155024,13
155025,75
155026,46
155027,61
155028,39
155029,44
155030,42
155031,46
155032,39
155033,61
155034,50
155035,21
155036,39
155037,75
155038,46
155039,19
155040,41
155041,75
155042,23
155043,48
155044,60
155045,32
155046,75
155047,70
155048,13
155049,39
155050,20
155051,56
155052,45
155053,23
155054,14
155055,55
155056,86
155057,31
155058,23
155059,17
155060,52
155061,66
155062,20
155063,60
155064,39
155065,77
155066,22
155067,25
155068,70
155069,66
155070,68
155071,22
155072,46
155073,46
155074,23
155075,24
155076,17
155077,40
155078,24
155079,22
155080,46
155081,63
155082,66
155083,75
155084,18
155085,75
155086,19
155087,56
155088,39
155089,14
155090,17
155091,23
155092,23
155093,14
155094,46
155095,46
155096,40
155097,55
155098,23
155099,72
155100,22
155101,24
155102,16
155103,39
155104,24
155105,46
155106,56
155107,31
155108,22
155109,15
155110,56
155111,39
155112,24
155113,15
155114,23
155115,21
155116,46
155117,46
155118,69
155119,55
155120,43
155121,32
155122,49
155123,65
155124,21
155125,56
155126,21
155127,24
155128,54
155129,19
155130,61
155131,63
155132,23
155133,23
155134,20
155135,24
155136,63
155137,15
155138,31
155139,74
155140,46
155141,23
155142,49
155143,19
155144,39
155145,46
155146,69
155147,39
155148,48
155149,56
155150,39
155151,24
155152,20
155153,18
155154,39
155155,39
155156,46
155157,45
155158,81
155159,25
155160,49
155161,40
155162,45
155163,18
155164,21
155165,24
155166,46
155167,75
155168,48
155169,52
155170,46
155171,56
155172,39
155173,23
155174,39
155175,66
155176,47
155177,76
155178,25
155179,31
155180,39
155181,46
155182,46
155183,46
155184,49
155185,19
155186,19
155187,65
155188,59
155189,24
155190,63
155191,46
155192,39
155193,46
155194,39
155195,65
155196,20
155197,31
155198,24
155199,55
155200,39
155201,55
155202,39
155203,72
155204,31
155205,40
155206,46
155207,39
155208,58
155209,24
155210,14
155211,23
155212,31
155213,18
155214,55
155215,82
155216,46
155217,46
155218,17
155219,24
155220,39
155221,55
155222,60
155223,24
155224,46
155225,21
155226,15
155227,38
155228,75
155229,70
155230,79
155231,63
155232,25
155233,42
155234,21
155235,23
155236,14
155237,67
155238,23
155239,14
155240,20
155241,39
155242,66
155243,55
155244,39
155245,33
155246,39
155247,46
155248,18
155249,46
155250,39
155251,72
155252,55
155253,68
155254,14
155255,46
155256,14
155257,70
155258,72
155259,75
155260,17
155261,15
155262,55
155263,45
155264,46
155265,24
155266,50
155267,41
155268,22
155269,24
155270,56
155271,75
155272,47
155273,46
155274,71
155275,31
155276,55
155277,46
155278,55
155279,39
155280,59
155281,54
155282,51
155283,20
155284,65
155285,46
155286,55
155287,66
155288,60
155289,21
155290,49
155291,76
155292,65
155293,24
155294,46
155295,48
155296,25
155297,23
155298,25
155299,63
155300,61
155301,74
155302,68
155303,61
155304,76
155305,46
155306,16
155307,46
155308,55
155309,17
155310,61
155311,39
155312,75
155313,54
155314,24
155315,42
155316,56
155317,39
155318,23
155319,24
155320,84
155321,31
155322,80
155323,23
155324,66
155325,13
155326,60
155327,64
155328,16
155329,49
155330,48
155331,39
155332,31
155333,50
155334,55
155335,17
155336,67
155337,21
155338,15
155339,54
155340,24
155341,46
155342,46
155343,74
155344,25
155345,39
155346,56
155347,25
155348,61
155349,42
155350,23
155351,39
155352,33
155353,18
155354,21
155355,65
155356,54
155357,39
155358,79
155359,17
155360,25
155361,22
155362,38
155363,42
155364,24
155365,61
155366,19
155367,78
155368,60
155369,38
155370,38
155371,63
155372,45
155373,46
155374,16
155375,45
155376,45
155377,20
155378,54
155379,45
155380,60
155381,63
155382,75
155383,38
155384,45
155385,17
155386,22
155387,14
155388,46
155389,14
155390,20
155391,45
155392,18
155393,64
155394,75
155395,45
155396,48
155397,41
155398,54
155399,24
155400,69
155401,63
155402,24
155403,72
155404,73
155405,59
155406,22
155407,15
155408,25
155409,16
155410,49
155411,24
155412,49
155413,54
155414,59
155415,45
155416,66
155417,50
155418,24
155419,75
155420,16
155421,71
155422,22
155423,70
155424,64
155425,46
155426,75
155427,80
155428,38
155429,59
155430,59
155431,71
155432,77
155433,48
155434,53
155435,45
155436,25
155437,30
155438,45
155439,45
155440,45
155441,45
155442,45
155443,74
155444,71
155445,17
155446,48
155447,45
155448,47
155449,16
155450,38
155451,19
155452,54
155453,44
155454,53
155455,39
155456,23
155457,22
155458,48
155459,73
155460,41
155461,39
155462,47
155463,19
155464,38
155465,73
155466,14
155467,20
155468,63
155469,54
155470,52
155471,38
155472,22
155473,45
155474,21
155475,28
155476,60
155477,40
155478,38
155479,38
155480,54
155481,45
155482,76
155483,54
155484,60
155485,45
155486,17
155487,41
155488,23
155489,38
155490,55
155491,44
155492,54
155493,38
155494,49
155495,22
155496,47
155497,53
155498,23
155499,47
155500,48
155501,43
155502,69
155503,68
155504,23
155505,25
155506,71
155507,17
155508,58
155509,38
155510,19
155511,18
155512,23
155513,45
155514,30
155515,38
155516,38
155517,30
155518,25
155519,60
155520,68
155521,59
155522,45
155523,24
155524,21
155525,71
155526,62
155527,20
155528,38
155529,54
155530,45
155531,21
155532,58
155533,23
155534,18
155535,47
155536,54
155537,21
155538,22
155539,16
155540,22
155541,23
155542,54
155543,23
155544,46
155545,45
155546,53
155547,56
155548,30
155549,54
155550,22
155551,22
155552,38
155553,53
155554,70
155555,39
155556,17
155557,53
155558,22
155559,22
155560,22
155561,58
155562,47
155563,19
155564,18
155565,59
155566,71
155567,22
155568,38
155569,24
155570,39
155571,59
155572,60
155573,60
155574,25
155575,39
155576,45
155577,17
155578,49
155579,18
155580,22
155581,24
155582,17
155583,13
155584,44
155585,48
155586,31
155587,23
155588,25
155589,54
155590,81
155591,75
155592,54
155593,88
155594,78
155595,75
155596,45
155597,23
155598,38
155599,13
155600,54
155601,54
155602,19
155603,58
155604,76
155605,77
155606,19
155607,63
155608,24
155609,16
155610,79
155611,59
155612,40
155613,54
155614,85
155615,17
155616,66
155617,38
155618,22
155619,48
155620,47
155621,16
155622,23
155623,25
155624,60
155625,24
155626,75
155627,24
155628,22
155629,14
155630,19
155631,45
155632,45
155633,78
155634,16
155635,38
155636,59
155637,21
155638,21
155639,70
155640,71
155641,59
155642,81
155643,61
155644,48
155645,55
155646,18
155647,50
155648,31
155649,80
155650,69
155651,22
155652,83
155653,75
155654,69
155655,70
155656,65
155657,74
155658,53
155659,23
155660,45
155661,73
155662,78
155663,38
155664,53
155665,45
155666,54
155667,38
155668,69
155669,23
155670,53
155671,49
155672,45
155673,45
155674,20
155675,74
155676,76
155677,63
155678,20
155679,17
155680,53
155681,30
155682,38
155683,39
155684,19
155685,71
155686,73
155687,44
155688,44
155689,54
155690,38
155691,75
155692,45
155693,68
155694,38
155695,45
155696,65
155697,75
155698,24
155699,38
155700,55
155701,25
155702,54
155703,46
155704,25
155705,45
155706,46
155707,50
155708,49
155709,23
155710,38
155711,26
155712,65
155713,51
155714,26
155715,60
155716,47
155717,22
155718,40
155719,75
155720,24
155721,26
155722,15
155723,13
155724,57
155725,40
155726,40
155727,47
155728,47
155729,40
155730,50
155731,47
155732,60
155733,21
155734,15
155735,47
155736,63
155737,58
155738,78
155739,75
155740,47
155741,40
155742,50
155743,47
155744,47
155745,50
155746,49
155747,47
155748,16
155749,31
155750,75
155751,75
155752,46
155753,85
155754,13
155755,75
155756,47
155757,47
155758,56
155759,58
155760,60
155761,80
155762,21
155763,76
155764,24
155765,15
155766,55
155767,21
155768,62
155769,23
155770,65
155771,40
155772,56
155773,56
155774,24
155775,16
155776,21
155777,40
155778,55
155779,47
155780,32
155781,15
155782,41
155783,40
155784,64
155785,75
155786,91
155787,25
155788,72
155789,70
155790,40
155791,20
155792,49
155793,46
155794,25
155795,47
155796,56
155797,50
155798,80
155799,46
155800,21
155801,33
155802,16
155803,23
155804,62
155805,24
155806,23
155807,24
155808,56
155809,47
155810,69
155811,19
155812,65
155813,40
155814,56
155815,32
155816,57
155817,40
155818,31
155819,47
155820,58
155821,26
155822,13
155823,58
155824,40
155825,31
155826,40
155827,62
155828,47
155829,57
155830,40
155831,23
155832,23
155833,17
155834,74
155835,57
155836,58
155837,62
155838,47
155839,78
155840,14
155841,47
155842,21
155843,53
155844,47
155845,56
155846,14
155847,26
155848,19
155849,69
155850,32
155851,19
155852,72
155853,55
155854,75
155855,49
155856,40
155857,67
155858,25
155859,24
155860,40
155861,21
155862,40
155863,64
155864,47
155865,40
155866,40
155867,63
155868,70
155869,54
155870,65
155871,47
155872,21
155873,75
155874,20
155875,80
155876,21
155877,75
155878,48
155879,21
155880,55
155881,49
155882,75
155883,68
155884,16
155885,24
155886,47
155887,25
155888,55
155889,56
155890,32
155891,30
155892,62
155893,68
155894,57
155895,26
155896,17
155897,32
155898,47
155899,50
155900,59
155901,13
155902,22
155903,47
155904,47
155905,16
155906,69
155907,26
155908,13
155909,18
155910,49
155911,75
155912,49
155913,50
155914,22
155915,56
155916,47
155917,17
155918,57
155919,80
155920,22
155921,60
155922,44
155923,48
155924,22
155925,14
155926,59
155927,32
155928,41
155929,43
155930,17
155931,72
155932,47
155933,16
155934,44
155935,74
155936,15
155937,14
155938,40
155939,20
155940,57
155941,47
155942,59
155943,26
155944,22
155945,47
155946,75
155947,57
155948,58
155949,24
155950,62
155951,34
155952,81
155953,75
155954,63
155955,90
155956,81
155957,47
155958,69
155959,19
155960,47
155961,47
155962,52
155963,74
155964,82
155965,40
155966,68
155967,41
155968,56
155969,80
155970,20
155971,25
155972,24
155973,18
155974,19
155975,23
155976,72
155977,55
155978,47
155979,75
155980,40
155981,24
155982,25
155983,21
155984,24
155985,20
155986,20
155987,56
155988,25
155989,32
155990,43
155991,23
155992,47
155993,80
155994,40
155995,22
155996,72
155997,51
155998,56
155999,17
156000,22
156001,78
156002,15
156003,62
156004,56
156005,78
156006,22
156007,22
156008,23
156009,58
156010,58
156011,51
156012,24
156013,62
156014,75
156015,65
156016,43
156017,63
156018,63
156019,60
156020,24
156021,47
156022,21
156023,18
156024,47
156025,56
156026,21
156027,64
156028,25
156029,50
156030,22
156031,56
156032,50
156033,13
156034,62
156035,40
156036,31
156037,47
156038,16
156039,47
156040,31
156041,50
156042,47
156043,32
156044,20
156045,66
156046,74
156047,47
156048,57
156049,20
156050,47
156051,18
156052,56
156053,47
156054,78
156055,57
156056,78
156057,58
156058,76
156059,60
156060,22
156061,40
156062,24
156063,69
156064,23
156065,41
156066,24
156067,19
156068,39
156069,20
156070,16
156071,25
156072,21
156073,39
156074,21
156075,46
156076,69
156077,40
156078,17
156079,43
156080,50
156081,47
156082,48
156083,21
156084,50
156085,75
156086,75
156087,75
156088,13
156089,46
156090,46
156091,55
156092,48
156093,22
156094,67
156095,23
156096,67
156097,14
156098,33
156099,24
156100,32
156101,18
156102,52
156103,48
156104,21
156105,48
156106,56
156107,46
156108,46
156109,46
156110,75
156111,81
156112,24
156113,23
156114,25
156115,55
156116,24
156117,46
156118,70
156119,79
156120,22
156121,22
156122,58
156123,75
156124,75
156125,16
156126,58
156127,59
156128,75
156129,69
156130,24
156131,46
156132,25
156133,40
156134,46
156135,57
156136,46
156137,46
156138,46
156139,66
156140,48
156141,70
156142,26
156143,20
156144,40
156145,25
156146,40
156147,39
156148,46
156149,55
156150,55
156151,23
156152,19
156153,48
156154,53
156155,46
156156,18
156157,22
156158,48
156159,14
156160,56
156161,62
156162,39
156163,50
156164,46
156165,13
156166,39
156167,46
156168,39
156169,31
156170,46
156171,20
156172,25
156173,22
156174,25
156175,46
156176,46
156177,39
156178,25
156179,69
156180,56
156181,18
156182,66
156183,17
156184,22
156185,65
156186,62
156187,46
156188,55
156189,76
156190,46
156191,64
156192,49
156193,49
156194,49
156195,46
156196,55
156197,23
156198,24
156199,40
156200,50
156201,75
156202,66
156203,23
156204,50
156205,21
156206,32
156207,25
156208,61
156209,39
156210,75
156211,56
156212,25
156213,25
156214,66
156215,85
156216,17
156217,55
156218,40
156219,76
156220,63
156221,67
156222,71
156223,67
156224,24
156225,66
156226,48
156227,14
156228,45
156229,20
156230,22
156231,55
156232,56
156233,56
156234,46
156235,17
156236,46
156237,24
156238,60
156239,46
156240,31
156241,54
156242,18
156243,41
156244,16
156245,46
156246,48
156247,41
156248,62
156249,20
156250,33
156251,21
156252,65
156253,24
156254,32
156255,66
156256,24
156257,31
156258,56
156259,61
156260,16
156261,22
156262,20
156263,39
156264,14
156265,43
156266,31
156267,32
156268,14
156269,39
156270,40
156271,15
156272,14
156273,15
156274,16
156275,17
156276,13
156277,14
156278,23
156279,13
156280,25
156281,43
156282,46
156283,17
156284,37
156285,39
156286,55
156287,39
156288,17
156289,21
156290,22
156291,88
156292,75
156293,56
156294,90
156295,62
156296,24
156297,65
156298,14
156299,26
156300,22
156301,62
156302,46
156303,91
156304,77
156305,23
156306,24
156307,68
156308,55
156309,23
156310,13
156311,24
156312,46
156313,59
156314,65
156315,46
156316,55
156317,57
156318,62
156319,24
156320,55
156321,54
156322,31
156323,13
156324,61
156325,25
156326,68
156327,32
156328,22
156329,46
156330,39
156331,24
156332,26
156333,18
156334,72
156335,22
156336,55
156337,56
156338,46
156339,70
156340,23
156341,25
156342,56
156343,31
156344,55
156345,14
156346,64
156347,18
156348,50
156349,58
156350,73
156351,61
156352,63
156353,41
156354,17
156355,65
156356,56
156357,17
156358,16
156359,59
156360,68
156361,75
156362,47
156363,67
156364,25
156365,79
156366,26
156367,46
156368,46
156369,21
156370,22
156371,64
156372,85
156373,75
156374,46
156375,65
156376,56
156377,39
156378,39
156379,25
156380,62
156381,24
156382,16
156383,73
156384,46
156385,62
156386,61
156387,24
156388,43
156389,25
156390,67
156391,46
156392,57
156393,54
156394,22
156395,46
156396,67
156397,40
156398,22
156399,39
156400,56
156401,77
156402,23
156403,50
156404,90
156405,72
156406,23
156407,24
156408,21
156409,19
156410,50
156411,40
156412,16
156413,49
156414,65
156415,48
156416,14
156417,20
156418,46
156419,23
156420,49
156421,17
156422,14
156423,19
156424,17
156425,55
156426,39
156427,13
156428,45
156429,68
156430,75
156431,75
156432,74
156433,39
156434,46
156435,40
156436,26
156437,67
156438,75
156439,21
156440,24
156441,56
156442,46
156443,53
156444,46
156445,48
156446,18
156447,19
156448,46
156449,61
156450,61
156451,84
156452,26
156453,61
156454,48
156455,67
156456,14
156457,49
156458,55
156459,75
156460,66
156461,57
156462,55
156463,46
156464,55
156465,23
156466,72
156467,46
156468,79
156469,85
156470,19
156471,65
156472,56
156473,73
156474,22
156475,69
156476,67
156477,63
156478,67
156479,57
156480,22
156481,24
156482,48
156483,67
156484,61
156485,25
156486,53
156487,20
156488,64
156489,46
156490,26
156491,46
156492,13
156493,63
156494,16
156495,18
156496,55
156497,57
156498,24
156499,51
156500,39
156501,56
156502,49
156503,50
156504,31
156505,13
156506,55
156507,66
156508,23
156509,15
156510,57
156511,46
156512,16
156513,55
156514,57
156515,25
156516,19
156517,46
156518,24
156519,65
156520,49
156521,25
156522,50
156523,56
156524,17
156525,61
156526,25
156527,59
156528,46
156529,17
156530,69
156531,65
156532,17
156533,39
156534,31
156535,39
156536,24
156537,49
156538,56
156539,18
156540,53
156541,56
156542,61
156543,68
156544,13
156545,18
156546,81
156547,66
156548,45
156549,24
156550,39
156551,39
156552,24
156553,24
156554,14
156555,17
156556,65
156557,25
156558,39
156559,60
156560,18
156561,55
156562,20
156563,46
156564,31
156565,24
156566,22
156567,29
156568,71
156569,25
156570,56
156571,40
156572,71
156573,65
156574,25
156575,73
156576,26
156577,48
156578,67
156579,46
156580,62
156581,43
156582,40
156583,75
156584,56
156585,49
156586,23
156587,22
156588,61
156589,48
156590,65
156591,18
156592,20
156593,56
156594,17
156595,23
156596,50
156597,75
156598,14
156599,20
156600,48
156601,47
156602,14
156603,24
156604,46
156605,56
156606,23
156607,22
156608,15
156609,50
156610,39
156611,49
156612,18
156613,24
156614,40
156615,29
156616,23
156617,39
156618,15
156619,49
156620,52
156621,54
156622,39
156623,46
156624,25
156625,62
156626,31
156627,31
156628,15
156629,21
156630,46
156631,31
156632,77
156633,33
156634,56
156635,69
156636,76
156637,43
156638,56
156639,21
156640,49
156641,24
156642,69
156643,68
156644,23
156645,69
156646,22
156647,56
156648,14
156649,59
156650,48
156651,39
156652,71
156653,75
156654,19
156655,55
156656,39
156657,32
156658,21
156659,14
156660,77
156661,57
156662,84
156663,49
156664,39
156665,52
156666,56
156667,56
156668,40
156669,71
156670,22
156671,25
156672,23
156673,56
156674,41
156675,46
156676,82
156677,19
156678,60
156679,69
156680,62
156681,24
156682,55
156683,77
156684,22
156685,46
156686,13
156687,49
156688,43
156689,50
156690,54
156691,78
156692,75
156693,25
156694,56
156695,46
156696,47
156697,61
156698,71
156699,28
156700,54
156701,56
156702,65
156703,19
156704,13
156705,25
156706,23
156707,31
156708,56
156709,50
156710,22
156711,46
156712,24
156713,55
156714,46
156715,71
156716,40
156717,75
156718,40
156719,65
156720,25
156721,50
156722,47
156723,26
156724,23
156725,31
156726,49
156727,23
156728,60
156729,71
156730,15
156731,46
156732,68
156733,24
156734,26
156735,91
156736,70
156737,46
156738,88
156739,24
156740,55
156741,54
156742,32
156743,68
156744,40
156745,63
156746,84
156747,39
156748,60
156749,56
156750,59
156751,70
156752,52
156753,54
156754,57
156755,59
156756,43
156757,62
156758,45
156759,27
156760,47
156761,55
156762,51
156763,45
156764,55
156765,60
156766,52
156767,50
156768,49
156769,48
156770,43
156771,72
156772,58
156773,62
156774,47
156775,53
156776,56
156777,67
156778,56
156779,50
156780,41
156781,74
156782,32
156783,54
156784,64
156785,35
156786,53
156787,35
156788,19
156789,55
156790,44
156791,58
156792,58
156793,51
156794,56
156795,52
156796,55
156797,58
156798,24
156799,60
156800,39
156801,74
156802,38
156803,44
156804,64
156805,58
156806,68
156807,58
156808,59
156809,53
156810,74
156811,50
156812,45
156813,47
156814,58
156815,69
156816,39
156817,54
156818,55
156819,73
156820,64
156821,58
156822,67
156823,64
156824,71
156825,67
156826,57
156827,59
156828,68
156829,58
156830,50
156831,62
156832,76
156833,56
156834,27
156835,48
156836,74
156837,64
156838,74
156839,27
156840,55
156841,57
156842,75
156843,54
156844,61
156845,79
156846,62
156847,63
156848,28
156849,59
156850,74
156851,57
156852,60
156853,57
156854,40
156855,67
156856,50
156857,58
156858,58
156859,50
156860,54
156861,61
156862,64
156863,58
156864,61
156865,32
156866,56
156867,64
156868,60
156869,66
156870,55
156871,38
156872,34
156873,64
156874,55
156875,53
156876,40
156877,54
156878,65
156879,50
156880,51
156881,61
156882,32
156883,49
156884,75
156885,52
156886,78
156887,54
156888,27
156889,65
156890,70
156891,51
156892,41
156893,62
156894,54
156895,59
156896,60
156897,51
156898,65
156899,44
156900,58
156901,52
156902,57
156903,65
156904,38
156905,57
156906,27
156907,40
156908,56
156909,35
156910,58
156911,56
156912,27
156913,61
156914,70
156915,64
156916,67
156917,49
156918,50
156919,59
156920,52
156921,41
156922,53
156923,73
156924,56
156925,47
156926,56
156927,52
156928,21
156929,42
156930,55
156931,50
156932,65
156933,58
156934,19
156935,52
156936,50
156937,45
156938,54
156939,59
156940,55
156941,76
156942,51
156943,56
156944,72
156945,63
156946,61
156947,57
156948,62
156949,55
156950,74
156951,55
156952,70
156953,60
156954,67
156955,70
156956,54
156957,64
156958,52
156959,54
156960,67
156961,38
156962,57
156963,46
156964,37
156965,28
156966,49
156967,61
156968,61
156969,60
156970,57
156971,61
156972,56
156973,56
156974,58
156975,55
156976,64
156977,54
156978,37
156979,63
156980,45
156981,75
156982,63
156983,43
156984,45
156985,49
156986,42
156987,70
156988,59
156989,64
156990,73
156991,56
156992,39
156993,58
156994,63
156995,58
156996,59
156997,60
156998,52
156999,64
157000,52
157001,85
157002,58
157003,47
157004,74
157005,69
157006,56
157007,28
157008,69
157009,68
157010,47
157011,53
157012,54
157013,59
157014,62
157015,59
157016,76
157017,47
157018,57
157019,69
157020,77
157021,61
157022,64
157023,51
157024,63
157025,52
157026,61
157027,51
157028,54
157029,63
157030,51
157031,20
157032,63
157033,53
157034,63
157035,65
157036,52
157037,52
157038,59
157039,50
157040,61
157041,44
157042,61
157043,60
157044,57
157045,55
157046,52
157047,54
157048,63
157049,55
157050,64
157051,59
157052,68
157053,56
157054,60
157055,59
157056,61
157057,57
157058,23
157059,53
157060,29
157061,50
157062,55
157063,50
157064,69
157065,76
157066,72
157067,54
157068,59
157069,48
157070,56
157071,49
157072,22
157073,55
157074,39
157075,46
157076,69
157077,60
157078,66
157079,29
157080,50
157081,57
157082,69
157083,69
157084,54
157085,60
157086,72
157087,55
157088,51
157089,46
157090,57
157091,55
157092,39
157093,52
157094,50
157095,48
157096,60
157097,53
157098,50
157099,46
157100,46
157101,52
157102,35
157103,27
157104,53
157105,40
157106,41
157107,62
157108,68
157109,56
157110,56
157111,60
157112,46
157113,59
157114,53
157115,52
157116,53
157117,49
157118,57
157119,56
157120,43
157121,52
157122,27
157124,46
157125,37
157126,40
157127,49
157128,53
157129,60
157130,54
157131,27
157132,50
157133,45
157134,49
157135,50
157136,57
157137,53
157138,31
157139,58
157140,55
157141,46
157142,53
157143,48
157144,74
157145,48
157146,54
157147,61
157148,56
157149,42
157150,34
157151,75
157152,63
157153,52
157154,65
157155,72
157156,75
157157,46
157158,56
157159,40
157160,50
157161,null
157162,null
157163,23
157164,null
157165,null
157166,45
157167,48
157168,52
157169,null
157170,null
157171,46
157172,64
157173,77
157174,15
157175,55
157176,43
157177,50
157178,41
157179,50
157180,null
157181,null
157182,59
157183,52
157184,null
157185,58
157186,53
157187,42
157188,66
157189,60
157190,null
157191,57
157192,65
157193,55
157194,58
157195,null
157196,68
157197,null
157198,null
157199,61
157200,null
157201,null
157202,null
157203,61
157204,null
157205,54
157206,null
157207,50
157208,null
157209,52
157210,77
157211,31
157212,61
157213,40
157214,43
157215,59
157216,null
157217,null
157218,null
157219,null
157220,null
157221,null
157222,73
157223,56
157224,51
157225,59
157226,66
157227,53
157228,61
157229,null
157230,null
157231,58
157232,null
157233,null
157234,59
157235,65
157236,37
157237,27
157238,null
157239,null
157240,34
157241,null
157242,69
157243,42
157244,null
157245,null
157246,53
157247,39
157248,41
157249,37
157250,61
157251,43
157252,null
157253,70
157254,57
157255,56
157256,null
157257,null
157258,null
157259,null
157260,67
157261,54
157262,79
157263,62
157264,57
157265,49
157266,null
157267,63
157268,null
157269,52
157270,64
157271,76
157272,59
157273,51
157274,65
157275,61
157276,51
157277,null
157278,51
157279,71
157280,null
157281,72
157282,85
157283,58
157284,null
157285,70
157286,55
157287,68
157288,54
157289,39
157290,51
157291,null
157292,73
157293,64
157294,62
157295,60
157296,57
157297,49
157298,57
157299,47
157300,45
157301,null
157302,null
157303,50
157304,54
157305,58
157306,null
157307,null
157308,54
157309,null
157310,null
157311,null
157312,60
157313,null
157314,77
157315,null
157316,null
157317,77
157318,48
157319,null
157320,null
157321,59
157322,null
157323,null
157324,82
157325,null
157326,63
157327,50
157328,47
157329,null
157330,null
157331,59
157332,60
157333,32
157334,47
157335,null
157336,null
157337,61
157338,71
157339,52
157340,81
157341,56
157342,null
157343,53
157344,68
157345,61
157346,null
157347,36
157348,56
157349,null
157350,null
157351,54
157352,42
157353,58
157354,59
157355,60
157356,18
157357,55
157358,56
157359,54
157360,60
157361,73
157362,null
157363,67
157364,31
157365,64
157366,56
157367,48
157368,39
157369,55
157370,75
157371,null
157372,57
157373,51
157374,46
157375,66
157376,59
157377,51
157378,63
157379,null
157380,null
157381,59
157382,54
157383,61
157384,55
157385,null
157386,75
157387,62
157388,null
157389,52
157390,65
157391,73
157392,null
157393,87
157394,63
157395,72
157396,64
157397,27
157398,null
157399,62
157400,null
157401,45
157402,42
157403,61
157404,null
157405,null
157406,51
157407,null
157408,62
157409,64
157410,70
157411,null
157412,58
157413,80
157414,54
157415,46
157416,67
157417,79
157418,65
157419,null
157420,null
157421,null
157422,54
157423,61
157424,52
157425,60
157426,70
157427,null
157428,56
157429,null
157430,72
157431,61
157432,81
157433,81
157434,76
157435,61
157436,86
157437,64
157438,54
157439,59
157440,47
157441,null
157442,63
157443,52
157444,null
157445,54
157446,34
157447,null
157448,49
157449,43
157450,50
157451,50
157452,null
157453,39
157454,69
157455,63
157456,53
157457,58
157458,60
157459,50
157460,56
157461,34
157462,60
157463,61
157464,38
157465,60
157466,47
157467,62
157468,53
157469,78
157470,50
157471,72
157472,null
157473,null
157474,54
157475,49
157476,53
157477,47
157478,38
157479,57
157480,58
157481,56
157482,null
157483,47
157484,58
157485,53
157486,46
157487,61
157488,null
157489,46
157490,null
157491,46
157492,null
157493,49
157494,69
157495,53
157496,60
157497,null
157498,null
157499,64
157500,50
157501,null
157502,49
157503,52
157504,65
157505,58
157506,40
157507,51
157508,59
157509,null
157510,62
157511,73
157512,18
157513,57
157514,null
157515,52
157516,null
157517,38
157518,49
157519,51
157520,34
157521,44
157522,51
157523,81
157524,59
157525,55
157526,57
157527,39
157528,64
157529,54
157530,47
157531,56
157532,75
157533,48
157534,76
157535,57
157536,75
157537,58
157538,55
157539,28
157540,23
157541,54
157542,32
157543,51
157544,61
157545,46
157546,90
157547,60
157548,54
157549,56
157550,55
157551,62
157552,62
157553,61
157554,47
157555,32
157556,56
157557,45
157558,65
157559,44
157560,36
157561,42
157562,57
157563,46
157564,68
157565,53
157566,18
157567,58
157568,72
157569,59
157570,28
157571,50
157572,37
157573,53
157574,36
157575,52
157576,46
157577,52
157578,57
157579,37
157580,78
157581,47
157582,37
157583,61
157584,54
157585,51
157586,58
157587,57
157588,71
157589,64
157590,56
157591,63
157592,60
157593,70
157594,19
157595,55
157596,55
157597,58
157598,75
157599,47
157600,71
157601,52
157602,63
157603,54
157604,48
157605,39
157606,43
157607,50
157608,61
157609,44
157610,63
157611,49
157612,64
157613,57
157614,64
157615,41
157616,75
157617,63
157618,60
157619,60
157620,65
157621,54
157622,52
157623,53
157624,63
157625,71
157626,57
157627,58
157628,47
157629,55
157630,65
157631,52
157632,67
157633,46
157634,62
157635,38
157636,43
157637,60
157638,62
157639,59
157640,61
157641,66
157642,60
157643,54
157644,32
157645,55
157646,53
157647,73
157648,56
157649,52
157650,48
157651,61
157652,57
157653,44
157654,35
157655,59
157656,59
157657,60
157658,72
157659,52
157660,75
157661,54
157662,53
157663,55
157664,62
157665,60
157666,47
157667,56
157668,68
157669,54
157670,63
157671,54
157672,77
157673,55
157674,51
157675,63
157676,51
157677,54
157678,53
157679,59
157680,59
157681,54
157682,59
157683,54
157684,42
157685,53
157686,23
157687,37
157688,52
157689,52
157690,53
157691,54
157692,51
157693,55
157694,52
157695,54
157696,63
157697,52
157698,38
157699,54
157700,61
157701,39
157702,49
157703,49
157704,52
157705,56
157706,28
157707,35
157708,52
157709,42
157710,58
157711,59
157712,55
157713,85
157714,67
157715,62
157716,69
157717,77
157718,49
157719,53
157720,50
157721,35
157722,58
157723,48
157724,40
157725,52
157726,56
157727,62
157728,49
157729,20
157730,67
157731,58
157732,57
157733,58
157734,12
157735,56
157736,57
157737,17
157738,64
157739,31
157740,51
157741,50
157742,20
157743,39
157744,49
157745,60
157746,31
157747,75
157748,41
157749,55
157750,75
157751,61
157752,55
157753,62
157754,58
157755,45
157756,45
157757,46
157758,59
157759,64
157760,59
157761,53
157762,60
157763,70
157764,48
157765,54
157766,27
157767,60
157768,57
157769,27
157770,55
157771,66
157772,51
157773,75
157774,57
157775,61
157776,65
157777,62
157778,68
157779,51
157780,67
157781,57
157782,45
157783,65
157784,72
157785,61
157786,67
157787,49
157788,64
157789,61
157790,67
157791,38
157792,70
157793,37
157794,55
157795,54
157796,54
157797,48
157798,61
157799,54
157800,59
157801,58
157802,51
157803,56
157804,71
157805,74
157806,55
157807,59
157808,53
157809,61
157810,67
157811,56
157812,52
157813,57
157814,60
157815,61
157816,55
157817,23
157818,53
157819,55
157820,63
157821,45
157822,62
157823,64
157824,67
157825,53
157826,41
157827,63
157828,46
157829,51
157830,54
157831,61
157832,75
157833,60
157834,55
157835,55
157836,29
157837,64
157838,57
157839,42
157840,60
157841,60
157842,64
157843,60
157844,48
157845,74
157846,85
157847,60
157848,58
157849,48
157850,65
157851,48
157852,70
157853,61
157854,73
157855,69
157856,24
157857,null
157858,46
157859,65
157860,85
157861,75
157862,61
157863,null
157864,53
157865,41
157866,67
157867,null
157868,31
157869,42
157870,55
157871,63
157872,43
157873,63
157874,51
157875,50
157876,49
157877,59
157878,51
157879,60
157880,59
157881,44
157882,36
157883,65
157884,null
157885,null
157886,63
157887,27
157888,52
157889,null
157890,31
157891,50
157892,34
157893,56
157894,34
157895,60
157896,64
157897,44
157898,54
157899,56
157900,46
157901,37
157902,62
157903,65
157904,55
157905,27
157906,47
157907,53
157908,29
157909,86
157910,45
157911,52
157912,54
157913,57
157914,52
157915,52
157916,58
157917,50
157918,16
157919,54
157920,62
157921,50
157922,77
157923,73
157924,59
157925,58
157926,56
157927,60
157928,56
157929,55
157930,43
157931,51
157932,50
157933,55
157934,64
157935,75
157936,76
157937,31
157938,null
157939,64
157940,null
157941,75
157942,null
157943,60
157944,63
157945,72
157946,75
157947,56
157948,85
157949,72
157950,73
157951,60
157952,53
157953,51
157954,55
157955,null
157956,null
157957,37
157958,null
157959,52
157960,null
157961,56
157962,null
157963,null
157964,58
157965,57
157966,22
157967,null
157968,24
157969,null
157970,31
157971,null
157972,65
157973,36
157974,51
157975,50
157976,null
157977,null
157978,27
157979,51
157980,47
157981,55
157982,null
157983,60
157984,null
157985,59
157986,null
157987,null
157988,90
157989,null
157990,36
157991,84
157992,56
157993,null
157994,null
157995,null
157996,27
157997,71
157998,48
157999,37
158000,40
158001,27
158002,null
158003,69
158004,null
158005,60
158006,50
158007,null
158008,73
158009,75
158010,null
158011,38
158012,38
158013,53
158014,55
158015,53
158016,null
158017,null
158018,72
158019,56
158020,75
158021,null
158022,37
158023,54
158024,59
158025,null
158026,null
158027,null
158028,null
158029,62
158030,null
158031,53
158032,null
158033,50
158034,42
158035,62
158036,null
158037,66
158038,28
158039,58
158040,65
158041,null
158042,71
158043,65
158044,54
158045,31
158046,55
158047,58
158048,56
158049,60
158050,75
158051,null
158052,63
158053,null
158054,null
158055,61
158056,53
158057,null
158058,40
158059,57
158060,56
158061,56
158062,65
158063,62
158064,53
158065,76
158066,null
158067,51
158068,null
158069,null
158070,57
158071,null
158072,36
158073,53
158074,64
158075,55
158076,35
158077,49
158078,52
158079,74
158080,65
158081,88
158082,59
158083,55
158084,55
158085,55
158086,71
158087,61
158088,74
158089,47
158090,66
158091,62
158092,69
158093,59
158094,null
158095,49
158096,54
158097,56
158098,null
158099,null
158100,36
158101,null
158102,null
158103,null
158104,57
158105,76
158106,70
158107,61
158108,34
158109,62
158110,87
158111,56
158112,60
158113,72
158114,34
158115,46
158116,63
158117,null
158118,59
158119,63
158120,62
158121,53
158122,null
158123,51
158124,null
158125,46
158126,57
158127,37
158128,45
158129,84
158130,60
158131,46
158132,29
158133,51
158134,71
158135,null
158136,61
158137,38
158138,32
158139,59
158140,64
158141,31
158142,65
158143,57
158144,48
158145,55
158146,66
158147,null
158148,null
158149,38
158150,40
158151,49
158152,null
158153,86
158154,61
158155,null
158156,67
158157,null
158158,null
158159,86
158160,61
158161,61
158162,null
158163,70
158164,null
158165,null
158166,50
158167,75
158168,74
158169,52
158170,35
158171,49
158172,47
158173,72
158174,40
158175,61
158176,null
158177,46
158178,null
158179,64
158180,62
158181,75
158182,56
158183,59
158184,34
158185,53
158186,60
158187,59
158188,27
158189,null
158190,59
158191,52
158192,null
158193,64
158194,75
158195,51
158196,71
158197,56
158198,59
158199,60
158200,31
158201,70
158202,null
158203,56
158204,69
158205,51
158206,60
158207,55
158208,null
158209,51
158210,63
158211,57
158212,null
158213,null
158214,64
158215,49
158216,59
158217,56
158218,52
158219,53
158220,null
158221,null
158222,46
158223,58
158224,52
158225,73
158226,60
158227,60
158228,60
158229,60
158230,21
158231,51
158232,null
158233,57
158234,56
158235,65
158236,63
158237,58
158238,53
158239,75
158240,17
158241,51
158242,65
158243,80
158244,49
158245,72
158246,null
158247,46
158248,55
158249,55
158250,51
158251,42
158252,77
158253,65
158254,52
158255,89
158256,75
158257,57
158258,56
158259,53
158260,56
158261,null
158262,30
158263,64
158264,37
158265,31
158266,null
158267,null
158268,58
158269,48
158270,56
158271,null
158272,53
158273,null
158274,60
158275,53
158276,null
158277,null
158278,null
158279,null
158280,62
158281,51
158282,52
158283,65
158284,55
158285,60
158286,null
158287,null
158288,null
158289,52
158290,64
158291,null
158292,28
158293,50
158294,56
158295,null
158296,69
158297,66
158298,44
158299,65
158300,null
158301,56
158302,38
158303,63
158304,58
158305,null
158306,57
158307,58
158308,null
158309,null
158310,null
158311,null
158312,64
158313,34
158314,null
158315,57
158316,null
158317,17
158318,63
158319,54
158320,43
158321,36
158322,41
158323,47
158324,43
158325,20
158326,57
158327,66
158328,58
158329,28
158330,73
158331,61
158332,50
158333,58
158334,49
158335,56
158336,55
158337,42
158338,53
158339,68
158340,49
158341,54
158342,88
158343,54
158344,47
158345,48
158346,70
158347,55
158348,53
158349,52
158350,57
158351,55
158352,63
158353,55
158354,54
158355,55
158356,85
158357,64
158358,53
158359,56
158360,48
158361,63
158362,47
158363,50
158364,50
158365,44
158366,54
158367,32
158368,49
158369,60
158370,43
158371,28
158372,18
158373,58
158374,52
158375,42
158376,46
158377,56
158378,59
158379,27
158380,54
158381,39
158382,48
158383,63
158384,58
158385,47
158386,44
158387,57
158388,61
158389,54
158390,52
158391,27
158392,67
158393,77
158394,60
158395,61
158396,49
158397,64
158398,45
158399,92
158400,53
158401,60
158402,72
158403,59
158404,31
158405,60
158406,23
158407,60
158408,57
158409,75
158410,55
158411,61
158412,55
158413,56
158414,60
158415,60
158416,56
158417,48
158418,23
158419,45
158420,63
158421,71
158422,54
158423,54
158424,48
158425,62
158426,55
158427,58
158428,66
158429,56
158430,53
158431,62
158432,59
158433,49
158434,49
158435,48
158436,74
158437,59
158438,60
158439,19
158440,78
158441,35
158442,44
158443,45
158444,80
158445,52
158446,43
158447,51
158448,60
158449,72
158450,61
158451,62
158452,65
158453,56
158454,64
158455,64
158456,55
158457,75
158458,59
158459,59
158460,63
158461,64
158462,66
158463,58
158464,52
158465,64
158466,59
158467,64
158468,58
158469,78
158470,62
158471,60
158472,49
158473,61
158474,49
158475,57
158476,63
158477,62
158478,56
158479,54
158480,63
158481,56
158482,44
158483,21
158484,81
158485,52
158486,59
158487,56
158488,54
158489,43
158490,59
158491,46
158492,61
158493,63
158494,28
158495,58
158496,73
158497,52
158498,57
158499,37
158500,60
158501,45
158502,54
158503,80
158504,75
158505,66
158506,27
158507,57
158508,55
158509,24
158510,60
158511,51
158512,60
158513,27
158514,25
158515,56
158516,45
158517,32
158518,61
158519,58
158520,57
158521,48
158522,56
158523,75
158524,56
158525,53
158526,63
158527,32
158528,56
158529,51
158530,57
158531,47
158532,42
158533,60
158534,65
158535,56
158536,55
158537,58
158538,69
158539,53
158540,65
158541,56
158542,75
158543,55
158544,38
158545,62
158546,33
158547,60
158548,81
158549,59
158550,71
158551,55
158552,60
158553,65
158554,55
158555,51
158556,57
158557,54
158558,77
158559,72
158560,55
158561,37
158562,49
158563,65
158564,45
158565,61
158566,28
158567,58
158568,73
158569,52
158570,70
158571,53
158572,59
158573,59
158574,53
158575,23
158576,53
158577,57
158578,75
158579,56
158580,69
158581,24
158582,77
158583,67
158584,20
158585,31
158586,55
158587,57
158588,71
158589,57
158590,60
158591,47
158592,53
158593,75
158594,87
158595,78
158596,59
158597,62
158598,61
158599,61
158600,28
158601,63
158602,59
158603,19
158604,55
158605,56
158606,64
158607,47
158608,63
158609,54
158610,58
158611,58
158612,65
158613,67
158614,62
158615,60
158616,80
158617,81
158618,55
158619,52
158620,40
158621,74
158622,64
158623,64
158624,46
158625,55
158626,42
158627,58
158628,76
158629,62
158630,75
158631,59
158632,16
158633,64
158634,55
158635,24
158636,64
158637,73
158638,44
158639,56
158640,65
158641,58
158642,55
158643,56
158644,63
158645,75
158646,60
158647,61
158648,42
158649,62
158650,52
158651,57
158652,61
158653,60
158654,76
158655,54
158656,56
158657,75
158658,63
158659,56
158660,55
158661,59
158662,69
158663,50
158664,59
158665,32
158666,68
158667,70
158668,36
158669,41
158670,43
158671,41
158672,61
158673,42
158674,55
158675,49
158676,54
158677,52
158678,54
158679,58
158680,56
158681,86
158682,38
158683,62
158684,50
158685,55
158686,66
158687,62
158688,64
158689,65
158690,50
158691,51
158692,57
158693,48
158694,51
158695,59
158696,53
158697,62
158698,59
158699,44
158700,68
158701,70
158702,81
158703,39
158704,64
158705,65
158706,53
158707,47
158708,null
158709,53
158710,59
158711,59
158712,60
158713,73
158714,59
158715,57
158716,48
158717,71
158718,60
158719,69
158720,51
158721,42
158722,null
158723,28
158724,42
158725,63
158726,81
158727,null
158728,50
158729,57
158730,68
158731,50
158732,62
158733,46
158734,64
158735,58
158736,null
158737,67
158738,null
158739,19
158740,null
158741,34
158742,68
158743,43
158744,60
158745,null
158746,59
158747,50
158748,null
158749,59
158750,58
158751,44
158752,51
158753,53
158754,null
158755,50
158756,52
158757,55
158758,38
158759,59
158760,58
158761,80
158762,55
158763,32
158764,53
158765,57
158766,57
158767,59
158768,69
158769,57
158770,21
158771,55
158772,25
158773,38
158774,57
158775,17
158776,55
158777,75
158778,51
158779,56
158780,23
158781,58
158782,30
158783,43
158784,52
158785,62
158786,46
158787,51
158788,54
158789,65
158790,75
158791,34
158792,54
158793,65
158794,67
158795,49
158796,45
158797,63
158798,58
158799,86
158800,53
158801,28
158802,45
158803,61
158804,59
158805,60
158806,85
158807,62
158808,21
158809,54
158810,51
158811,57
158812,61
158813,63
158814,58
158815,38
158816,61
158817,72
158818,66
158819,45
158820,67
158821,42
158822,52
158823,62
158824,55
158825,74
158826,47
158827,50
158828,75
158829,19
158830,43
158831,41
158832,57
158833,53
158834,43
158835,38
158836,53
158837,50
158838,40
158839,55
158840,61
158841,53
158842,57
158843,36
158844,56
158845,41
158846,61
158847,59
158848,52
158849,61
158850,52
158851,57
158852,64
158853,52
158854,53
158855,65
158856,60
158857,58
158858,57
158859,51
158860,90
158861,56
158862,60
158863,42
158864,58
158865,62
158866,51
158867,40
158868,59
158869,27
158870,57
158871,75
158872,51
158873,55
158874,60
158875,66
158876,58
158877,53
158878,60
158879,63
158880,60
158881,38
158882,56
158883,78
158884,45
158885,37
158886,48
158887,19
158888,64
158889,69
158890,60
158891,48
158892,58
158893,42
158894,61
158895,78
158896,60
158897,54
158898,78
158899,55
158900,62
158901,37
158902,74
158903,58
158904,32
158905,55
158906,64
158907,60
158908,55
158909,69
158910,23
158911,61
158912,63
158913,63
158914,59
158915,60
158916,56
158917,63
158918,43
158919,53
158920,50
158921,75
158922,59
158923,63
158924,40
158925,59
158926,46
158927,58
158928,58
158929,47
158930,25
158931,56
158932,61
158933,52
158934,55
158935,34
158936,67
158937,55
158938,54
158939,54
158940,73
158941,12
158942,44
158943,52
158944,64
158945,47
158946,31
158947,57
158948,36
158949,57
158950,83
158951,75
158952,49
158953,54
158954,53
158955,53
158956,48
158957,53
158958,58
158959,56
158960,56
158961,61
158962,68
158963,76
158964,58
158965,76
158966,75
158967,64
158968,62
158969,55
158970,46
158971,57
158972,60
158973,75
158974,59
158975,49
158976,64
158977,54
158978,59
158979,67
158980,61
158981,40
158982,58
158983,52
158984,53
158985,71
158986,48
158987,60
158988,57
158989,61
158990,59
158991,45
158992,33
158993,56
158994,60
158995,57
158996,75
158997,55
158998,50
158999,53
159000,52
159001,51
159002,61
159003,52
159004,73
159005,64
159006,56
159007,62
159008,52
159009,51
159010,55
159011,62
159012,46
159013,31
159014,40
159015,60
159016,70
159017,64
159018,38
159019,68
159020,46
159021,62
159022,46
159023,38
159024,58
159025,49
159026,60
159027,74
159028,32
159029,44
159030,64
159031,59
159032,72
159033,58
159034,62
159035,65
159036,58
159037,44
159038,42
159039,56
159040,54
159041,60
159042,62
159043,57
159044,85
159045,72
159046,63
159047,64
159048,56
159049,56
159050,81
159051,69
159052,64
159053,54
159054,53
159055,66
159056,56
159057,51
159058,41
159059,65
159060,55
159061,59
159062,68
159063,54
159064,51
159065,62
159066,71
159067,49
159068,58
159069,52
159070,55
159071,56
159072,57
159073,59
159074,58
159075,61
159076,52
159077,73
159078,68
159079,52
159080,75
159081,65
159082,56
159083,46
159084,56
159085,56
159086,67
159087,78
159088,54
159089,32
159090,58
159091,54
159092,60
159093,63
159094,50
159095,38
159096,66
159097,38
159098,53
159099,60
159100,71
159101,68
159102,67
159103,56
159104,36
159105,55
159106,59
159107,61
159108,26
159109,66
159110,49
159111,55
159112,63
159113,75
159114,57
159115,68
159116,22
159117,60
159118,41
159119,45
159120,34
159121,58
159122,60
159123,60
159124,41
159125,50
159126,58
159127,53
159128,52
159129,28
159130,88
159131,74
159132,45
159133,75
159134,76
159135,55
159136,55
159137,28
159138,72
159139,63
159140,62
159141,62
159142,76
159143,61
159144,66
159145,57
159146,null
159147,31
159148,73
159149,60
159150,72
159151,null
159152,28
159153,53
159154,null
159155,65
159156,50
159157,65
159158,38
159159,53
159160,83
159161,61
159162,60
159163,60
159164,29
159165,58
159166,56
159167,null
159168,51
159169,null
159170,null
159171,62
159172,48
159173,null
159174,54
159175,null
159176,59
159177,51
159178,null
159179,null
159180,52
159181,60
159182,70
159183,27
159184,44
159185,55
159186,52
159187,74
159188,31
159189,null
159190,52
159191,null
159192,null
159193,85
159194,null
159195,47
159196,49
159197,59
159198,64
159199,50
159200,63
159201,29
159202,61
159203,44
159204,54
159205,60
159206,37
159207,59
159208,55
159209,55
159210,19
159211,43
159212,62
159213,59
159214,59
159215,24
159216,61
159217,39
159218,59
159219,65
159220,65
159221,48
159222,45
159223,63
159224,57
159225,20
159226,63
159227,53
159228,59
159229,51
159230,63
159231,41
159232,47
159233,61
159234,85
159235,58
159236,47
159237,54
159238,44
159239,37
159240,55
159241,61
159242,47
159243,63
159244,55
159245,58
159246,52
159247,58
159248,47
159249,44
159250,58
159251,50
159252,65
159253,62
159254,63
159255,40
159256,47
159257,50
159258,57
159259,54
159260,52
159261,52
159262,52
159263,67
159264,44
159265,58
159266,48
159267,55
159268,63
159269,41
159270,58
159271,44
159272,61
159273,47
159274,50
159275,58
159276,64
159277,67
159278,57
159279,22
159280,49
159281,45
159282,55
159283,20
159284,61
159285,27
159286,55
159287,37
159288,67
159289,23
159290,86
159291,54
159292,61
159293,54
159294,73
159295,79
159296,36
159297,67
159298,54
159299,67
159300,48
159301,52
159302,48
159303,44
159304,21
159305,43
159306,48
159307,60
159308,47
159309,51
159310,65
159311,56
159312,63
159313,60
159314,66
159315,59
159316,64
159317,37
159318,69
159319,59
159320,58
159321,45
159322,75
159323,27
159324,65
159325,69
159326,38
159327,50
159328,60
159329,68
159330,48
159331,43
159332,65
159333,43
159334,54
159335,32
159336,63
159337,56
159338,52
159339,46
159340,68
159341,59
159342,49
159343,71
159344,53
159345,63
159346,58
159347,49
159348,54
159349,52
159350,49
159351,60
159352,63
159353,30
159354,52
159355,57
159356,59
159357,47
159358,68
159359,55
159360,28
159361,69
159362,61
159363,47
159364,49
159365,51
159366,38
159367,53
159368,69
159369,53
159370,60
159371,58
159372,18
159373,60
159374,44
159375,42
159376,44
159377,62
159378,65
159379,52
159380,53
159381,61
159382,32
159383,49
159384,65
159385,53
159386,51
159387,56
159388,64
159389,39
159390,54
159391,45
159392,68
159393,57
159394,55
159395,81
159396,63
159397,64
159398,59
159399,43
159400,56
159401,58
159402,32
159403,60
159404,71
159405,58
159406,46
159407,62
159408,60
159409,62
159410,53
159411,22
159412,54
159413,28
159414,27
159415,51
159416,66
159417,35
159418,55
159419,59
159420,64
159421,43
159422,65
159423,43
159424,35
159425,48
159426,43
159427,65
159428,62
159429,32
159430,61
159431,55
159432,56
159433,52
159434,59
159435,49
159436,76
159437,25
159438,38
159439,39
159440,52
159441,63
159442,54
159443,59
159444,69
159445,39
159446,53
159447,51
159448,58
159449,64
159450,53
159451,61
159452,60
159453,55
159454,56
159455,56
159456,67
159457,46
159458,60
159459,64
159460,43
159461,18
159462,19
159463,56
159464,61
159465,57
159466,59
159467,69
159468,52
159469,68
159470,59
159471,55
159472,54
159473,69
159474,58
159475,61
159476,60
159477,63
159478,56
159479,47
159480,60
159481,59
159482,84
159483,61
159484,60
159485,63
159486,55
159487,59
159488,21
159489,49
159490,56
159491,62
159492,58
159493,49
159494,56
159495,45
159496,53
159497,39
159498,67
159499,65
159500,62
159501,21
159502,56
159503,23
159504,52
159505,51
159506,57
159507,49
159508,47
159509,73
159510,56
159511,60
159512,52
159513,38
159514,53
159515,58
159516,83
159517,70
159518,51
159519,63
159520,56
159521,71
159522,54
159523,64
159524,61
159525,65
159526,56
159527,62
159528,77
159529,null
159530,67
159531,79
159532,66
159533,56
159534,55
159535,null
159536,53
159537,64
159538,43
159539,53
159540,null
159541,28
159542,49
159543,47
159544,56
159545,56
159546,48
159547,38
159548,null
159549,48
159550,48
159551,45
159552,null
159553,null
159554,51
159555,null
159556,53
159557,58
159558,60
159559,56
159560,60
159561,61
159562,null
159563,63
159564,54
159565,48
159566,null
159567,42
159568,53
159569,51
159570,58
159571,65
159572,53
159573,54
159574,null
159575,58
159576,78
159577,null
159578,53
159579,48
159580,52
159581,45
159582,null
159583,70
159584,45
159585,54
159586,38
159587,50
159588,53
159589,59
159590,66
159591,41
159592,59
159593,39
159594,55
159595,45
159596,76
159597,46
159598,48
159599,15
159600,56
159601,58
159602,56
159603,48
159604,56
159605,54
159606,45
159607,48
159608,49
159609,50
159610,40
159611,40
159612,48
159613,47
159614,39
159615,75
159616,61
159617,58
159618,56
159619,15
159620,47
159621,51
159622,61
159623,55
159624,20
159625,61
159626,56
159627,73
159628,49
159629,61
159630,63
159631,43
159632,59
159633,38
159634,63
159635,23
159636,53
159637,78
159638,66
159639,51
159640,59
159641,51
159642,51
159643,63
159644,56
159645,24
159646,50
159647,61
159648,70
159649,44
159650,59
159651,72
159652,68
159653,54
159654,62
159655,36
159656,62
159657,39
159658,58
159659,57
159660,55
159661,69
159662,58
159663,29
159664,62
159665,60
159666,65
159667,46
159668,53
159669,50
159670,55
159671,49
159672,35
159673,62
159674,39
159675,50
159676,56
159677,63
159678,53
159679,67
159680,57
159681,44
159682,61
159683,19
159684,57
159685,28
159686,60
159687,60
159688,75
159689,50
159690,52
159691,40
159692,53
159693,69
159694,58
159695,59
159696,40
159697,41
159698,58
159699,55
159700,59
159701,92
159702,75
159703,58
159704,58
159705,55
159706,59
159707,60
159708,22
159709,55
159710,55
159711,65
159712,41
159713,22
159714,42
159715,59
159716,58
159717,46
159718,66
159719,61
159720,75
159721,64
159722,66
159723,59
159724,65
159725,65
159726,57
159727,69
159728,76
159729,56
159730,64
159731,61
159732,64
159733,56
159734,65
159735,53
159736,65
159737,67
159738,85
159739,68
159740,61
159741,49
159742,57
159743,62
159744,66
159745,66
159746,47
159747,47
159748,56
159749,64
159750,53
159751,54
159752,60
159753,52
159754,80
159755,20
159756,56
159757,50
159758,58
159759,64
159760,41
159761,34
159762,61
159763,50
159764,54
159765,56
159766,69
159767,28
159768,75
159769,65
159770,59
159771,70
159772,46
159773,46
159774,56
159775,75
159776,52
159777,55
159778,49
159779,54
159780,44
159781,77
159782,59
159783,54
159784,68
159785,51
159786,47
159787,59
159788,20
159789,61
159790,58
159791,68
159792,43
159793,61
159794,64
159795,67
159796,30
159797,39
159798,60
159799,33
159800,61
159801,59
159802,84
159803,78
159804,59
159805,37
159806,67
159807,52
159808,64
159809,52
159810,64
159811,60
159812,52
159813,49
159814,60
159815,57
159816,48
159817,57
159818,64
159819,70
159820,65
159821,55
159822,66
159823,49
159824,43
159825,47
159826,31
159827,61
159828,75
159829,56
159830,47
159831,28
159832,80
159833,63
159834,53
159835,20
159836,60
159837,66
159838,61
159839,70
159840,65
159841,63
159842,56
159843,57
159844,75
159845,35
159846,63
159847,67
159848,53
159849,64
159850,56
159851,43
159852,62
159853,53
159854,57
159855,60
159856,63
159857,63
159858,67
159859,64
159860,56
159861,59
159862,42
159863,57
159864,69
159865,54
159866,59
159867,61
159868,56
159869,63
159870,64
159871,75
159872,57
159873,75
159874,63
159875,75
159876,59
159877,61
159878,75
159879,57
159880,64
159881,32
159882,57
159883,57
159884,85
159885,71
159886,54
159887,67
159888,58
159889,50
159890,55
159891,71
159892,64
159893,40
159894,54
159895,50
159896,73
159897,66
159898,62
159899,56
159900,64
159901,56
159902,22
159903,78
159904,80
159905,55
159906,42
159907,45
159908,48
159909,61
159910,54
159911,43
159912,66
159913,44
159914,59
159915,83
159916,81
159917,66
159918,86
159919,60
159920,75
159921,53
159922,55
159923,27
159924,67
159925,86
159926,77
159927,42
159928,77
159929,55
159930,59
159931,49
159932,67
159933,65
159934,50
159935,56
159936,59
159937,32
159938,null
159939,71
159940,31
159941,61
159942,52
159943,70
159944,57
159945,74
159946,35
159947,49
159948,57
159949,54
159950,64
159951,48
159952,43
159953,69
159954,52
159955,56
159956,70
159957,70
159958,null
159959,57
159960,null
159961,null
159962,null
159963,41
159964,65
159965,null
159966,68
159967,63
159968,63
159969,46
159970,52
159971,57
159972,60
159973,62
159974,null
159975,53
159976,38
159977,49
159978,56
159979,57
159980,57
159981,42
159982,44
159983,80
159984,49
159985,56
159986,null
159987,54
159988,66
159989,53
159990,65
159991,52
159992,null
159993,90
159994,15
159995,60
159996,null
159997,null
159998,58
159999,64
160000,65
160001,43
160002,54
160003,null
160004,65
160005,null
160006,82
160007,52
160008,52
160009,47
160010,55
160011,49
160012,20
160013,58
160014,52
160015,52
160016,50
160017,33
160018,17
160019,39
160020,51
160021,56
160022,26
160023,45
160024,32
160025,42
160026,49
160027,54
160028,72
160029,75
160030,17
160031,15
160032,46
160033,51
160034,17
160035,53
160036,54
160037,54
160038,51
160039,53
160040,45
160041,51
160042,51
160043,53
160044,54
160045,41
160046,75
160047,57
160048,46
160049,77
160050,13
160051,75
160052,52
160053,42
160054,33
160055,15
160056,49
160057,57
160058,15
160059,52
160060,46
160061,51
160062,61
160063,48
160064,49
160065,21
160066,36
160067,14
160068,60
160069,23
160070,49
160071,27
160072,65
160073,54
160074,52
160075,27
160076,52
160077,41
160078,65
160079,55
160080,75
160081,43
160082,48
160083,47
160084,59
160085,86
160086,54
160087,57
160088,52
160089,66
160090,47
160091,54
160092,38
160093,68
160094,71
160095,41
160096,27
160097,63
160098,57
160099,50
160100,52
160101,59
160102,57
160103,22
160104,57
160105,23
160106,61
160107,60
160108,60
160109,58
160110,54
160111,49
160112,41
160113,59
160114,57
160115,63
160116,53
160117,80
160118,71
160119,42
160120,54
160121,55
160122,63
160123,57
160124,44
160125,62
160126,60
160127,46
160128,60
160129,59
160130,48
160131,43
160132,35
160133,60
160134,54
160135,62
160136,54
160137,59
160138,56
160139,45
160140,63
160141,57
160142,41
160143,60
160144,64
160145,57
160146,52
160147,75
160148,27
160149,20
160150,57
160151,70
160152,58
160153,65
160154,60
160155,56
160156,63
160157,27
160158,76
160159,75
160160,59
160161,85
160162,55
160163,53
160164,65
160165,52
160166,55
160167,38
160168,23
160169,57
160170,65
160171,56
160172,59
160173,75
160174,54
160175,56
160176,57
160177,75
160178,57
160179,65
160180,68
160181,65
160182,43
160183,71
160184,75
160185,63
160186,60
160187,54
160188,35
160189,61
160190,65
160191,46
160192,53
160193,59
160194,50
160195,84
160196,60
160197,54
160198,41
160199,52
160200,73
160201,51
160202,52
160203,68
160204,50
160205,52
160206,56
160207,59
160208,50
160209,58
160210,75
160211,38
160212,19
160213,75
160214,46
160215,18
160216,69
160217,59
160218,75
160219,63
160220,62
160221,21
160222,46
160223,52
160224,34
160225,52
160226,49
160227,64
160228,40
160229,72
160230,52
160231,30
160232,30
160233,75
160234,57
160235,64
160236,59
160237,54
160238,62
160239,75
160240,51
160241,60
160242,80
160243,68
160244,55
160245,88
160246,42
160247,52
160248,62
160249,54
160250,53
160251,61
160252,52
160253,63
160254,64
160255,56
160256,41
160257,38
160258,59
160259,71
160260,62
160261,61
160262,60
160263,47
160264,60
160265,21
160266,31
160267,66
160268,61
160269,64
160270,65
160271,23
160272,66
160273,61
160274,53
160275,75
160276,65
160277,55
160278,44
160279,58
160280,68
160281,60
160282,27
160283,19
160284,53
160285,66
160286,84
160287,75
160288,54
160289,62
160290,53
160291,64
160292,65
160293,51
160294,63
160295,55
160296,65
160297,63
160298,75
160299,58
160300,67
160301,57
160302,57
160303,64
160304,79
160305,70
160306,61
160307,19
160308,38
160309,51
160310,55
160311,47
160312,53
160313,62
160314,61
160315,47
160316,64
160317,32
160318,52
160319,18
160320,60
160321,60
160322,70
160323,62
160324,49
160325,62
160326,65
160327,66
160328,55
160329,17
160330,51
160331,27
160332,20
160333,70
160334,64
160335,90
160336,67
160337,88
160338,79
160339,89
160340,59
160341,24
160342,65
160343,58
160344,21
160345,66
160346,59
160347,66
160348,72
160349,13
160350,16
160351,76
160352,64
160353,53
160354,null
160355,52
160356,58
160357,57
160358,70
160359,55
160360,null
160361,null
160362,61
160363,46
160364,62
160365,null
160366,60
160367,51
160368,58
160369,20
160370,54
160371,42
160372,44
160373,52
160374,65
160375,63
160376,67
160377,68
160378,56
160379,53
160380,null
160381,60
160382,null
160383,66
160384,null
160385,57
160386,null
160387,null
160388,48
160389,34
160390,34
160391,null
160392,59
160393,71
160394,70
160395,null
160396,53
160397,59
160398,59
160399,73
160400,54
160401,61
160402,40
160403,57
160404,49
160405,32
160406,14
160407,71
160408,37
160409,83
160410,84
160411,67
160412,60
160413,null
160414,54
160415,80
160416,81
160417,66
160418,62
160419,80
160420,50
160421,54
160422,45
160423,31
160424,40
160425,51
160426,null
160427,64
160428,60
160429,null
160430,48
160431,45
160432,18
160433,49
160434,18
160435,21
160436,23
160437,58
160438,24
160439,29
160440,69
160441,60
160442,22
160443,34
160444,75
160445,54
160446,37
160447,21
160448,52
160449,21
160450,59
160451,34
160452,74
160453,60
160454,39
160455,22
160456,61
160457,49
160458,13
160459,58
160460,17
160461,19
160462,39
160463,58
160464,15
160465,46
160466,24
160467,75
160468,17
160469,39
160470,44
160471,20
160472,53
160473,39
160474,53
160475,33
160476,53
160477,43
160478,20
160479,53
160480,72
160481,75
160482,39
160483,49
160484,43
160485,30
160486,61
160487,18
160488,46
160489,51
160490,18
160491,55
160492,63
160493,72
160494,39
160495,17
160496,54
160497,13
160498,47
160499,30
160500,71
160501,63
160502,53
160503,20
160504,63
160505,45
160506,20
160507,39
160508,36
160509,35
160510,31
160511,53
160512,47
160513,65
160514,59
160515,64
160516,64
160517,53
160518,48
160519,24
160520,50
160521,42
160522,75
160523,32
160524,52
160525,39
160526,39
160527,39
160528,75
160529,75
160530,47
160531,57
160532,63
160533,64
160534,52
160535,27
160536,13
160537,65
160538,29
160539,44
160540,30
160541,39
160542,63
160543,53
160544,62
160545,55
160546,53
160547,28
160548,35
160549,52
160550,58
160551,71
160552,72
160553,25
160554,40
160555,67
160556,65
160557,62
160558,63
160559,64
160560,64
160561,76
160562,64
160563,38
160564,56
160565,56
160566,57
160567,58
160568,61
160569,63
160570,42
160571,52
160572,21
160573,59
160574,40
160575,58
160576,61
160577,54
160578,41
160579,22
160580,55
160581,61
160582,54
160583,61
160584,27
160585,47
160586,56
160587,35
160588,57
160589,56
160590,55
160591,64
160592,77
160593,56
160594,79
160595,83
160596,75
160597,60
160598,62
160599,62
160600,41
160601,33
160602,23
160603,62
160604,45
160605,62
160606,49
160607,54
160608,65
160609,75
160610,48
160611,29
160612,52
160613,61
160614,58
160615,54
160616,56
160617,37
160618,47
160619,51
160620,55
160621,66
160622,70
160623,31
160624,46
160625,61
160626,48
160627,63
160628,47
160629,63
160630,54
160631,48
160632,63
160633,58
160634,49
160635,46
160636,55
160637,43
160638,52
160639,54
160640,57
160641,21
160642,54
160643,33
160644,38
160645,35
160646,30
160647,49
160648,19
160649,50
160650,63
160651,75
160652,58
160653,22
160654,60
160655,50
160656,23
160657,32
160658,24
160659,15
160660,23
160661,44
160662,57
160663,22
160664,55
160665,58
160666,69
160667,64
160668,47
160669,63
160670,51
160671,66
160672,57
160673,56
160674,60
160675,68
160676,47
160677,75
160678,58
160679,49
160680,62
160681,58
160682,67
160683,58
160684,50
160685,26
160686,15
160687,60
160688,57
160689,74
160690,46
160691,76
160692,60
160693,47
160694,63
160695,68
160696,59
160697,41
160698,44
160699,57
160700,59
160701,36
160702,54
160703,55
160704,74
160705,76
160706,27
160707,62
160708,61
160709,31
160710,58
160711,48
160712,57
160713,73
160714,54
160715,78
160716,50
160717,31
160718,59
160719,58
160720,62
160721,63
160722,57
160723,58
160724,61
160725,18
160726,71
160727,21
160728,39
160729,52
160730,62
160731,63
160732,59
160733,67
160734,60
160735,25
160736,61
160737,39
160738,64
160739,70
160740,62
160741,60
160742,34
160743,43
160744,30
160745,51
160746,47
160747,66
160748,52
160749,58
160750,88
160751,48
160752,51
160753,31
160754,58
160755,66
160756,53
160757,35
160758,22
160759,13
160760,91
160761,62
160762,69
160763,null
160764,56
160765,45
160766,63
160767,84
160768,56
160769,39
160770,51
160771,56
160772,59
160773,40
160774,60
160775,46
160776,37
160777,76
160778,48
160779,58
160780,70
160781,63
160782,57
160783,69
160784,null
160785,68
160786,59
160787,20
160788,57
160789,60
160790,38
160791,20
160792,64
160793,33
160794,47
160795,59
160796,47
160797,58
160798,18
160799,68
160800,45
160801,53
160802,30
160803,null
160804,38
160805,29
160806,62
160807,63
160808,63
160809,74
160810,55
160811,48
160812,null
160813,null
160814,52
160815,53
160816,67
160817,59
160818,36
160819,null
160820,53
160821,62
160822,61
160823,51
160824,58
160825,60
160826,null
160827,null
160828,50
160829,64
160830,62
160831,null
160832,44
160833,52
160834,55
160835,62
160836,65
160837,58
160838,61
160839,86
160840,null
160841,55
160842,59
160843,76
160844,50
160845,52
160846,46
160847,60
160848,60
160849,85
160850,41
160851,18
160852,42
160853,null
160854,51
160855,77
160856,31
160857,48
160858,62
160859,54
160860,83
160861,36
160862,20
160863,63
160864,54
160865,45
160866,43
160867,56
160868,41
160869,50
160870,12
160871,47
160872,17
160873,22
160874,50
160875,45
160876,43
160877,63
160878,57
160879,37
160880,20
160881,23
160882,43
160883,37
160884,35
160885,71
160886,41
160887,64
160888,63
160889,36
160890,75
160891,49
160892,15
160893,15
160894,43
160895,40
160896,35
160897,44
160898,50
160899,20
160900,20
160901,60
160902,65
160903,75
160904,50
160905,43
160906,36
160907,55
160908,23
160909,43
160910,44
160911,72
160912,49
160913,37
160914,35
160915,37
160916,16
160917,20
160918,43
160919,46
160920,14
160921,55
160922,61
160923,51
160924,42
160925,50
160926,72
160927,35
160928,30
160929,22
160930,75
160931,13
160932,15
160933,24
160934,37
160935,56
160936,18
160937,51
160938,62
160939,45
160940,22
160941,68
160942,37
160943,74
160944,15
160945,75
160946,27
160947,37
160948,45
160949,70
160950,31
160951,53
160952,34
160953,75
160954,61
160955,63
160956,63
160957,21
160958,23
160959,40
160960,26
160961,37
160962,43
160963,50
160964,15
160965,43
160966,59
160967,42
160968,20
160969,49
160970,35
160971,35
160972,17
160973,40
160974,55
160975,48
160976,53
160977,54
160978,22
160979,75
160980,20
160981,49
160982,66
160983,70
160984,16
160985,16
160986,41
160987,68
160988,55
160989,43
160990,56
160991,17
160992,37
160993,51
160994,64
160995,41
160996,58
160997,41
160998,55
160999,42
161000,22
161001,24
161002,50
161003,42
161004,54
161005,82
161006,19
161007,41
161008,13
161009,43
161010,61
161011,34
161012,36
161013,42
161014,38
161015,49
161016,59
161017,56
161018,72
161019,52
161020,21
161021,43
161022,34
161023,13
161024,58
161025,41
161026,37
161027,19
161028,20
161029,50
161030,21
161031,41
161032,44
161033,45
161034,49
161035,50
161036,41
161037,24
161038,24
161039,17
161040,22
161041,14
161042,29
161043,15
161044,56
161045,57
161046,34
161047,51
161048,62
161049,44
161050,51
161051,60
161052,57
161053,43
161054,35
161055,19
161056,34
161057,67
161058,75
161059,56
161060,35
161061,45
161062,58
161063,51
161064,62
161065,51
161066,66
161067,14
161068,43
161069,44
161070,50
161071,66
161072,79
161073,42
161074,42
161075,49
161076,51
161077,44
161078,29
161079,54
161080,62
161081,16
161082,21
161083,62
161084,55
161085,56
161086,44
161087,17
161088,37
161089,43
161090,53
161091,43
161092,17
161093,46
161094,18
161095,56
161096,55
161097,29
161098,46
161099,65
161100,64
161101,69
161102,70
161103,61
161104,15
161105,24
161106,59
161107,40
161108,43
161109,22
161110,37
161111,47
161112,58
161113,12
161114,43
161115,45
161116,51
161117,16
161118,67
161119,21
161120,22
161121,39
161122,14
161123,62
161124,49
161125,45
161126,40
161127,37
161128,43
161129,43
161130,41
161131,20
161132,62
161133,37
161134,61
161135,43
161136,37
161137,63
161138,71
161139,53
161140,68
161141,75
161142,12
161143,47
161144,43
161145,52
161146,19
161147,59
161148,13
161149,79
161150,71
161151,43
161152,68
161153,29
161154,75
161155,61
161156,57
161157,57
161158,17
161159,66
161160,65
161161,67
161162,72
161163,13
161164,51
161165,67
161166,53
161167,49
161168,44
161169,43
161170,43
161171,44
161172,75
161173,18
161174,43
161175,22
161176,50
161177,51
161178,43
161179,50
161180,58
161181,85
161182,67
161183,84
161184,57
161185,48
161186,56
161187,17
161188,54
161189,45
161190,55
161191,93
161192,47
161193,41
161194,67
161195,51
161196,75
161197,76
161198,75
161199,46
161200,41
161201,49
161202,66
161203,70
161204,51
161205,22
161206,34
161207,59
161208,54
161209,85
161210,67
161211,85
161212,37
161213,43
161214,37
161215,55
161216,52
161217,null
161218,23
161219,43
161220,52
161221,60
161222,53
161223,24
161224,13
161225,null
161226,71
161227,63
161228,43
161229,13
161230,51
161231,63
161232,56
161233,14
161234,56
161235,57
161236,48
161237,66
161238,57
161239,35
161240,85
161241,61
161242,41
161243,14
161244,75
161245,19
161246,22
161247,16
161248,51
161249,52
161250,41
161251,31
161252,23
161253,67
161254,60
161255,59
161256,null
161257,null
161258,56
161259,68
161260,52
161261,null
161262,61
161263,52
161264,null
161265,41
161266,37
161267,40
161268,null
161269,43
161270,null
161271,49
161272,null
161273,55
161274,52
161275,57
161276,43
161277,62
161278,45
161279,60
161280,72
161281,75
161282,62
161283,59
161284,46
161285,60
161286,null
161287,57
161288,59
161289,72
161290,66
161291,29
161292,67
161293,49
161294,24
161295,35
161296,60
161297,55
161298,22
161299,42
161300,46
161301,50
161302,22
161303,56
161304,76
161305,72
161306,71
161307,43
161308,68
161309,45
161310,23
161311,59
161312,43
161313,37
161314,13
161315,19
161316,47
161317,53
161318,71
161319,44
161320,20
161321,37
161322,20
161323,43
161324,45
161325,37
161326,23
161327,51
161328,23
161329,52
161330,13
161331,71
161332,37
161333,17
161334,45
161335,63
161336,37
161337,46
161338,23
161339,57
161340,56
161341,20
161342,37
161343,21
161344,19
161345,20
161346,47
161347,22
161348,60
161349,37
161350,26
161351,45
161352,20
161353,30
161354,52
161355,59
161356,47
161357,75
161358,19
161359,43
161360,14
161361,24
161362,21
161363,43
161364,37
161365,29
161366,23
161367,17
161368,21
161369,52
161370,37
161371,46
161372,24
161373,51
161374,23
161375,57
161376,44
161377,17
161378,78
161379,23
161380,75
161381,37
161382,75
161383,37
161384,44
161385,20
161386,24
161387,12
161388,43
161389,22
161390,63
161391,50
161392,52
161393,21
161394,32
161395,21
161396,43
161397,18
161398,16
161399,43
161400,37
161401,22
161402,65
161403,31
161404,75
161405,43
161406,23
161407,21
161408,53
161409,42
161410,24
161411,43
161412,43
161413,43
161414,51
161415,57
161416,20
161417,37
161418,68
161419,23
161420,53
161421,21
161422,29
161423,19
161424,55
161425,43
161426,23
161427,47
161428,17
161429,45
161430,37
161431,17
161432,53
161433,43
161434,20
161435,23
161436,23
161437,17
161438,14
161439,37
161440,18
161441,15
161442,18
161443,20
161444,23
161445,18
161446,43
161447,43
161448,31
161449,43
161450,13
161451,23
161452,43
161453,22
161454,20
161455,43
161456,29
161457,46
161458,37
161459,47
161460,17
161461,20
161462,43
161463,74
161464,76
161465,43
161466,19
161467,63
161468,37
161469,19
161470,52
161471,45
161472,24
161473,44
161474,61
161475,47
161476,37
161477,20
161478,43
161479,45
161480,18
161481,24
161482,23
161483,68
161484,16
161485,37
161486,51
161487,23
161488,42
161489,58
161490,20
161491,37
161492,14
161493,50
161494,52
161495,43
161496,15
161497,52
161498,16
161499,37
161500,24
161501,22
161502,37
161503,39
161504,29
161505,22
161506,47
161507,18
161508,80
161509,22
161510,55
161511,37
161512,75
161513,37
161514,61
161515,31
161516,12
161517,43
161518,46
161519,57
161520,21
161521,49
161522,24
161523,66
161524,52
161525,24
161526,51
161527,22
161528,37
161529,20
161530,85
161531,52
161532,58
161533,63
161534,43
161535,24
161536,37
161537,45
161538,39
161539,58
161540,23
161541,59
161542,56
161543,75
161544,24
161545,20
161546,37
161547,37
161548,64
161549,22
161550,37
161551,42
161552,13
161553,23
161554,24
161555,53
161556,58
161557,43
161558,37
161559,47
161560,16
161561,13
161562,23
161563,45
161564,70
161565,43
161566,51
161567,72
161568,60
161569,30
161570,16
161571,29
161572,68
161573,52
161574,56
161575,38
161576,21
161577,37
161578,13
161579,52
161580,51
161581,38
161582,23
161583,65
161584,43
161585,42
161586,52
161587,15
161588,37
161589,23
161590,43
161591,17
161592,52
161593,43
161594,37
161595,53
161596,60
161597,75
161598,24
161599,71
161600,63
161601,55
161602,21
161603,56
161604,70
161605,29
161606,75
161607,43
161608,19
161609,23
161610,53
161611,37
161612,20
161613,43
161614,23
161615,63
161616,67
161617,72
161618,59
161619,24
161620,51
161621,37
161622,43
161623,52
161624,61
161625,67
161626,82
161627,21
161628,37
161629,61
161630,52
161631,24
161632,43
161633,19
161634,75
161635,61
161636,45
161637,69
161638,69
161639,19
161640,16
161641,65
161642,53
161643,53
161644,23
161645,29
161646,43
161647,80
161648,37
161649,89
161650,19
161651,24
161652,65
161653,51
161654,52
161655,65
161656,21
161657,22
161658,43
161659,80
161660,43
161661,64
161662,20
161663,43
161664,43
161665,37
161666,12
161667,45
161668,75
161669,22
161670,37
161671,37
161672,43
161673,20
161674,24
161675,43
161676,61
161677,23
161678,45
161679,65
161680,43
161681,61
161682,43
161683,55
161684,52
161685,23
161686,24
161687,47
161688,56
161689,70
161690,19
161691,51
161692,75
161693,44
161694,17
161695,56
161696,66
161697,44
161698,37
161699,64
161700,46
161701,31
161702,23
161703,16
161704,23
161705,66
161706,21
161707,52
161708,44
161709,51
161710,51
161711,50
161712,37
161713,20
161714,51
161715,43
161716,36
161717,63
161718,23
161719,43
161720,22
161721,31
161722,22
161723,61
161724,37
161725,24
161726,23
161727,19
161728,45
161729,16
161730,36
161731,67
161732,27
161733,24
161734,24
161735,45
161736,45
161737,23
161738,23
161739,55
161740,29
161741,29
161742,15
161743,75
161744,18
161745,22
161746,21
161747,13
161748,52
161749,51
161750,43
161751,37
161752,57
161753,48
161754,24
161755,13
161756,22
161757,46
161758,23
161759,75
161760,36
161761,67
161762,46
161763,37
161764,24
161765,38
161766,43
161767,37
161768,29
161769,37
161770,47
161771,37
161772,21
161773,36
161774,45
161775,51
161776,75
161777,21
161778,56
161779,21
161780,65
161781,21
161782,75
161783,66
161784,49
161785,29
161786,22
161787,51
161788,55
161789,20
161790,69
161791,20
161792,17
161793,43
161794,23
161795,37
161796,42
161797,20
161798,31
161799,26
161800,36
161801,43
161802,17
161803,22
161804,27
161805,43
161806,21
161807,23
161808,22
161809,46
161810,29
161811,37
161812,13
161813,48
161814,18
161815,59
161816,23
161817,45
161818,52
161819,23
161820,24
161821,37
161822,21
161823,64
161824,52
161825,75
161826,20
161827,13
161828,57
161829,22
161830,23
161831,17
161832,54
161833,16
161834,37
161835,36
161836,20
161837,36
161838,43
161839,50
161840,29
161841,43
161842,36
161843,29
161844,43
161845,45
161846,51
161847,20
161848,23
161849,17
161850,22
161851,36
161852,23
161853,50
161854,24
161855,29
161856,36
161857,38
161858,43
161859,29
161860,79
161861,19
161862,22
161863,30
161864,23
161865,57
161866,69
161867,24
161868,52
161869,12
161870,43
161871,45
161872,59
161873,22
161874,37
161875,17
161876,15
161877,18
161878,46
161879,24
161880,22
161881,43
161882,39
161883,37
161884,19
161885,20
161886,12
161887,37
161888,54
161889,29
161890,19
161891,51
161892,43
161893,14
161894,64
161895,71
161896,24
161897,55
161898,15
161899,23
161900,22
161901,36
161902,57
161903,45
161904,18
161905,56
161906,54
161907,53
161908,15
161909,53
161910,52
161911,18
161912,17
161913,76
161914,60
161915,22
161916,43
161917,46
161918,36
161919,23
161920,23
161921,60
161922,66
161923,61
161924,21
161925,23
161926,51
161927,67
161928,36
161929,37
161930,51
161931,57
161932,17
161933,23
161934,59
161935,75
161936,13
161937,24
161938,75
161939,56
161940,37
161941,12
161942,22
161943,52
161944,43
161945,18
161946,61
161947,24
161948,53
161949,14
161950,22
161951,52
161952,36
161953,61
161954,40
161955,30
161956,43
161957,15
161958,16
161959,52
161960,37
161961,22
161962,48
161963,51
161964,52
161965,24
161966,59
161967,58
161968,21
161969,72
161970,21
161971,24
161972,43
161973,13
161974,53
161975,37
161976,37
161977,52
161978,36
161979,43
161980,37
161981,37
161982,21
161983,37
161984,24
161985,51
161986,45
161987,14
161988,57
161989,64
161990,54
161991,39
161992,54
161993,24
161994,38
161995,38
161996,36
161997,43
161998,36
161999,90
162000,24
162001,23
162002,43
162003,17
162004,30
162005,19
162006,22
162007,62
162008,64
162009,57
162010,78
162011,43
162012,62
162013,43
162014,36
162015,57
162016,18
162017,50
162018,43
162019,17
162020,59
162021,21
162022,55
162023,77
162024,36
162025,75
162026,62
162027,57
162028,43
162029,69
162030,55
162031,37
162032,38
162033,51
162034,77
162035,22
162036,67
162037,70
162038,16
162039,68
162040,19
162041,61
162042,18
162043,56
162044,78
162045,71
162046,69
162047,53
162048,20
162049,22
162050,23
162051,43
162052,43
162053,67
162054,39
162055,46
162056,52
162057,15
162058,58
162059,36
162060,75
162061,61
162062,45
162063,20
162064,50
162065,29
162066,51
162067,15
162068,37
162069,13
162070,20
162071,16
162072,43
162073,38
162074,23
162075,73
162076,23
162077,16
162078,57
162079,45
162080,46
162081,24
162082,52
162083,51
162084,76
162085,18
162086,29
162087,59
162088,53
162089,37
162090,75
162091,36
162092,71
162093,75
162094,53
162095,37
162096,47
162097,21
162098,53
162099,55
162100,75
162101,16
162102,22
162103,23
162104,22
162105,67
162106,24
162107,21
162108,58
162109,22
162110,37
162111,12
162112,56
162113,21
162114,57
162115,58
162116,61
162117,69
162118,57
162119,23
162120,23
162121,38
162122,15
162123,43
162124,47
162125,75
162126,23
162127,53
162128,29
162129,46
162130,52
162131,48
162132,67
162133,24
162134,19
162135,23
162136,46
162137,46
162138,44
162139,15
162140,84
162141,23
162142,19
162143,23
162144,47
162145,24
162146,45
162147,48
162148,71
162149,23
162150,20
162151,22
162152,67
162153,21
162154,23
162155,17
162156,76
162157,46
162158,13
162159,16
162160,37
162161,22
162162,74
162163,52
162164,44
162165,17
162166,22
162167,73
162168,45
162169,44
162170,68
162171,45
162172,44
162173,37
162174,30
162175,47
162176,37
162177,14
162178,30
162179,44
162180,44
162181,46
162182,37
162183,13
162184,45
162185,21
162186,43
162187,47
162188,47
162189,18
162190,44
162191,22
162192,18
162193,51
162194,24
162195,52
162196,21
162197,30
162198,15
162199,51
162200,52
162201,44
162202,44
162203,58
162204,18
162205,61
162206,19
162207,44
162208,44
162209,61
162210,75
162211,27
162212,24
162213,53
162214,52
162215,24
162216,56
162217,44
162218,54
162219,46
162220,22
162221,19
162222,19
162223,53
162224,46
162225,15
162226,24
162227,23
162228,24
162229,23
162230,20
162231,13
162232,32
162233,47
162234,18
162235,45
162236,13
162237,13
162238,46
162239,22
162240,23
162241,44
162242,44
162243,74
162244,66
162245,22
162246,44
162247,75
162248,22
162249,21
162250,14
162251,44
162252,24
162253,58
162254,16
162255,37
162256,22
162257,57
162258,19
162259,23
162260,44
162261,20
162262,24
162263,45
162264,37
162265,51
162266,75
162267,45
162268,24
162269,44
162270,43
162271,37
162272,16
162273,23
162274,73
162275,14
162276,65
162277,46
162278,29
162279,37
162280,20
162281,16
162282,23
162283,16
162284,43
162285,15
162286,18
162287,44
162288,46
162289,20
162290,14
162291,79
162292,16
162293,45
162294,16
162295,45
162296,19
162297,23
162298,43
162299,45
162300,29
162301,21
162302,22
162303,21
162304,15
162305,44
162306,17
162307,58
162308,21
162309,50
162310,23
162311,51
162312,53
162313,37
162314,22
162315,19
162316,37
162317,28
162318,52
162319,22
162320,67
162321,30
162322,23
162323,44
162324,17
162325,15
162326,37
162327,23
162328,23
162329,37
162330,76
162331,44
162332,58
162333,23
162334,57
162335,60
162336,75
162337,45
162338,37
162339,24
162340,43
162341,21
162342,46
162343,37
162344,54
162345,52
162346,47
162347,22
162348,37
162349,37
162350,44
162351,51
162352,75
162353,67
162354,71
162355,13
162356,44
162357,44
162358,20
162359,24
162360,47
162361,23
162362,57
162363,61
162364,29
162365,44
162366,72
162367,53
162368,30
162369,21
162370,66
162371,38
162372,43
162373,44
162374,14
162375,58
162376,19
162377,43
162378,18
162379,58
162380,52
162381,23
162382,37
162383,45
162384,26
162385,25
162386,23
162387,51
162388,54
162389,37
162390,75
162391,45
162392,37
162393,37
162394,23
162395,40
162396,61
162397,37
162398,48
162399,54
162400,21
162401,58
162402,38
162403,91
162404,44
162405,71
162406,46
162407,29
162408,44
162409,12
162410,24
162411,66
162412,37
162413,62
162414,67
162415,22
162416,56
162417,37
162418,18
162419,79
162420,21
162421,45
162422,22
162423,44
162424,19
162425,13
162426,44
162427,44
162428,56
162429,44
162430,43
162431,75
162432,53
162433,22
162434,53
162435,19
162436,22
162437,53
162438,60
162439,18
162440,53
162441,24
162442,64
162443,84
162444,44
162445,76
162446,44
162447,53
162448,45
162449,20
162450,52
162451,78
162452,78
162453,22
162454,16
162455,22
162456,37
162457,44
162458,24
162459,53
162460,65
162461,65
162462,69
162463,58
162464,44
162465,18
162466,19
162467,75
162468,22
162469,21
162470,38
162471,52
162472,51
162473,24
162474,21
162475,29
162476,75
162477,23
162478,20
162479,24
162480,30
162481,19
162482,44
162483,53
162484,47
162485,51
162486,66
162487,44
162488,64
162489,69
162490,46
162491,38
162492,74
162493,77
162494,44
162495,70
162496,14
162497,56
162498,19
162499,45
162500,13
162501,52
162502,75
162503,23
162504,23
162505,39
162506,56
162507,44
162508,75
162509,50
162510,19
162511,58
162512,22
162513,31
162514,38
162515,70
162516,18
162517,39
162518,47
162519,54
162520,16
162521,16
162522,17
162523,22
162524,67
162525,70
162526,75
162527,71
162528,38
162529,53
162530,13
162531,24
162532,21
162533,54
162534,75
162535,16
162536,44
162537,25
162538,38
162539,57
162540,20
162541,15
162542,59
162543,41
162544,56
162545,61
162546,46
162547,44
162548,36
162549,57
162550,20
162551,38
162552,21
162553,25
162554,46
162555,47
162556,48
162557,20
162558,30
162559,23
162560,53
162561,14
162562,35
162563,38
162564,68
162565,21
162566,22
162567,72
162568,61
162569,44
162570,44
162571,63
162572,23
162573,18
162574,17
162575,38
162576,24
162577,38
162578,44
162579,68
162580,46
162581,19
162582,30
162583,23
162584,38
162585,24
162586,68
162587,44
162588,69
162589,16
162590,54
162591,55
162592,48
162593,44
162594,21
162595,56
162596,54
162597,49
162598,20
162599,25
162600,23
162601,22
162602,21
162603,72
162604,58
162605,49
162606,55
162607,38
162608,36
162609,22
162610,14
162611,53
162612,18
162613,57
162614,46
162615,75
162616,19
162617,15
162618,44
162619,63
162620,49
162621,44
162622,75
162623,53
162624,22
162625,44
162626,38
162627,30
162628,38
162629,22
162630,23
162631,23
162632,58
162633,44
162634,18
162635,19
162636,52
162637,21
162638,46
162639,39
162640,59
162641,44
162642,20
162643,59
162644,24
162645,17
162646,24
162647,44
162648,53
162649,25
162650,53
162651,18
162652,59
162653,13
162654,48
162655,75
162656,47
162657,44
162658,47
162659,67
162660,57
162661,21
162662,44
162663,72
162664,44
162665,25
162666,63
162667,24
162668,22
162669,24
162670,18
162671,53
162672,15
162673,58
162674,19
162675,46
162676,25
162677,21
162678,50
162679,22
162680,19
162681,40
162682,24
162683,72
162684,19
162685,44
162686,75
162687,20
162688,20
162689,17
162690,21
162691,14
162692,46
162693,30
162694,39
162695,46
162696,40
162697,24
162698,47
162699,45
162700,58
162701,23
162702,45
162703,44
162704,30
162705,38
162706,38
162707,16
162708,57
162709,23
162710,21
162711,23
162712,57
162713,79
162714,56
162715,19
162716,22
162717,17
162718,30
162719,54
162720,44
162721,38
162722,20
162723,38
162724,75
162725,52
162726,44
162727,38
162728,20
162729,70
162730,52
162731,47
162732,48
162733,44
162734,24
162735,17
162736,75
162737,79
162738,16
162739,48
162740,44
162741,22
162742,25
162743,22
162744,48
162745,66
162746,57
162747,44
162748,54
162749,30
162750,72
162751,53
162752,67
162753,47
162754,22
162755,30
162756,19
162757,13
162758,57
162759,53
162760,44
162761,30
162762,53
162763,66
162764,21
162765,22
162766,44
162767,58
162768,27
162769,46
162770,17
162771,23
162772,48
162773,70
162774,85
162775,43
162776,46
162777,66
162778,44
162779,31
162780,57
162781,51
162782,24
162783,24
162784,44
162785,14
162786,25
162787,52
162788,17
162789,12
162790,46
162791,24
162792,44
162793,89
162794,38
162795,47
162796,21
162797,59
162798,42
162799,69
162800,44
162801,38
162802,46
162803,38
162804,59
162805,60
162806,23
162807,75
162808,44
162809,25
162810,55
162811,75
162812,44
162813,54
162814,52
162815,23
162816,52
162817,53
162818,54
162819,17
162820,69
162821,75
162822,59
162823,66
162824,88
162825,45
162826,66
162827,23
162828,54
162829,25
162830,48
162831,59
162832,44
162833,44
162834,54
162835,23
162836,53
162837,53
162838,44
162839,21
162840,63
162841,38
162842,53
162843,38
162844,66
162845,71
162846,53
162847,38
162848,60
162849,15
162850,13
162851,75
162852,59
162853,46
162854,62
162855,44
162856,17
162857,73
162858,54
162859,18
162860,75
162861,20
162862,60
162863,38
162864,25
162865,15
162866,22
162867,59
162868,66
162869,67
162870,59
162871,63
162872,48
162873,75
162874,24
162875,79
162876,53
162877,80
162878,30
162879,46
162880,19
162881,59
162882,54
162883,54
162884,46
162885,75
162886,75
162887,23
162888,21
162889,16
162890,65
162891,23
162892,75
162893,48
162894,15
162895,40
162896,18
162897,23
162898,38
162899,57
162900,37
162901,38
162902,38
162903,43
162904,23
162905,37
162906,24
162907,57
162908,75
162909,38
162910,42
162911,44
162912,21
162913,24
162914,23
162915,75
162916,21
162917,17
162918,63
162919,20
162920,62
162921,52
162922,65
162923,55
162924,48
162925,52
162926,23
162927,75
162928,20
162929,17
162930,75
162931,37
162932,41
162933,19
162934,55
162935,14
162936,52
162937,43
162938,38
162939,48
162940,13
162941,69
162942,38
162943,57
162944,37
162945,35
162946,49
162947,44
162948,59
162949,25
162950,18
162951,20
162952,52
162953,23
162954,45
162955,17
162956,23
162957,72
162958,13
162959,20
162960,37
162961,37
162962,13
162963,21
162964,44
162965,48
162966,48
162967,57
162968,48
162969,14
162970,51
162971,23
162972,44
162973,18
162974,24
162975,24
162976,23
162977,15
162978,65
162979,30
162980,45
162981,22
162982,20
162983,52
162984,44
162985,71
162986,24
162987,37
162988,30
162989,53
162990,62
162991,19
162992,56
162993,51
162994,75
162995,62
162996,22
162997,44
162998,63
162999,19
163000,75
163001,24
163002,17
163003,44
163004,51
163005,22
163006,38
163007,43
163008,62
163009,24
163010,23
163011,23
163012,45
163013,46
163014,37
163015,52
163016,20
163017,46
163018,57
163019,54
163020,13
163021,23
163022,24
163023,44
163024,23
163025,23
163026,38
163027,17
163028,38
163029,46
163030,21
163031,24
163032,14
163033,27
163034,24
163035,18
163036,19
163037,13
163038,22
163039,57
163040,44
163041,58
163042,19
163043,14
163044,53
163045,37
163046,21
163047,20
163048,23
163049,24
163050,20
163051,75
163052,23
163053,24
163054,82
163055,20
163056,44
163057,59
163058,51
163059,19
163060,45
163061,20
163062,65
163063,23
163064,58
163065,37
163066,33
163067,24
163068,23
163069,22
163070,51
163071,54
163072,86
163073,20
163074,37
163075,46
163076,52
163077,14
163078,22
163079,15
163080,23
163081,53
163082,51
163083,30
163084,38
163085,23
163086,40
163087,24
163088,48
163089,44
163090,44
163091,44
163092,44
163093,38
163094,46
163095,59
163096,13
163097,44
163098,14
163099,22
163100,61
163101,64
163102,81
163103,53
163104,20
163105,24
163106,56
163107,52
163108,22
163109,37
163110,51
163111,39
163112,54
163113,16
163114,53
163115,58
163116,22
163117,57
163118,63
163119,80
163120,69
163121,44
163122,52
163123,47
163124,62
163125,53
163126,21
163127,30
163128,18
163129,65
163130,43
163131,57
163132,50
163133,65
163134,50
163135,12
163136,57
163137,52
163138,44
163139,44
163140,13
163141,12
163142,13
163143,47
163144,44
163145,30
163146,18
163147,37
163148,45
163149,58
163150,23
163151,14
163152,52
163153,60
163154,14
163155,53
163156,58
163157,39
163158,85
163159,20
163160,52
163161,43
163162,53
163163,20
163164,52
163165,24
163166,17
163167,24
163168,46
163169,53
163170,24
163171,44
163172,30
163173,45
163174,37
163175,37
163176,22
163177,62
163178,58
163179,44
163180,78
163181,60
163182,56
163183,45
163184,39
163185,17
163186,19
163187,75
163188,24
163189,37
163190,53
163191,75
163192,20
163193,46
163194,62
163195,59
163196,44
163197,62
163198,54
163199,72
163200,75
163201,39
163202,78
163203,72
163204,18
163205,45
163206,46
163207,69
163208,20
163209,44
163210,23
163211,44
163212,17
163213,16
163214,46
163215,44
163216,58
163217,63
163218,23
163219,44
163220,45
163221,45
163222,88
163223,44
163224,75
163225,21
163226,52
163227,38
163228,22
163229,37
163230,73
163231,23
163232,58
163233,17
163234,62
163235,17
163236,16
163237,39
163238,12
163239,63
163240,19
163241,54
163242,25
163243,18
163244,77
163245,79
163246,24
163247,53
163248,17
163249,62
163250,22
163251,48
163252,58
163253,44
163254,62
163255,23
163256,18
163257,16
163258,38
163259,24
163260,69
163261,47
163262,79
163263,19
163264,37
163265,30
163266,null
163267,null
163268,null
163269,null
163270,null
163271,27
163272,null
163273,null
163274,54
163275,35
163276,38
163277,39
163278,60
163279,63
163280,64
163281,53
163282,35
163283,47
163284,49
163285,19
163286,58
163287,68
163288,36
163289,60
163290,50
163291,66
163292,68
163293,51
163294,43
163295,47
163296,55
163297,45
163298,54
163299,50
163300,30
163301,51
163302,45
163303,42
163304,56
163305,45
163306,49
163307,49
163308,57
163309,56
163310,39
163311,60
163312,83
163313,55
163314,55
163315,57
163316,58
163317,54
163318,55
163319,65
163320,55
163321,65
163322,53
163323,56
163324,55
163325,42
163326,47
163327,22
163328,48
163329,58
163330,38
163331,55
163332,68
163333,34
163334,47
163335,70
163336,53
163337,27
163338,66
163339,47
163340,54
163341,52
163342,46
163343,74
163344,50
163345,79
163346,51
163347,41
163348,45
163349,55
163350,32
163351,67
163352,36
163354,74
163355,46
163356,42
163357,60
163358,54
163359,59
163360,53
163361,50
163362,66
163363,56
163364,53
163365,48
163366,55
163367,58
163368,25
163369,52
163370,39
163371,15
163372,48
163373,48
163374,48
163375,59
163376,52
163377,68
163378,49
163379,60
163380,48
163381,54
163382,36
163383,40
163384,34
163385,51
163386,22
163387,42
163388,56
163389,45
163390,66
163391,59
163392,78
163393,57
163394,72
163395,54
163396,88
163397,66
163398,54
163399,52
163400,62
163401,57
163402,58
163403,47
163404,51
163405,47
163406,58
163407,51
163408,56
163409,58
163410,70
163411,80
163412,48
163413,56
163414,44
163415,72
163416,57
163417,44
163418,49
163419,45
163420,27
163421,28
163422,65
163423,68
163424,56
163425,59
163426,53
163427,53
163428,58
163429,36
163430,49
163431,62
163432,50
163433,59
163434,55
163435,42
163436,51
163437,58
163438,46
163439,69
163440,57
163441,57
163442,46
163443,54
163444,35
163445,40
163446,53
163447,26
163448,57
163449,48
163450,43
163451,54
163452,45
163453,27
163454,47
163455,52
163456,53
163457,54
163458,48
163459,58
163460,65
163461,48
163462,64
163463,56
163464,66
163465,50
163466,67
163467,42
163468,62
163469,38
163470,42
163471,45
163472,45
163473,48
163474,56
163475,57
163476,43
163477,37
163478,18
163479,53
163480,14
163481,52
163482,56
163483,60
163484,57
163485,63
163486,56
163487,45
163488,53
163489,45
163490,61
163491,43
163492,63
163493,31
163494,45
163495,55
163496,58
163497,59
163498,58
163499,50
163500,51
163501,30
163502,52
163503,47
163504,45
163505,50
163506,36
163507,62
163508,61
163509,41
163510,53
163511,29
163512,33
163513,50
163514,52
163515,58
163516,45
163517,57
163518,50
163519,35
163520,40
163521,58
163522,50
163523,73
163524,51
163525,51
163526,62
163527,43
163528,45
163529,52
163530,51
163531,39
163532,33
163533,58
163534,45
163535,63
163536,68
163537,59
163538,39
163539,51
163540,64
163541,56
163542,58
163543,45
163544,58
163545,42
163546,49
163547,57
163548,55
163549,51
163550,19
163551,39
163552,22
163553,19
163554,48
163555,46
163556,51
163557,57
163558,57
163559,51
163560,54
163561,45
163562,50
163563,59
163564,50
163565,45
163566,50
163567,50
163568,21
163569,59
163570,52
163571,68
163572,51
163573,60
163574,38
163575,48
163576,46
163577,25
163578,47
163579,33
163580,58
163581,46
163582,27
163583,32
163584,49
163585,47
163586,55
163587,60
163588,58
163589,56
163590,25
163591,40
163592,29
163593,59
163594,56
163595,33
163596,42
163597,45
163598,58
163599,44
163600,36
163601,42
163602,50
163603,52
163604,66
163605,20
163606,58
163607,50
163608,49
163609,56
163610,53
163611,44
163613,18
163614,37
163615,36
163616,47
163617,39
163618,53
163619,57
163620,41
163621,40
163622,43
163623,57
163624,42
163625,53
163626,57
163627,50
163628,49
163629,49
163630,29
163631,50
163632,45
163633,39
163634,36
163635,42
163636,56
163637,51
163638,48
163639,51
163640,35
163641,52
163642,51
163643,43
163644,41
163645,31
163646,40
163647,44
163648,43
163649,40
163650,23
163651,35
163652,56
163653,46
163654,45
163655,20
163656,46
163657,55
163658,51
163659,51
163660,21
163661,52
163662,37
163663,52
163664,51
163665,51
163666,44
163667,18
163668,59
163669,38
163670,50
163671,49
163672,56
163673,49
163674,44
163675,33
163676,57
163677,55
163678,43
163679,44
163680,50
163681,63
163682,25
163683,55
163684,60
163685,49
163686,46
163687,38
163688,47
163689,28
163690,45
163691,45
163692,49
163693,53
163694,41
163695,21
163696,43
163697,43
163698,46
163699,52
163700,44
163701,31
163702,14
163703,55
163704,46
163705,58
163706,22
163707,35
163708,21
163709,null
163710,null
163711,null
163712,13
163713,40
163714,17
163715,null
163716,56
163717,28
163718,47
163719,50
163720,43
163721,null
163722,null
163723,null
163724,54
163725,31
163726,null
163727,null
163728,52
163729,44
163730,null
163731,null
163732,28
163733,49
163734,53
163735,48
163736,51
163737,56
163738,25
163739,42
163740,49
163741,58
163742,58
163743,50
163744,51
163745,44
163746,45
163747,43
163748,51
163749,null
163750,null
163751,null
163752,59
163753,48
163754,46
163755,36
163756,57
163757,null
163758,null
163759,79
163760,null
163761,25
163762,68
163763,null
163764,58
163765,null
163766,null
163767,43
163768,57
163769,null
163770,57
163771,null
163772,44
163773,null
163774,null
163775,null
163776,58
163777,53
163778,null
163779,58
163780,51
163781,null
163782,null
163783,51
163784,45
163785,41
163786,44
163787,56
163788,60
163789,46
163790,28
163791,47
163792,null
163793,58
163794,41
163795,null
163796,null
163797,67
163798,48
163799,null
163800,51
163801,39
163802,54
163803,50
163804,null
163805,null
163806,null
163807,null
163808,56
163809,49
163810,null
163811,50
163812,43
163813,38
163814,57
163815,47
163816,40
163817,null
163818,56
163819,56
163820,46
163821,null
163822,null
163823,37
163824,51
163825,16
163826,null
163827,null
163828,54
163829,28
163830,44
163831,53
163832,null
163833,null
163834,null
163835,null
163836,null
163837,null
163838,58
163839,54
163840,38
163841,49
163842,51
163843,39
163844,44
163845,null
163846,56
163847,null
163848,38
163849,50
163850,57
163851,58
163852,22
163853,52
163854,55
163855,null
163856,null
163857,60
163858,null
163859,56
163860,35
163861,44
163862,51
163863,66
163864,52
163865,null
163866,53
163867,56
163868,null
163869,40
163870,52
163871,null
163872,51
163873,37
163874,null
163875,56
163876,null
163877,47
163878,null
163879,null
163880,null
163881,28
163882,46
163883,59
163884,55
163885,63
163886,54
163887,54
163888,null
163889,50
163890,58
163891,58
163892,56
163893,53
163894,40
163895,57
163896,55
163897,41
163898,null
163899,43
163900,43
163901,49
163902,43
163903,50
163904,28
163905,39
163906,58
163907,49
163908,null
163909,51
163910,51
163911,41
163912,null
163913,39
163914,53
163915,null
163916,41
163917,45
163918,55
163919,null
163920,null
163921,54
163922,32
163923,51
163924,47
163925,null
163926,38
163927,52
163928,null
163929,43
163930,63
163931,48
163932,43
163933,54
163934,37
163935,55
163936,56
163937,51
163938,54
163939,null
163940,59
163941,62
163942,61
163943,53
163944,41
163945,60
163946,51
163947,null
163948,57
163949,65
163950,41
163951,40
163952,35
163953,48
163954,33
163955,51
163956,25
163957,52
163958,41
163959,48
163960,47
163961,47
163962,41
163963,48
163964,49
163965,57
163966,null
163967,43
163968,40
163969,null
163970,null
163971,45
163972,62
163973,46
163974,55
163975,45
163976,39
163977,69
163978,null
163979,null
163980,null
163981,67
163982,69
163983,57
163984,55
163985,null
163986,40
163987,35
163988,null
163989,52
163990,null
163991,41
163992,63
163993,47
163994,null
163995,56
163996,46
163997,29
163998,null
163999,44
164000,56
164001,43
164002,58
164003,55
164004,null
164005,50
164006,52
164007,null
164008,null
164009,82
164010,44
164011,37
164012,62
164013,38
164014,42
164015,54
164016,56
164017,59
164018,54
164019,56
164020,90
164021,null
164022,null
164023,60
164024,63
164025,59
164026,63
164027,null
164028,56
164029,65
164030,null
164031,null
164032,null
164033,52
164034,28
164035,76
164036,50
164037,51
164038,53
164039,54
164040,26
164041,65
164042,null
164043,41
164044,49
164045,69
164046,null
164047,null
164048,56
164049,52
164050,null
164051,null
164052,null
164053,28
164054,33
164055,null
164056,76
164057,48
164058,40
164059,39
164060,null
164061,49
164062,null
164063,null
164064,null
164065,null
164066,47
164067,null
164068,59
164069,null
164070,28
164071,37
164072,42
164073,51
164074,25
164075,36
164076,52
164077,40
164078,49
164079,32
164080,53
164081,34
164082,31
164083,40
164084,51
164085,18
164086,36
164087,39
164088,45
164089,54
164090,46
164091,39
164092,57
164093,55
164094,32
164095,50
164096,25
164097,15
164098,48
164099,53
164100,43
164101,33
164102,39
164103,44
164104,43
164105,37
164106,34
164107,49
164108,47
164109,43
164110,27
164111,51
164112,52
164113,31
164114,24
164115,49
164116,32
164117,42
164118,51
164119,40
164120,48
164121,47
164122,64
164123,46
164124,53
164125,65
164126,48
164127,56
164128,22
164129,51
164130,58
164131,49
164132,48
164133,47
164134,50
164135,40
164136,39
164137,48
164138,49
164139,46
164140,58
164141,43
164142,71
164143,52
164144,52
164145,42
164146,54
164147,39
164148,54
164149,69
164150,59
164151,34
164152,38
164153,41
164154,50
164155,57
164156,42
164157,55
164158,32
164159,null
164160,null
164161,null
164162,29
164163,80
164164,56
164165,null
164166,58
164167,67
164168,53
164169,null
164170,41
164171,null
164172,43
164173,null
164174,38
164175,49
164176,34
164177,null
164178,48
164179,null
164180,44
164181,null
164182,50
164183,53
164184,46
164185,50
164186,34
164187,51
164188,47
164189,null
164190,49
164191,51
164192,null
164193,53
164194,55
164195,null
164196,49
164197,50
164198,53
164199,null
164200,69
164201,null
164202,53
164203,58
164204,52
164205,76
164206,null
164207,57
164208,50
164209,null
164210,54
164211,58
164212,55
164213,58
164214,null
164215,null
164216,null
164217,62
164218,41
164219,null
164220,null
164221,43
164222,49
164223,53
164224,56
164225,null
164226,55
164227,26
164228,57
164229,19
164230,71
164231,38
164232,46
164233,46
164234,42
164235,null
164236,39
164237,57
164238,48
164239,55
164240,28
164241,58
164242,null
164243,46
164244,null
164245,50
164246,null
164247,41
164248,42
164249,38
164250,52
164251,53
164252,59
164253,39
164254,null
164255,null
164256,null
164257,42
164258,null
164259,58
164260,42
164261,50
164262,47
164263,64
164264,54
164265,51
164266,null
164267,59
164268,54
164269,16
164270,47
164271,57
164272,null
164273,57
164274,55
164275,53
164276,53
164277,67
164278,49
164279,54
164280,57
164281,48
164282,null
164283,57
164284,25
164285,null
164286,59
164287,33
164288,null
164289,44
164290,43
164291,58
164292,null
164293,54
164294,39
164295,51
164296,80
164297,47
164298,28
164299,40
164300,48
164301,34
164302,54
164303,39
164304,53
164305,55
164306,null
164307,54
164308,54
164309,58
164310,null
164311,46
164312,52
164313,null
164314,null
164315,44
164316,64
164317,49
164318,44
164319,56
164320,null
164321,51
164322,61
164323,null
164324,42
164325,57
164326,42
164327,67
164328,64
164329,55
164330,60
164331,46
164332,58
164333,null
164334,null
164335,null
164336,40
164337,25
164338,72
164339,46
164340,60
164341,50
164342,55
164343,60
164344,43
164345,null
164346,52
164347,56
164348,22
164349,46
164350,57
164351,null
164352,null
164353,50
164354,58
164355,56
164356,48
164357,16
164358,null
164359,54
164360,41
164361,25
164362,51
164363,20
164364,64
164365,57
164366,51
164367,59
164368,null
164369,null
164370,33
164371,55
164372,null
164373,60
164374,null
164375,61
164376,56
164377,57
164378,69
164379,78
164380,51
164381,33
164382,60
164383,52
164384,41
164385,44
164386,61
164387,49
164388,null
164389,60
164390,60
164391,35
164392,null
164393,null
164394,60
164395,88
164396,null
164397,null
164398,57
164399,45
164400,null
164401,67
164402,70
164403,52
164404,55
164405,67
164406,39
164407,50
164408,54
164409,43
164410,73
164411,56
164412,49
164413,59
164414,14
164415,70
164416,null
164417,46
164418,55
164419,47
164420,55
164421,52
164422,52
164423,36
164424,81
164425,55
164426,null
164427,71
164428,null
164429,null
164430,63
164431,56
164432,54
164433,null
164434,34
164435,44
164436,71
164437,null
164438,null
164439,null
164440,53
164441,null
164442,58
164443,57
164444,38
164445,null
164446,57
164447,81
164448,null
164449,39
164450,56
164451,54
164452,58
164453,null
164454,null
164455,null
164456,34
164457,47
164458,43
164459,34
164460,63
164461,38
164462,40
164463,33
164464,52
164465,62
164466,41
164467,55
164468,22
164469,55
164470,34
164471,51
164472,48
164473,49
164474,36
164475,28
164476,38
164477,43
164478,35
164479,44
164480,13
164481,35
164482,25
164483,53
164484,44
164485,57
164486,56
164487,43
164488,32
164489,35
164490,53
164491,42
164492,34
164493,65
164494,44
164495,50
164496,52
164497,44
164498,36
164499,21
164500,14
164501,42
164502,30
164503,51
164504,45
164505,42
164506,43
164507,42
164508,35
164509,48
164510,69
164511,41
164512,49
164513,47
164514,26
164515,38
164516,47
164517,50
164518,52
164519,50
164520,62
164521,51
164522,49
164523,58
164524,45
164525,28
164526,59
164527,47
164528,14
164529,52
164530,60
164531,49
164532,58
164533,55
164534,25
164535,46
164536,59
164537,49
164538,49
164539,28
164540,33
164541,23
164542,49
164543,48
164544,22
164545,41
164546,null
164547,31
164548,67
164549,49
164550,53
164551,51
164552,null
164553,47
164554,null
164555,56
164556,null
164557,52
164558,51
164559,null
164560,null
164561,54
164562,39
164563,25
164564,null
164565,null
164566,null
164567,58
164568,38
164569,44
164570,25
164571,null
164572,52
164573,50
164574,44
164575,38
164576,56
164577,39
164578,55
164579,49
164580,26
164581,null
164582,50
164583,58
164584,null
164585,66
164586,62
164587,null
164588,52
164589,49
164590,29
164591,38
164592,49
164593,54
164594,34
164595,59
164596,45
164597,53
164598,48
164599,79
164600,61
164601,53
164602,41
164603,null
164604,null
164605,53
164606,null
164607,null
164608,null
164609,51
164610,57
164611,57
164612,55
164613,54
164614,69
164615,34
164616,null
164617,56
164618,null
164619,53
164620,null
164621,null
164622,53
164623,48
164624,52
164625,50
164626,null
164627,55
164628,58
164629,null
164630,36
164631,55
164632,41
164633,32
164634,58
164635,47
164636,37
164637,41
164638,49
164639,39
164640,36
164641,null
164642,51
164643,67
164644,56
164645,40
164646,47
164647,null
164648,64
164649,56
164650,null
164651,null
164652,44
164653,44
164654,25
164655,null
164656,null
164657,50
164658,37
164659,54
164660,45
164661,39
164662,54
164663,null
164664,null
164665,38
164666,52
164667,49
164668,null
164669,53
164670,52
164671,75
164672,54
164673,79
164674,41
164675,null
164676,null
164677,null
164678,null
164679,51
164680,41
164681,33
164682,null
164683,null
164684,65
164685,65
164686,null
164687,42
164688,40
164689,45
164690,54
164691,39
164692,41
164693,55
164694,33
164695,51
164696,53
164697,null
164698,43
164699,59
164700,49
164701,60
164702,null
164703,29
164704,60
164705,57
164706,null
164707,49
164708,null
164709,57
164710,29
164711,47
164712,39
164713,null
164714,50
164715,49
164716,54
164717,48
164718,59
164719,49
164720,null
164721,59
164722,42
164723,48
164724,48
164725,52
164726,56
164727,50
164728,40
164729,42
164730,48
164731,48
164732,54
164733,58
164734,46
164735,51
164736,29
164737,48
164738,null
164739,43
164740,null
164741,51
164742,38
164743,48
164744,53
164745,67
164746,48
164747,39
164748,26
164749,55
164750,18
164751,34
164752,18
164753,48
164754,26
164755,null
164756,null
164757,59
164758,null
164759,53
164760,38
164761,53
164762,null
164763,17
164764,52
164765,53
164766,53
164767,47
164768,63
164769,null
164770,42
164771,54
164772,43
164773,45
164774,null
164775,33
164776,51
164777,48
164778,52
164779,60
164780,null
164781,28
164782,54
164783,43
164784,33
164785,49
164786,52
164787,67
164788,46
164789,45
164790,24
164791,54
164792,49
164793,50
164794,38
164795,25
164796,44
164797,57
164798,null
164799,53
164800,50
164801,null
164802,47
164803,55
164804,29
164805,70
164806,52
164807,56
164808,79
164809,null
164810,47
164811,48
164812,71
164813,60
164814,55
164815,null
164816,64
164817,71
164818,null
164819,49
164820,61
164821,43
164822,null
164823,null
164824,43
164825,29
164826,47
164827,57
164828,32
164829,28
164830,46
164831,42
164832,49
164833,51
164834,64
164835,53
164836,58
164837,null
164838,44
164839,54
164840,45
164841,52
164842,66
164843,36
164844,67
164845,null
164846,null
164847,56
164848,43
164849,51
164850,null
164851,44
164852,50
164853,45
164854,43
164855,null
164856,47
164857,29
164858,46
164859,61
164860,null
164861,49
164862,67
164863,null
164864,51
164865,39
164866,null
164867,39
164868,null
164869,54
164870,83
164871,null
164872,28
164873,null
164874,79
164875,46
164876,55
164877,61
164878,21
164879,52
164880,39
164881,38
164882,49
164883,67
164884,40
164885,55
164886,53
164887,48
164888,63
164889,43
164890,46
164891,42
164892,50
164893,29
164894,29
164895,21
164896,53
164897,49
164898,53
164899,39
164900,36
164901,44
164902,53
164903,46
164904,54
164905,46
164906,63
164907,50
164908,49
164909,21
164910,45
164911,43
164912,51
164913,55
164914,39
164915,48
164916,46
164917,49
164918,46
164919,34
164920,43
164921,51
164922,49
164923,44
164924,45
164925,33
164926,53
164927,49
164928,51
164929,30
164930,41
164931,33
164932,45
164933,22
164934,43
164935,52
164936,48
164937,49
164938,56
164939,46
164940,50
164941,51
164942,45
164943,53
164944,54
164945,42
164946,26
164947,67
164948,41
164949,43
164950,48
164951,62
164952,46
164953,53
164954,19
164955,51
164956,25
164957,34
164958,29
164959,54
164960,27
164961,55
164962,47
164963,53
164964,48
164965,43
164966,50
164967,44
164968,53
164969,37
164970,38
164971,51
164972,29
164973,26
164974,60
164975,63
164976,15
164977,21
164978,56
164979,25
164980,26
164981,51
164982,38
164983,58
164984,19
164985,49
164986,43
164987,59
164988,53
164989,55
164990,48
164991,45
164992,43
164993,49
164994,44
164995,38
164996,53
164997,46
164998,51
164999,57
165000,40
165001,56
165002,59
165003,58
165004,52
165005,66
165006,69
165007,40
165008,68
165009,59
165010,36
165011,57
165012,40
165013,57
165014,53
165015,53
165016,69
165017,34
165018,55
165019,52
165020,60
165021,53
165022,58
165023,52
165024,67
165025,39
165026,59
165027,37
165028,42
165029,59
165030,49
165031,25
165032,63
165033,26
165034,29
165035,58
165036,19
165037,40
165038,49
165039,45
165040,43
165041,44
165042,57
165043,46
165044,47
165045,52
165046,45
165047,51
165048,49
165049,58
165050,50
165051,49
165052,45
165053,35
165054,15
165055,71
165056,80
165057,49
165058,57
165059,56
165060,58
165061,59
165062,61
165063,46
165064,54
165065,39
165066,42
165067,52
165068,46
165069,59
165070,49
165071,45
165072,66
165073,67
165074,50
165075,18
165076,49
165077,45
165078,24
165079,61
165080,38
165081,44
165082,33
165083,53
165084,56
165085,49
165086,54
165087,45
165088,49
165089,49
165090,47
165091,48
165092,58
165093,69
165094,40
165095,47
165096,33
165097,56
165098,44
165099,42
165100,47
165101,59
165102,55
165103,51
165104,62
165105,55
165106,19
165107,56
165108,59
165109,32
165110,58
165111,52
165112,50
165113,62
165114,47
165115,46
165116,55
165117,53
165118,17
165119,47
165120,33
165121,39
165122,52
165123,53
165124,48
165125,57
165126,55
165127,40
165128,42
165129,50
165130,51
165131,45
165132,46
165133,58
165134,46
165135,42
165136,55
165137,65
165138,13
165139,54
165140,18
165141,55
165142,25
165143,58
165144,30
165145,59
165146,42
165147,57
165148,49
165149,56
165150,47
165151,46
165152,28
165153,64
165154,29
165155,52
165156,38
165157,53
165158,56
165159,50
165160,57
165161,42
165162,55
165163,60
165164,46
165165,56
165166,50
165167,61
165168,40
165169,35
165170,59
165171,42
165172,40
165173,41
165174,44
165175,46
165176,48
165177,17
165178,54
165179,61
165180,52
165181,56
165182,26
165183,71
165184,53
165185,57
165186,67
165187,56
165188,35
165189,35
165190,70
165191,65
165192,59
165193,52
165194,55
165195,51
165196,73
165197,61
165198,74
165199,56
165200,52
165201,26
165202,67
165203,56
165204,76
165205,48
165206,57
165207,46
165208,32
165209,49
165210,38
165211,22
165212,49
165213,48
165214,60
165215,48
165216,46
165217,75
165218,null
165219,25
165220,28
165221,46
165222,17
165223,49
165224,null
165225,44
165226,85
165227,50
165228,47
165229,48
165230,78
165231,45
165232,59
165233,57
165234,36
165235,null
165236,null
165237,46
165238,68
165239,51
165240,null
165241,48
165242,52
165243,35
165244,null
165245,null
165246,null
165247,54
165248,46
165249,44
165250,39
165251,71
165252,56
165253,47
165254,48
165255,48
165256,65
165257,null
165258,null
165259,null
165260,54
165261,84
165262,55
165263,46
165264,41
165265,38
165266,65
165267,47
165268,40
165269,55
165270,47
165271,47
165272,73
165273,31
165274,null
165275,48
165276,null
165277,41
165278,50
165279,57
165280,19
165281,54
165282,45
165283,48
165284,34
165285,16
165286,19
165287,49
165288,43
165289,14
165290,33
165291,51
165292,24
165293,40
165294,38
165295,60
165296,49
165297,47
165298,52
165299,23
165300,38
165301,59
165302,25
165303,23
165304,56
165305,54
165306,51
165307,14
165308,71
165309,50
165310,35
165311,38
165312,56
165313,57
165314,49
165315,55
165316,51
165317,34
165318,55
165319,69
165320,51
165321,51
165322,50
165323,37
165324,54
165325,50
165326,53
165327,34
165328,37
165329,48
165330,61
165331,24
165332,41
165333,51
165334,46
165335,38
165336,47
165337,50
165338,33
165339,24
165340,55
165341,49
165342,59
165343,42
165344,49
165345,57
165346,50
165347,24
165348,56
165349,49
165350,56
165351,49
165352,63
165353,46
165354,23
165355,67
165356,51
165357,55
165358,43
165359,52
165360,54
165361,47
165362,50
165363,42
165364,33
165365,23
165366,37
165367,52
165368,27
165369,54
165370,25
165371,59
165372,14
165373,57
165374,48
165375,48
165376,60
165377,53
165378,48
165379,45
165380,45
165381,51
165382,41
165383,48
165384,46
165385,41
165386,49
165387,52
165388,44
165389,55
165390,52
165391,52
165392,35
165393,50
165394,57
165395,58
165396,43
165397,47
165398,57
165399,59
165400,41
165401,34
165402,52
165403,44
165404,51
165405,57
165406,47
165407,59
165408,58
165409,51
165410,48
165411,63
165412,35
165413,48
165414,57
165415,25
165416,59
165417,47
165418,51
165419,60
165420,50
165421,71
165422,73
165423,33
165424,66
165425,50
165426,49
165427,44
165428,50
165429,29
165430,49
165431,41
165432,44
165433,50
165434,18
165435,54
165436,33
165437,50
165438,48
165439,26
165440,46
165441,51
165442,55
165443,53
165444,58
165445,52
165446,51
165447,45
165448,54
165449,39
165450,50
165451,41
165452,26
165453,57
165454,49
165455,61
165456,20
165457,64
165458,49
165459,50
165460,25
165461,57
165462,34
165463,57
165464,17
165465,51
165466,52
165467,54
165468,61
165469,48
165470,53
165471,50
165472,38
165473,44
165474,56
165475,51
165476,50
165477,45
165478,44
165479,44
165480,41
165481,40
165482,46
165483,50
165484,45
165485,43
165486,58
165487,28
165488,67
165489,56
165490,69
165491,55
165492,57
165493,54
165494,46
165495,54
165496,52
165497,18
165498,57
165499,57
165500,71
165501,41
165502,29
165503,46
165504,46
165505,67
165506,39
165507,51
165508,65
165509,56
165510,15
165511,51
165512,59
165513,52
165514,13
165515,50
165516,60
165517,20
165518,55
165519,64
165520,48
165521,54
165522,13
165523,67
165524,48
165525,47
165526,39
165527,59
165528,53
165529,50
165530,53
165531,37
165532,29
165533,51
165534,43
165535,55
165536,50
165537,54
165538,54
165539,55
165540,50
165541,55
165542,53
165543,57
165544,64
165545,69
165546,27
165547,52
165548,49
165549,51
165550,43
165551,73
165552,60
165553,40
165554,25
165555,49
165556,60
165557,60
165558,35
165559,60
165560,51
165561,67
165562,37
165563,83
165564,58
165565,34
165566,39
165567,42
165568,49
165569,19
165570,35
165571,47
165572,54
165573,53
165574,51
165575,41
165576,47
165577,50
165578,38
165579,58
165580,57
165581,30
165582,53
165583,37
165584,53
165585,47
165586,51
165587,69
165588,41
165589,51
165590,44
165591,52
165592,59
165593,45
165594,41
165595,45
165596,55
165597,55
165598,67
165599,49
165600,37
165601,60
165602,54
165603,45
165604,44
165605,null
165606,63
165607,35
165608,null
165609,49
165610,51
165611,47
165612,51
165613,49
165614,null
165615,53
165616,60
165617,41
165618,50
165619,49
165620,56
165621,null
165622,58
165623,51
165624,57
165625,46
165626,53
165627,55
165628,38
165629,null
165630,44
165631,61
165632,52
165633,57
165634,56
165635,null
165636,41
165637,63
165638,null
165639,40
165640,57
165641,52
165642,44
165643,55
165644,52
165645,49
165646,85
165647,58
165648,48
165649,60
165650,72
165651,47
165652,49
165653,null
165654,44
165655,null
165656,63
165657,52
165658,31
165659,33
165660,41
165661,63
165662,null
165663,49
165664,47
165665,47
165666,58
165667,60
165668,46
165669,53
165670,27
165671,54
165672,43
165673,42
165674,43
165675,66
165676,36
165677,54
165678,43
165679,55
165680,46
165681,56
165682,54
165683,51
165684,55
165685,34
165686,74
165687,51
165688,44
165689,30
165690,57
165691,28
165692,51
165693,52
165694,25
165695,29
165696,49
165697,47
165698,53
165699,39
165700,41
165701,53
165702,42
165703,34
165704,57
165705,58
165706,47
165707,73
165708,15
165709,48
165710,49
165711,49
165712,27
165713,54
165714,55
165715,56
165716,51
165717,56
165718,53
165719,20
165720,56
165721,68
165722,40
165723,46
165724,25
165725,59
165726,14
165727,30
165728,27
165729,14
165730,27
165731,55
165732,50
165733,44
165734,41
165735,23
165736,35
165737,40
165738,48
165739,68
165740,61
165741,30
165742,51
165743,55
165744,52
165745,55
165746,36
165747,52
165748,47
165749,42
165750,55
165751,49
165752,32
165753,19
165754,54
165755,30
165756,50
165757,54
165758,16
165759,53
165760,61
165761,45
165762,19
165763,64
165764,65
165765,53
165766,56
165767,55
165768,52
165769,58
165770,54
165771,51
165772,56
165773,67
165774,58
165775,43
165776,27
165777,49
165778,60
165779,47
165780,53
165781,40
165782,36
165783,22
165784,30
165785,27
165786,51
165787,53
165788,47
165789,56
165790,49
165791,54
165792,54
165793,48
165794,52
165795,44
165796,56
165797,69
165798,54
165799,34
165800,42
165801,68
165802,56
165803,29
165804,63
165805,55
165806,25
165807,81
165808,53
165809,57
165810,53
165811,65
165812,13
165813,52
165814,24
165815,59
165816,49
165817,29
165818,48
165819,54
165820,56
165821,18
165822,57
165823,59
165824,47
165825,48
165826,48
165827,74
165828,62
165829,44
165830,55
165831,65
165832,26
165833,59
165834,47
165835,47
165836,41
165837,55
165838,29
165839,51
165840,44
165841,76
165842,57
165843,51
165844,47
165845,44
165846,57
165847,48
165848,56
165849,60
165850,54
165851,55
165852,52
165853,53
165854,41
165855,51
165856,49
165857,37
165858,30
165859,53
165860,54
165861,48
165862,54
165863,70
165864,40
165865,53
165866,21
165867,64
165868,59
165869,51
165870,30
165871,43
165872,50
165873,52
165874,43
165875,26
165876,44
165877,51
165878,49
165879,57
165880,47
165881,65
165882,57
165883,14
165884,42
165885,50
165886,59
165887,54
165888,29
165889,22
165890,46
165891,60
165892,50
165893,56
165894,47
165895,65
165896,48
165897,49
165898,59
165899,61
165900,45
165901,60
165902,51
165903,52
165904,73
165905,71
165906,15
165907,49
165908,51
165909,49
165910,23
165911,55
165912,53
165913,34
165914,57
165915,53
165916,58
165917,41
165918,51
165919,47
165920,37
165921,33
165922,54
165923,52
165924,57
165925,57
165926,38
165927,30
165928,60
165929,23
165930,52
165931,52
165932,65
165933,55
165934,49
165935,60
165936,60
165937,19
165938,63
165939,54
165940,48
165941,61
165942,53
165943,46
165944,50
165945,60
165946,57
165947,43
165948,42
165949,68
165950,57
165951,34
165952,49
165953,46
165954,44
165955,59
165956,41
165957,42
165958,58
165959,39
165960,31
165961,58
165962,38
165963,49
165964,48
165965,42
165966,60
165967,65
165968,56
165969,28
165970,55
165971,52
165972,55
165973,61
165974,50
165975,49
165976,54
165977,41
165978,27
165979,71
165980,58
165981,55
165982,25
165983,72
165984,49
165985,42
165986,67
165987,55
165988,57
165989,46
165990,53
165991,56
165992,53
165993,35
165994,45
165995,59
165996,40
165997,29
165998,60
165999,54
166000,53
166001,44
166002,43
166003,61
166004,null
166005,70
166006,68
166007,null
166008,67
166009,49
166010,68
166011,54
166012,57
166013,46
166014,54
166015,null
166016,null
166017,49
166018,50
166019,49
166020,49
166021,57
166022,41
166023,29
166024,38
166025,null
166026,15
166027,86
166028,50
166029,48
166030,26
166031,57
166032,null
166033,null
166034,34
166035,47
166036,30
166037,50
166038,54
166039,48
166040,null
166041,52
166042,61
166043,null
166044,78
166045,54
166046,57
166047,56
166048,null
166049,56
166050,37
166051,53
166052,53
166053,null
166054,55
166055,66
166056,67
166057,76
166058,42
166059,52
166060,44
166061,82
166062,30
166063,37
166064,null
166065,22
166066,59
166067,56
166068,34
166069,32
166070,60
166071,46
166072,49
166073,56
166074,63
166075,52
166076,56
166077,75
166078,57
166079,52
166080,55
166081,54
166082,52
166083,53
166084,49
166085,55
166086,50
166087,49
166088,58
166089,71
166090,27
166091,57
166092,57
166093,57
166094,53
166095,72
166096,59
166097,32
166098,65
166099,63
166100,52
166101,54
166102,60
166103,20
166104,35
166105,77
166106,35
166107,43
166108,57
166109,59
166110,22
166111,52
166112,43
166113,26
166114,55
166115,42
166116,53
166117,53
166118,46
166119,60
166120,64
166121,54
166122,48
166123,45
166124,51
166125,39
166126,49
166127,57
166128,55
166129,48
166130,54
166131,34
166132,35
166133,38
166134,58
166135,64
166136,45
166137,55
166138,44
166139,46
166140,50
166141,54
166142,60
166143,43
166144,54
166145,58
166146,62
166147,63
166148,55
166149,56
166150,52
166151,30
166152,46
166153,57
166154,49
166155,54
166156,52
166157,57
166158,55
166159,44
166160,52
166161,41
166162,63
166163,51
166164,44
166165,60
166166,64
166167,47
166168,66
166169,36
166170,62
166171,64
166172,66
166173,55
166174,60
166175,31
166176,59
166177,52
166178,12
166179,58
166180,31
166181,35
166182,41
166183,68
166184,58
166185,43
166186,49
166187,56
166188,63
166189,46
166190,32
166191,13
166192,81
166193,48
166194,54
166195,60
166196,48
166197,52
166198,64
166199,49
166200,37
166201,57
166202,27
166203,56
166204,62
166205,59
166206,71
166207,49
166208,53
166209,44
166210,59
166211,51
166212,58
166213,34
166214,45
166215,27
166216,60
166217,43
166218,57
166219,27
166220,43
166221,58
166222,45
166223,40
166224,56
166225,27
166226,31
166227,54
166228,56
166229,58
166230,50
166231,37
166232,46
166233,61
166234,63
166235,58
166236,55
166237,51
166238,67
166239,65
166240,61
166241,64
166242,52
166243,67
166244,64
166245,51
166246,22
166247,47
166248,37
166249,44
166250,58
166251,75
166252,27
166253,15
166254,47
166255,61
166256,34
166257,67
166258,31
166259,53
166260,70
166261,64
166262,63
166263,57
166264,31
166265,49
166266,61
166267,36
166268,56
166269,51
166270,31
166271,71
166272,69
166273,59
166274,35
166275,13
166276,37
166277,53
166278,51
166279,56
166280,38
166281,49
166282,59
166283,53
166284,60
166285,58
166286,54
166287,54
166288,58
166289,60
166290,31
166291,51
166292,79
166293,49
166294,50
166295,61
166296,42
166297,61
166298,75
166299,64
166300,48
166301,57
166302,66
166303,56
166304,71
166305,57
166306,43
166307,47
166308,56
166309,43
166310,60
166311,42
166312,60
166313,62
166314,62
166315,48
166316,56
166317,57
166318,58
166319,57
166320,63
166321,52
166322,17
166323,55
166324,33
166325,61
166326,72
166327,53
166328,62
166329,57
166330,60
166331,59
166332,53
166333,52
166334,25
166335,65
166336,56
166337,61
166338,55
166339,48
166340,62
166341,29
166342,18
166343,39
166344,59
166345,71
166346,31
166347,53
166348,67
166349,45
166350,42
166351,58
166352,56
166353,43
166354,61
166355,59
166356,48
166357,57
166358,48
166359,58
166360,37
166361,56
166362,50
166363,33
166364,62
166365,48
166366,51
166367,49
166368,43
166369,62
166370,63
166371,51
166372,71
166373,17
166374,52
166375,61
166376,64
166377,28
166378,61
166379,78
166380,58
166381,31
166382,88
166383,76
166384,61
166385,55
166386,78
166387,58
166388,59
166389,58
166390,45
166391,75
166392,60
166393,83
166394,54
166395,58
166396,54
166397,54
166398,40
166399,44
166400,59
166401,50
166402,39
166403,27
166404,59
166405,81
166406,55
166407,64
166408,null
166409,null
166410,46
166411,56
166412,63
166413,49
166414,49
166415,69
166416,52
166417,null
166418,48
166419,60
166420,71
166421,63
166422,null
166423,57
166424,77
166425,null
166426,67
166427,null
166428,null
166429,47
166430,53
166431,57
166432,47
166433,null
166434,62
166435,86
166436,87
166437,48
166438,44
166439,67
166440,56
166441,69
166442,52
166443,56
166444,61
166445,null
166446,52
166447,52
166448,null
166449,49
166450,64
166451,74
166452,null
166453,21
166454,35
166455,54
166456,21
166457,44
166458,51
166459,13
166460,18
166461,57
166462,61
166463,16
166464,13
166465,53
166466,21
166467,19
166468,48
166469,58
166470,54
166471,49
166472,45
166473,36
166474,57
166475,44
166476,68
166477,57
166478,14
166479,58
166480,62
166481,62
166482,26
166483,40
166484,59
166485,61
166486,34
166487,56
166488,63
166489,60
166490,49
166491,70
166492,55
166493,60
166494,60
166495,12
166496,23
166497,67
166498,69
166499,65
166500,52
166501,66
166502,49
166503,26
166504,33
166505,55
166506,47
166507,86
166508,33
166509,61
166510,41
166511,55
166512,36
166513,56
166514,40
166515,14
166516,48
166517,31
166518,33
166519,14
166520,28
166521,18
166522,61
166523,28
166524,49
166525,57
166526,67
166527,62
166528,50
166529,49
166530,22
166531,39
166532,59
166533,34
166534,38
166535,26
166536,58
166537,15
166538,51
166539,42
166540,69
166541,52
166542,16
166543,60
166544,61
166545,35
166546,48
166547,33
166548,35
166549,42
166550,63
166551,55
166552,31
166553,52
166554,43
166555,36
166556,18
166557,35
166558,61
166559,44
166560,75
166561,36
166562,62
166563,61
166564,55
166565,58
166566,41
166567,20
166568,27
166569,28
166570,57
166571,26
166572,44
166573,51
166574,68
166575,59
166576,13
166577,46
166578,40
166579,26
166580,27
166581,17
166582,47
166583,18
166584,46
166585,32
166586,61
166587,33
166588,41
166589,53
166590,52
166591,53
166592,53
166593,26
166594,56
166595,74
166596,60
166597,36
166598,75
166599,57
166600,30
166601,62
166602,59
166603,56
166604,51
166605,47
166606,24
166607,75
166608,50
166609,43
166610,44
166611,28
166612,61
166613,61
166614,57
166615,23
166616,18
166617,36
166618,49
166619,38
166620,74
166621,58
166622,29
166623,59
166624,80
166625,58
166626,62
166627,62
166628,58
166629,63
166630,55
166631,31
166632,55
166633,45
166634,55
166635,59
166636,70
166637,62
166638,61
166639,49
166640,39
166641,52
166642,53
166643,75
166644,57
166645,51
166646,53
166647,75
166648,60
166649,57
166650,14
166651,67
166652,64
166653,54
166654,55
166655,64
166656,44
166657,45
166658,69
166659,59
166660,50
166661,46
166662,42
166663,55
166664,41
166665,50
166666,47
166667,57
166668,80
166669,54
166670,64
166671,57
166672,43
166673,27
166674,58
166675,18
166676,64
166677,51
166678,47
166679,63
166680,44
166681,65
166682,57
166683,20
166684,31
166685,16
166686,52
166687,62
166688,56
166689,30
166690,13
166691,16
166692,33
166693,70
166694,42
166695,46
166696,17
166697,59
166698,62
166699,17
166700,48
166701,49
166702,55
166703,13
166704,40
166705,49
166706,91
166707,67
166708,53
166709,45
166710,55
166711,41
166712,60
166713,15
166714,55
166715,36
166716,64
166717,39
166718,20
166719,45
166720,33
166721,15
166722,48
166723,61
166724,74
166725,75
166726,53
166727,41
166728,61
166729,53
166730,67
166731,54
166732,48
166733,22
166734,49
166735,53
166736,16
166737,36
166738,57
166739,50
166740,27
166741,54
166742,13
166743,47
166744,54
166745,55
166746,55
166747,17
166748,65
166749,51
166750,37
166751,59
166752,45
166753,64
166754,40
166755,33
166756,13
166757,42
166758,73
166759,47
166760,56
166761,64
166762,60
166763,55
166764,54
166765,88
166766,21
166767,60
166768,59
166769,46
166770,71
166771,15
166772,65
166773,54
166774,59
166775,37
166776,35
166777,62
166778,79
166779,48
166780,42
166781,66
166782,62
166783,63
166784,29
166785,53
166786,15
166787,57
166788,80
166789,75
166790,53
166791,44
166792,68
166793,75
166794,62
166795,71
166796,56
166797,53
166798,47
166799,65
166800,72
166801,57
166802,80
166803,54
166804,53
166805,61
166806,62
166807,null
166808,38
166809,null
166810,57
166811,49
166812,63
166813,50
166814,57
166815,null
166816,38
166817,71
166818,60
166819,80
166820,51
166821,54
166822,62
166823,43
166824,61
166825,50
166826,null
166827,50
166828,71
166829,62
166830,51
166831,60
166832,57
166833,77
166834,null
166835,54
166836,null
166837,21
166838,77
166839,26
166840,30
166841,21
166842,56
166843,53
166844,22
166845,45
166846,35
166847,31
166848,30
166849,50
166850,30
166851,52
166852,18
166853,13
166854,59
166855,38
166856,15
166857,57
166858,20
166859,31
166860,35
166861,38
166862,20
166863,36
166864,39
166865,38
166866,27
166867,43
166868,18
166869,57
166870,40
166871,23
166872,50
166873,52
166874,44
166875,35
166876,29
166877,35
166878,53
166879,35
166880,40
166881,63
166882,30
166883,46
166884,74
166885,30
166886,61
166887,39
166888,65
166889,54
166890,52
166891,18
166892,17
166893,23
166894,46
166895,27
166896,58
166897,19
166898,46
166899,21
166900,16
166901,44
166902,21
166903,31
166904,18
166905,37
166906,27
166907,79
166908,48
166909,46
166910,39
166911,40
166912,62
166913,33
166914,18
166915,62
166916,30
166917,21
166918,73
166919,13
166920,19
166921,16
166922,41
166923,23
166924,20
166925,65
166926,18
166927,57
166928,47
166929,23
166930,37
166931,47
166932,45
166933,19
166934,26
166935,69
166936,36
166937,39
166938,53
166939,38
166940,36
166941,32
166942,23
166943,27
166944,34
166945,21
166946,15
166947,60
166948,58
166949,23
166950,23
166951,49
166952,50
166953,35
166954,43
166955,31
166956,56
166957,33
166958,36
166959,39
166960,47
166961,47
166962,47
166963,42
166964,54
166965,19
166966,46
166967,56
166968,60
166969,28
166970,17
166971,40
166972,38
166973,48
166974,51
166975,21
166976,46
166977,40
166978,50
166979,19
166980,31
166981,42
166982,23
166983,20
166984,17
166985,57
166986,21
166987,24
166988,45
166989,20
166990,20
166991,50
166992,31
166993,12
166994,18
166995,56
166996,56
166997,18
166998,22
166999,20
167000,16
167001,31
167002,53
167003,30
167004,35
167005,63
167006,60
167007,18
167008,40
167009,20
167010,40
167011,30
167012,50
167013,15
167014,56
167015,49
167016,38
167017,36
167018,72
167019,49
167020,35
167021,40
167022,13
167023,44
167024,24
167025,36
167026,35
167027,60
167028,39
167029,72
167030,43
167031,60
167032,42
167033,12
167034,44
167035,65
167036,43
167037,54
167038,74
167039,39
167040,39
167041,38
167042,56
167043,58
167044,60
167045,40
167046,52
167047,26
167048,22
167049,62
167050,16
167051,35
167052,74
167053,67
167054,30
167055,30
167056,58
167057,59
167058,36
167059,36
167060,37
167061,46
167062,17
167063,16
167064,22
167065,48
167066,23
167067,23
167068,22
167069,62
167070,17
167071,43
167072,23
167073,40
167074,61
167075,32
167076,48
167077,55
167078,19
167079,15
167080,46
167081,20
167082,56
167083,71
167084,55
167085,57
167086,57
167087,61
167088,32
167089,52
167090,69
167091,44
167092,30
167093,77
167094,17
167095,31
167096,22
167097,67
167098,41
167099,16
167100,57
167101,43
167102,51
167103,39
167104,17
167105,45
167106,14
167107,68
167108,38
167109,54
167110,41
167111,54
167112,68
167113,38
167114,44
167115,50
167116,74
167117,64
167118,36
167119,15
167120,63
167121,60
167122,13
167123,39
167124,19
167125,63
167126,39
167127,39
167128,24
167129,37
167130,17
167131,19
167132,33
167133,72
167134,33
167135,55
167136,45
167137,21
167138,16
167139,49
167140,61
167141,90
167142,65
167143,30
167144,49
167145,80
167146,39
167147,31
167148,70
167149,35
167150,52
167151,15
167152,65
167153,20
167154,48
167155,52
167156,39
167157,46
167158,60
167159,38
167160,60
167161,13
167162,14
167163,66
167164,53
167165,62
167166,48
167167,64
167168,36
167169,70
167170,33
167171,72
167172,56
167173,58
167174,41
167175,59
167176,20
167177,63
167178,null
167179,58
167180,38
167181,56
167182,14
167183,null
167184,52
167185,41
167186,38
167187,40
167188,39
167189,49
167190,35
167191,36
167192,50
167193,44
167194,23
167195,70
167196,null
167197,45
167198,null
167199,35
167200,20
167201,61
167202,59
167203,58
167204,50
167205,28
167206,54
167207,35
167208,78
167209,59
167210,60
167211,null
167212,66
167213,null
167214,33
167215,null
167216,38
167217,53
167218,22
167219,67
167220,45
167221,48
167222,67
167223,80
167224,20
167225,44
167226,53
167227,36
167228,27
167229,56
167230,22
167231,19
167232,21
167233,51
167234,42
167235,46
167236,41
167237,15
167238,17
167239,17
167240,12
167241,49
167242,72
167243,41
167244,19
167245,56
167246,16
167247,42
167248,28
167249,65
167250,51
167251,56
167252,54
167253,36
167254,22
167255,22
167256,41
167257,14
167258,15
167259,20
167260,50
167261,22
167262,52
167263,54
167264,42
167265,58
167266,33
167267,42
167268,12
167269,40
167270,68
167271,51
167272,13
167273,61
167274,50
167275,40
167276,23
167277,21
167278,61
167279,43
167280,30
167281,18
167282,12
167283,70
167284,59
167285,21
167286,22
167287,36
167288,19
167289,13
167290,76
167291,46
167292,48
167293,53
167294,20
167295,36
167296,65
167297,52
167298,65
167299,59
167300,52
167301,42
167302,40
167303,42
167304,63
167305,50
167306,41
167307,37
167308,51
167309,18
167310,12
167311,57
167312,44
167313,48
167314,57
167315,38
167316,58
167317,28
167318,29
167319,19
167320,19
167321,16
167322,44
167323,22
167324,60
167325,34
167326,21
167327,14
167328,22
167329,46
167330,40
167331,23
167332,52
167333,50
167334,48
167335,63
167336,45
167337,70
167338,63
167339,54
167340,51
167341,33
167342,44
167343,35
167344,63
167345,40
167346,42
167347,70
167348,76
167349,18
167350,39
167351,29
167352,45
167353,63
167354,17
167355,63
167356,50
167357,61
167358,60
167359,20
167360,16
167361,45
167362,13
167363,69
167364,41
167365,57
167366,18
167367,48
167368,53
167369,36
167370,49
167371,42
167372,71
167373,54
167374,17
167375,22
167376,20
167377,59
167378,20
167379,42
167380,36
167381,28
167382,43
167383,49
167384,50
167385,20
167386,57
167387,58
167388,54
167389,41
167390,42
167391,31
167392,69
167393,17
167394,46
167395,72
167396,59
167397,40
167398,14
167399,36
167400,23
167401,20
167402,55
167403,71
167404,36
167405,29
167406,21
167407,68
167408,41
167409,44
167410,18
167411,21
167412,19
167413,52
167414,18
167415,28
167416,29
167417,39
167418,54
167419,57
167420,40
167421,53
167422,50
167423,42
167424,24
167425,60
167426,51
167427,37
167428,44
167429,13
167430,13
167431,17
167432,70
167433,72
167434,53
167435,46
167436,41
167437,58
167438,42
167439,26
167440,50
167441,56
167442,37
167443,49
167444,36
167445,63
167446,72
167447,41
167448,41
167449,40
167450,18
167451,61
167452,36
167453,29
167454,37
167455,40
167456,44
167457,21
167458,41
167459,36
167460,56
167461,40
167462,26
167463,50
167464,36
167465,49
167466,73
167467,50
167468,36
167469,20
167470,58
167471,16
167472,42
167473,51
167474,23
167475,22
167476,64
167477,68
167478,61
167479,50
167480,61
167481,22
167482,59
167483,56
167484,41
167485,27
167486,50
167487,59
167488,17
167489,50
167490,91
167491,12
167492,45
167493,36
167494,66
167495,19
167496,19
167497,16
167498,39
167499,35
167500,78
167501,74
167502,19
167503,43
167504,42
167505,62
167506,48
167507,62
167508,48
167509,50
167510,40
167511,19
167512,40
167513,73
167514,36
167515,54
167516,40
167517,14
167518,29
167519,51
167520,51
167521,19
167522,37
167523,37
167524,54
167525,42
167526,65
167527,60
167528,41
167529,55
167530,23
167531,51
167532,42
167533,18
167534,63
167535,42
167536,14
167537,42
167538,60
167539,40
167540,46
167541,43
167542,70
167543,58
167544,55
167545,56
167546,35
167547,33
167548,36
167549,53
167550,72
167551,50
167552,74
167553,36
167554,78
167555,76
167556,29
167557,78
167558,40
167559,48
167560,63
167561,13
167562,52
167563,60
167564,42
167565,null
167566,52
167567,37
167568,48
167569,53
167570,60
167571,null
167572,51
167573,34
167574,71
167575,18
167576,40
167577,56
167578,13
167579,75
167580,74
167581,64
167582,59
167583,29
167584,36
167585,37
167586,43
167587,null
167588,16
167589,null
167590,50
167591,43
167592,22
167593,28
167594,null
167595,51
167596,76
167597,83
167598,50
167599,51
167600,71
167601,59
167602,51
167603,48
167604,54
167605,29
167606,51
167607,18
167608,null
167609,33
167610,null
167611,49
167612,87
167613,41
167614,35
167615,20
167616,13
167617,21
167618,18
167619,19
167620,20
167621,43
167622,21
167623,19
167624,55
167625,60
167626,13
167627,19
167628,18
167629,12
167630,43
167631,22
167632,49
167633,28
167634,16
167635,19
167636,43
167637,21
167638,14
167639,15
167640,22
167641,45
167642,49
167643,19
167644,50
167645,15
167646,12
167647,21
167648,22
167649,21
167650,54
167651,35
167652,58
167653,35
167654,22
167655,19
167656,44
167657,28
167658,23
167659,21
167660,22
167661,41
167662,35
167663,48
167664,17
167665,39
167666,29
167667,20
167668,36
167669,49
167670,22
167671,41
167672,36
167673,22
167674,61
167675,18
167676,36
167677,50
167678,14
167679,19
167680,61
167681,20
167682,41
167683,61
167684,22
167685,20
167686,22
167687,43
167688,22
167689,54
167690,54
167691,35
167692,12
167693,38
167694,19
167695,15
167696,55
167697,19
167698,21
167699,65
167700,41
167701,28
167702,28
167703,51
167704,18
167705,14
167706,19
167707,58
167708,41
167709,33
167710,61
167711,12
167712,46
167713,61
167714,18
167715,80
167716,41
167717,21
167718,28
167719,29
167720,44
167721,12
167722,28
167723,60
167724,52
167725,12
167726,45
167727,20
167728,41
167729,45
167730,14
167731,13
167732,17
167733,42
167734,21
167735,21
167736,21
167737,41
167738,42
167739,36
167740,57
167741,41
167742,58
167743,41
167744,51
167745,29
167746,17
167747,35
167748,22
167749,62
167750,42
167751,35
167752,21
167753,22
167754,22
167755,20
167756,22
167757,59
167758,54
167759,17
167760,20
167761,28
167762,46
167763,14
167764,54
167765,45
167766,20
167767,18
167768,35
167769,28
167770,41
167771,18
167772,28
167773,41
167774,61
167775,20
167776,18
167777,15
167778,35
167779,13
167780,59
167781,54
167782,55
167783,35
167784,44
167785,49
167786,22
167787,43
167788,29
167789,44
167790,35
167791,41
167792,53
167793,12
167794,35
167795,20
167796,51
167797,52
167798,60
167799,35
167800,22
167801,35
167802,17
167803,71
167804,53
167805,62
167806,23
167807,41
167808,69
167809,18
167810,20
167811,22
167812,36
167813,14
167814,17
167815,58
167816,20
167817,17
167818,19
167819,50
167820,65
167821,20
167822,56
167823,57
167824,41
167825,40
167826,17
167827,21
167828,58
167829,22
167830,22
167831,45
167832,35
167833,22
167834,67
167835,45
167836,35
167837,18
167838,12
167839,23
167840,16
167841,20
167842,45
167843,41
167844,18
167845,19
167846,28
167847,49
167848,64
167849,35
167850,23
167851,41
167852,28
167853,41
167854,58
167855,36
167856,53
167857,17
167858,17
167859,49
167860,28
167861,64
167862,17
167863,23
167864,41
167865,38
167866,14
167867,41
167868,22
167869,41
167870,59
167871,22
167872,49
167873,39
167874,21
167875,41
167876,22
167877,59
167878,14
167879,45
167880,55
167881,18
167882,71
167883,43
167884,63
167885,35
167886,50
167887,22
167888,16
167889,41
167890,43
167891,22
167892,80
167893,41
167894,40
167895,53
167896,61
167897,15
167898,62
167899,53
167900,35
167901,45
167902,54
167903,41
167904,14
167905,78
167906,28
167907,35
167908,44
167909,21
167910,28
167911,49
167912,20
167913,50
167914,55
167915,44
167916,16
167917,45
167918,55
167919,29
167920,37
167921,35
167922,50
167923,77
167924,54
167925,17
167926,36
167927,41
167928,16
167929,43
167930,12
167931,21
167932,15
167933,35
167934,49
167935,18
167936,35
167937,12
167938,41
167939,22
167940,66
167941,49
167942,58
167943,35
167944,37
167945,62
167946,12
167947,13
167948,50
167949,42
167950,45
167951,50
167952,66
167953,64
167954,71
167955,49
167956,35
167957,64
167958,44
167959,22
167960,18
167961,58
167962,45
167963,22
167964,47
167965,13
167966,52
167967,18
167968,18
167969,73
167970,41
167971,13
167972,14
167973,62
167974,18
167975,58
167976,51
167977,43
167978,54
167979,41
167980,34
167981,22
167982,22
167983,16
167984,20
167985,21
167986,19
167987,14
167988,36
167989,63
167990,21
167991,21
167992,16
167993,42
167994,40
167995,16
167996,49
167997,17
167998,18
167999,34
168000,20
168001,40
168002,42
168003,18
168004,11
168005,18
168006,18
168007,19
168008,18
168009,16
168010,12
168011,44
168012,21
168013,21
168014,22
168015,29
168016,34
168017,40
168018,15
168019,22
168020,44
168021,62
168022,43
168023,20
168024,36
168025,22
168026,27
168027,22
168028,53
168029,18
168030,18
168031,22
168032,53
168033,37
168034,28
168035,19
168036,48
168037,34
168038,49
168039,27
168040,21
168041,17
168042,37
168043,34
168044,40
168045,19
168046,42
168047,42
168048,14
168049,49
168050,16
168051,54
168052,43
168053,14
168054,20
168055,62
168056,34
168057,37
168058,20
168059,40
168060,17
168061,21
168062,27
168063,54
168064,42
168065,26
168066,16
168067,14
168068,44
168069,48
168070,35
168071,17
168072,16
168073,21
168074,48
168075,78
168076,40
168077,28
168078,34
168079,21
168080,17
168081,46
168082,27
168083,40
168084,56
168085,37
168086,17
168087,44
168088,40
168089,64
168090,20
168091,49
168092,40
168093,28
168094,61
168095,34
168096,21
168097,13
168098,12
168099,49
168100,19
168101,34
168102,13
168103,16
168104,57
168105,22
168106,17
168107,53
168108,17
168109,14
168110,46
168111,18
168112,36
168113,27
168114,40
168115,40
168116,17
168117,40
168118,34
168119,59
168120,28
168121,44
168122,34
168123,57
168124,34
168125,53
168126,57
168127,41
168128,37
168129,34
168130,68
168131,53
168132,16
168133,34
168134,40
168135,40
168136,18
168137,18
168138,17
168139,40
168140,12
168141,70
168142,16
168143,21
168144,62
168145,22
168146,12
168147,43
168148,21
168149,16
168150,40
168151,45
168152,43
168153,14
168154,20
168155,48
168156,50
168157,14
168158,52
168159,52
168160,22
168161,42
168162,19
168163,28
168164,17
168165,22
168166,29
168167,19
168168,34
168169,18
168170,13
168171,17
168172,52
168173,22
168174,62
168175,52
168176,40
168177,40
168178,13
168179,52
168180,18
168181,22
168182,40
168183,18
168184,40
168185,34
168186,22
168187,53
168188,11
168189,34
168190,55
168191,18
168192,12
168193,59
168194,47
168195,14
168196,54
168197,34
168198,16
168199,14
168200,34
168201,71
168202,48
168203,12
168204,34
168205,14
168206,63
168207,60
168208,40
168209,21
168210,21
168211,16
168212,15
168213,13
168214,42
168215,15
168216,34
168217,40
168218,75
168219,19
168220,40
168221,41
168222,46
168223,54
168224,27
168225,50
168226,21
168227,40
168228,35
168229,44
168230,53
168231,14
168232,14
168233,16
168234,46
168235,34
168236,49
168237,42
168238,13
168239,64
168240,17
168241,19
168242,42
168243,54
168244,43
168245,67
168246,43
168247,64
168248,20
168249,28
168250,13
168251,48
168252,19
168253,49
168254,40
168255,19
168256,57
168257,50
168258,69
168259,12
168260,21
168261,40
168262,27
168263,29
168264,34
168265,40
168266,41
168267,16
168268,27
168269,43
168270,74
168271,21
168272,51
168273,64
168274,17
168275,17
168276,16
168277,52
168278,34
168279,21
168280,56
168281,14
168282,35
168283,44
168284,21
168285,48
168286,62
168287,49
168288,21
168289,17
168290,21
168291,42
168292,20
168293,58
168294,55
168295,21
168296,42
168297,12
168298,21
168299,12
168300,21
168301,54
168302,29
168303,44
168304,41
168305,49
168306,44
168307,14
168308,17
168309,41
168310,62
168311,59
168312,22
168313,36
168314,16
168315,15
168316,13
168317,14
168318,19
168319,37
168320,40
168321,43
168322,20
168323,17
168324,16
168325,20
168326,15
168327,13
168328,41
168329,65
168330,31
168331,20
168332,49
168333,28
168334,42
168335,14
168336,22
168337,41
168338,42
168339,57
168340,21
168341,65
168342,43
168343,41
168344,17
168345,20
168346,35
168347,27
168348,41
168349,63
168350,20
168351,36
168352,18
168353,22
168354,18
168355,40
168356,29
168357,44
168358,15
168359,54
168360,16
168361,22
168362,35
168363,41
168364,21
168365,35
168366,44
168367,21
168368,49
168369,22
168370,42
168371,22
168372,43
168373,16
168374,50
168375,50
168376,27
168377,43
168378,55
168379,43
168380,46
168381,35
168382,13
168383,41
168384,17
168385,26
168386,59
168387,14
168388,41
168389,61
168390,35
168391,22
168392,18
168393,41
168394,71
168395,65
168396,28
168397,49
168398,12
168399,29
168400,16
168401,85
168402,43
168403,50
168404,48
168405,13
168406,15
168407,18
168408,38
168409,22
168410,65
168411,21
168412,19
168413,45
168414,13
168415,61
168416,41
168417,21
168418,15
168419,35
168420,41
168421,48
168422,20
168423,19
168424,13
168425,15
168426,65
168427,52
168428,15
168429,21
168430,56
168431,55
168432,15
168433,28
168434,41
168435,54
168436,50
168437,42
168438,13
168439,19
168440,41
168441,35
168442,45
168443,61
168444,18
168445,43
168446,14
168447,54
168448,17
168449,35
168450,21
168451,16
168452,12
168453,54
168454,20
168455,41
168456,28
168457,40
168458,38
168459,57
168460,21
168461,41
168462,43
168463,49
168464,21
168465,70
168466,41
168467,12
168468,21
168469,35
168470,62
168471,68
168472,62
168473,54
168474,35
168475,21
168476,18
168477,35
168478,14
168479,19
168480,13
168481,48
168482,14
168483,36
168484,21
168485,54
168486,44
168487,41
168488,40
168489,18
168490,38
168491,57
168492,55
168493,41
168494,41
168495,35
168496,41
168497,50
168498,21
168499,64
168500,54
168501,11
168502,79
168503,48
168504,35
168505,21
168506,22
168507,22
168508,17
168509,58
168510,18
168511,41
168512,16
168513,60
168514,41
168515,35
168516,15
168517,55
168518,43
168519,41
168520,21
168521,35
168522,49
168523,35
168524,28
168525,44
168526,20
168527,52
168528,18
168529,41
168530,43
168531,41
168532,41
168533,35
168534,16
168535,35
168536,19
168537,13
168538,41
168539,14
168540,43
168541,63
168542,50
168543,41
168544,71
168545,49
168546,59
168547,41
168548,13
168549,41
168550,35
168551,65
168552,17
168553,22
168554,44
168555,72
168556,58
168557,68
168558,49
168559,22
168560,41
168561,44
168562,48
168563,50
168564,49
168565,16
168566,71
168567,52
168568,61
168569,57
168570,19
168571,42
168572,18
168573,47
168574,48
168575,49
168576,58
168577,62
168578,70
168579,41
168580,27
168581,47
168582,50
168583,46
168584,44
168585,35
168586,64
168587,18
168588,18
168589,12
168590,46
168591,65
168592,35
168593,50
168594,19
168595,52
168596,33
168597,14
168598,26
168599,41
168600,19
168601,21
168602,15
168603,13
168604,33
168605,39
168606,52
168607,13
168608,63
168609,15
168610,41
168611,12
168612,21
168613,33
168614,20
168615,13
168616,36
168617,18
168618,54
168619,16
168620,33
168621,18
168622,21
168623,20
168624,17
168625,20
168626,63
168627,17
168628,20
168629,17
168630,18
168631,59
168632,20
168633,26
168634,17
168635,17
168636,20
168637,16
168638,41
168639,39
168640,39
168641,47
168642,60
168643,14
168644,15
168645,39
168646,19
168647,12
168648,28
168649,21
168650,39
168651,47
168652,57
168653,55
168654,36
168655,42
168656,47
168657,33
168658,59
168659,17
168660,26
168661,14
168662,47
168663,18
168664,47
168665,17
168666,18
168667,27
168668,39
168669,21
168670,12
168671,21
168672,54
168673,20
168674,21
168675,20
168676,34
168677,15
168678,39
168679,15
168680,33
168681,51
168682,19
168683,20
168684,19
168685,13
168686,47
168687,12
168688,16
168689,48
168690,15
168691,26
168692,33
168693,26
168694,17
168695,26
168696,47
168697,14
168698,61
168699,13
168700,17
168701,55
168702,13
168703,14
168704,14
168705,64
168706,52
168707,51
168708,31
168709,47
168710,62
168711,16
168712,15
168713,15
168714,39
168715,48
168716,14
168717,61
168718,19
168719,39
168720,17
168721,12
168722,18
168723,47
168724,39
168725,34
168726,52
168727,39
168728,41
168729,41
168730,54
168731,47
168732,42
168733,48
168734,35
168735,26
168736,42
168737,52
168738,50
168739,59
168740,16
168741,18
168742,21
168743,21
168744,48
168745,48
168746,21
168747,18
168748,13
168749,17
168750,47
168751,14
168752,20
168753,33
168754,42
168755,42
168756,53
168757,11
168758,17
168759,42
168760,34
168761,20
168762,15
168763,45
168764,21
168765,14
168766,15
168767,39
168768,61
168769,13
168770,41
168771,35
168772,59
168773,65
168774,62
168775,39
168776,65
168777,17
168778,21
168779,19
168780,47
168781,38
168782,17
168783,54
168784,12
168785,16
168786,20
168787,15
168788,47
168789,21
168790,39
168791,27
168792,33
168793,60
168794,21
168795,19
168796,18
168797,40
168798,33
168799,38
168800,16
168801,20
168802,65
168803,71
168804,52
168805,43
168806,51
168807,81
168808,33
168809,46
168810,42
168811,16
168812,41
168813,33
168814,38
168815,61
168816,39
168817,20
168818,19
168819,27
168820,20
168821,47
168822,26
168823,38
168824,33
168825,17
168826,54
168827,18
168828,33
168829,33
168830,39
168831,19
168832,55
168833,14
168834,39
168835,21
168836,20
168837,12
168838,39
168839,12
168840,39
168841,65
168842,46
168843,47
168844,39
168845,17
168846,21
168847,57
168848,47
168849,40
168850,18
168851,50
168852,21
168853,49
168854,33
168855,61
168856,21
168857,42
168858,33
168859,21
168860,40
168861,69
168862,14
168863,55
168864,69
168865,11
168866,39
168867,19
168868,33
168869,57
168870,59
168871,52
168872,39
168873,50
168874,46
168875,47
168876,21
168877,50
168878,21
168879,47
168880,47
168881,11
168882,47
168883,26
168884,36
168885,21
168886,47
168887,62
168888,47
168889,47
168890,55
168891,17
168892,20
168893,27
168894,55
168895,33
168896,21
168897,58
168898,33
168899,21
168900,41
168901,11
168902,39
168903,40
168904,61
168905,21
168906,16
168907,44
168908,60
168909,19
168910,22
168911,18
168912,28
168913,35
168914,18
168915,65
168916,55
168917,54
168918,53
168919,43
168920,22
168921,19
168922,41
168923,27
168924,20
168925,22
168926,20
168927,43
168928,47
168929,27
168930,35
168931,21
168932,22
168933,41
168934,41
168935,16
168936,11
168937,35
168938,66
168939,22
168940,28
168941,35
168942,14
168943,21
168944,65
168945,22
168946,14
168947,43
168948,20
168949,13
168950,53
168951,49
168952,14
168953,43
168954,22
168955,35
168956,65
168957,40
168958,21
168959,15
168960,35
168961,41
168962,41
168963,18
168964,43
168965,63
168966,43
168967,35
168968,35
168969,21
168970,21
168971,20
168972,20
168973,22
168974,27
168975,19
168976,14
168977,49
168978,41
168979,14
168980,61
168981,41
168982,48
168983,12
168984,22
168985,41
168986,41
168987,18
168988,29
168989,27
168990,19
168991,15
168992,22
168993,21
168994,18
168995,50
168996,19
168997,19
168998,42
168999,22
169000,16
169001,48
169002,19
169003,50
169004,46
169005,35
169006,18
169007,49
169008,43
169009,62
169010,50
169011,18
169012,18
169013,35
169014,51
169015,76
169016,43
169017,37
169018,44
169019,41
169020,14
169021,49
169022,19
169023,20
169024,49
169025,41
169026,50
169027,64
169028,35
169029,57
169030,35
169031,17
169032,20
169033,45
169034,41
169035,44
169036,49
169037,59
169038,43
169039,41
169040,35
169041,53
169042,21
169043,19
169044,41
169045,14
169046,15
169047,55
169048,44
169049,35
169050,48
169051,27
169052,20
169053,17
169054,36
169055,21
169056,35
169057,64
169058,27
169059,35
169060,55
169061,22
169062,30
169063,35
169064,41
169065,22
169066,62
169067,18
169068,50
169069,14
169070,63
169071,18
169072,50
169073,28
169074,41
169075,15
169076,15
169077,36
169078,12
169079,18
169080,35
169081,35
169082,65
169083,54
169084,13
169085,41
169086,14
169087,35
169088,41
169089,20
169090,41
169091,44
169092,50
169093,35
169094,20
169095,16
169096,55
169097,21
169098,19
169099,21
169100,15
169101,44
169102,49
169103,41
169104,56
169105,18
169106,35
169107,21
169108,22
169109,17
169110,58
169111,87
169112,58
169113,44
169114,18
169115,35
169116,53
169117,22
169118,63
169119,41
169120,21
169121,28
169122,15
169123,19
169124,65
169125,18
169126,59
169127,54
169128,35
169129,44
169130,35
169131,49
169132,41
169133,28
169134,56
169135,21
169136,44
169137,45
169138,38
169139,12
169140,20
169141,46
169142,43
169143,14
169144,43
169145,14
169146,41
169147,44
169148,50
169149,35
169150,41
169151,22
169152,22
169153,58
169154,41
169155,41
169156,35
169157,21
169158,52
169159,12
169160,18
169161,48
169162,50
169163,28
169164,15
169165,19
169166,35
169167,36
169168,44
169169,60
169170,43
169171,41
169172,42
169173,20
169174,65
169175,14
169176,49
169177,42
169178,44
169179,53
169180,54
169181,27
169182,49
169183,16
169184,59
169185,50
169186,49
169187,49
169188,21
169189,21
169190,35
169191,18
169192,35
169193,35
169194,58
169195,28
169196,55
169197,43
169198,19
169199,15
169200,20
169201,52
169202,41
169203,62
169204,44
169205,20
169206,21
169207,66
169208,15
169209,35
169210,46
169211,54
169212,null
169213,60
169214,56
169215,54
169216,60
169217,53
169218,41
169219,53
169220,59
169221,59
169222,58
169223,45
169224,56
169225,60
169226,57
169227,44
169228,73
169229,49
169230,62
169231,58
169232,45
169233,53
169234,50
169235,60
169236,58
169237,74
169238,53
169239,53
169240,57
169241,51
169242,56
169243,42
169244,64
169245,76
169246,52
169247,69
169248,54
169249,68
169250,49
169251,37
169252,25
169253,59
169254,65
169255,69
169256,65
169257,56
169258,62
169259,50
169260,37
169261,49
169262,69
169263,54
169264,56
169265,54
169266,60
169267,70
169268,50
169269,64
169270,50
169271,55
169272,53
169273,71
169274,54
169275,65
169276,85
169277,58
169278,61
169279,61
169280,75
169281,51
169282,55
169283,23
169284,52
169285,50
169286,66
169287,58
169288,71
169289,46
169290,44
169291,49
169292,42
169293,55
169294,55
169295,70
169296,50
169297,53
169298,29
169299,57
169300,22
169301,59
169302,50
169303,68
169304,56
169305,47
169306,59
169307,53
169308,59
169309,46
169310,51
169311,26
169312,61
169313,67
169314,52
169315,53
169316,60
169317,61
169318,55
169319,79
169320,60
169321,46
169322,54
169323,69
169324,67
169325,30
169326,46
169327,55
169328,51
169329,42
169330,61
169331,60
169332,44
169333,68
169334,56
169335,60
169336,58
169337,52
169338,59
169339,63
169340,75
169341,49
169342,67
169343,78
169344,80
169345,59
169346,82
169347,59
169348,63
169349,60
169350,60
169351,45
169352,54
169353,52
169354,73
169355,52
169356,56
169357,48
169358,62
169359,71
169360,61
169361,64
169362,29
169363,62
169364,41
169365,42
169366,60
169367,35
169368,52
169369,54
169370,65
169371,72
169372,54
169373,58
169374,56
169375,52
169376,51
169377,53
169378,60
169379,56
169380,63
169381,68
169382,44
169383,53
169384,42
169385,74
169386,69
169387,51
169388,50
169389,65
169390,68
169391,65
169392,50
169393,22
169394,55
169395,58
169396,44
169397,59
169398,54
169399,26
169400,60
169401,57
169402,70
169403,86
169404,60
169405,46
169406,54
169407,66
169408,71
169409,61
169410,61
169411,26
169412,51
169413,65
169414,54
169415,51
169416,43
169417,53
169418,42
169419,47
169420,42
169421,49
169422,77
169423,54
169424,66
169425,79
169426,53
169427,56
169428,51
169429,54
169430,44
169431,56
169432,38
169433,53
169434,32
169435,60
169436,63
169437,55
169438,67
169439,55
169440,57
169441,71
169442,52
169443,56
169444,57
169445,64
169446,54
169447,53
169448,54
169449,75
169450,54
169451,56
169452,74
169453,62
169454,51
169455,47
169456,77
169457,56
169458,67
169459,53
169460,54
169461,54
169462,55
169463,51
169464,36
169465,57
169466,50
169467,56
169468,52
169469,44
169470,45
169471,59
169472,55
169473,66
169474,45
169475,51
169476,48
169477,54
169478,45
169479,39
169480,58
169481,49
169482,58
169483,41
169484,58
169485,54
169486,51
169487,56
169488,70
169489,68
169490,53
169491,52
169492,54
169493,44
169494,73
169495,54
169496,50
169497,42
169498,75
169499,53
169500,56
169501,59
169502,49
169503,58
169504,56
169505,40
169506,54
169507,58
169508,41
169509,53
169510,46
169511,64
169512,45
169513,55
169514,54
169515,63
169516,59
169517,50
169518,61
169519,65
169520,39
169521,50
169522,44
169523,47
169524,50
169525,58
169526,60
169527,50
169528,38
169529,42
169530,45
169531,69
169532,48
169533,56
169534,45
169535,52
169536,51
169537,53
169538,16
169539,49
169540,65
169541,50
169542,55
169543,56
169544,56
169545,51
169546,49
169547,57
169548,36
169549,43
169550,38
169551,27
169552,53
169553,46
169554,54
169555,30
169556,56
169557,58
169558,47
169559,52
169560,48
169561,47
169562,57
169563,27
169564,41
169565,25
169566,48
169567,47
169568,53
169569,45
169570,22
169571,29
169572,30
169573,44
169574,53
169575,55
169576,41
169577,55
169578,60
169579,57
169580,50
169581,56
169582,45
169583,58
169584,56
169585,59
169586,53
169587,75
169588,55
169589,62
169590,22
169591,52
169592,39
169593,37
169594,46
169595,62
169596,22
169597,56
169598,53
169599,34
169600,55
169601,49
169602,57
169603,51
169604,59
169605,58
169606,61
169607,53
169608,46
169609,54
169610,61
169611,null
169612,57
169613,43
169614,63
169615,62
169616,38
169617,30
169618,null
169619,59
169620,56
169621,53
169622,61
169623,41
169624,30
169625,null
169626,56
169627,45
169628,52
169629,62
169630,null
169631,57
169632,56
169633,null
169634,66
169635,null
169636,62
169637,null
169638,40
169639,61
169640,51
169641,68
169642,56
169643,null
169644,null
169645,49
169646,63
169647,54
169648,52
169649,53
169650,null
169651,60
169652,45
169653,58
169654,64
169655,51
169656,null
169657,51
169658,45
169659,44
169660,55
169661,44
169662,57
169663,null
169664,null
169665,60
169666,40
169667,44
169668,55
169669,null
169670,null
169671,59
169672,null
169673,null
169674,60
169675,50
169676,null
169677,null
169678,73
169679,null
169680,64
169681,63
169682,56
169683,54
169684,41
169685,51
169686,56
169687,null
169688,null
169689,38
169690,60
169691,50
169692,59
169693,null
169694,67
169695,55
169696,48
169697,76
169698,null
169699,52
169700,null
169701,null
169702,55
169703,59
169704,62
169705,55
169706,51
169707,40
169708,68
169709,63
169710,null
169711,66
169712,57
169713,51
169714,null
169715,null
169716,69
169717,48
169718,58
169719,75
169720,46
169721,62
169722,33
169723,null
169724,61
169725,28
169726,57
169727,41
169728,67
169729,51
169730,67
169731,72
169732,null
169733,51
169734,61
169735,49
169736,56
169737,71
169738,37
169739,50
169740,47
169741,53
169742,33
169743,null
169744,null
169745,55
169746,30
169747,59
169748,42
169749,null
169750,null
169751,49
169752,44
169753,49
169754,43
169755,75
169756,null
169757,59
169758,55
169759,55
169760,40
169761,61
169762,53
169763,47
169764,60
169765,63
169766,null
169767,63
169768,81
169769,65
169770,62
169771,55
169772,62
169773,null
169774,54
169775,88
169776,null
169777,60
169778,60
169779,62
169780,67
169781,62
169782,53
169783,41
169784,26
169785,56
169786,null
169787,null
169788,52
169789,null
169790,53
169791,57
169792,66
169793,79
169794,63
169795,43
169796,60
169797,62
169798,58
169799,56
169800,59
169801,39
169802,68
169803,60
169804,46
169805,null
169806,null
169807,39
169808,63
169809,53
169810,51
169811,59
169812,null
169813,48
169814,59
169815,60
169816,null
169817,48
169818,30
169819,30
169820,26
169821,null
169822,52
169823,51
169824,58
169825,53
169826,49
169827,50
169828,28
169829,44
169830,null
169831,30
169832,null
169833,41
169834,50
169835,63
169836,38
169837,50
169838,63
169839,85
169840,68
169841,39
169842,null
169843,56
169844,26
169845,null
169846,64
169847,57
169848,59
169849,52
169850,59
169851,59
169852,null
169853,62
169854,54
169855,76
169856,58
169857,60
169858,73
169859,67
169860,45
169861,58
169862,63
169863,54
169864,57
169865,54
169866,67
169867,64
169868,81
169869,63
169870,null
169871,53
169872,null
169873,68
169874,63
169875,55
169876,null
169877,53
169878,53
169879,null
169880,64
169881,51
169882,53
169883,57
169884,61
169885,74
169886,74
169887,65
169888,50
169889,56
169890,62
169891,66
169892,30
169893,null
169894,null
169895,48
169896,45
169897,64
169898,null
169899,54
169900,61
169901,null
169902,43
169903,52
169904,null
169905,55
169906,57
169907,51
169908,52
169909,76
169910,80
169911,80
169912,42
169913,56
169914,69
169915,54
169916,50
169917,57
169918,53
169919,null
169920,67
169921,null
169922,68
169923,55
169924,48
169925,48
169926,35
169927,51
169928,22
169929,33
169930,41
169931,22
169932,40
169933,51
169934,48
169935,40
169936,51
169937,42
169938,39
169939,50
169940,44
169941,51
169942,22
169943,48
169944,49
169945,45
169946,41
169947,29
169948,48
169949,58
169950,53
169951,37
169952,47
169953,56
169954,43
169955,20
169956,64
169957,61
169958,59
169959,27
169960,58
169961,35
169962,58
169963,53
169964,50
169965,55
169966,57
169967,58
169968,59
169969,57
169970,49
169971,55
169972,55
169973,44
169974,58
169975,44
169976,45
169977,73
169978,45
169979,58
169980,54
169981,56
169982,55
169983,55
169984,24
169985,53
169986,42
169987,74
169988,55
169989,35
169990,69
169991,47
169992,56
169993,73
169994,40
169995,51
169996,59
169997,58
169998,56
169999,51
170000,50
170001,38
170002,40
170003,55
170004,61
170005,61
170006,57
170007,47
170008,48
170009,66
170010,72
170011,29
170012,46
170013,49
170014,56
170015,61
170016,37
170017,49
170018,59
170019,61
170020,52
170021,57
170022,34
170023,47
170024,25
170025,57
170026,61
170027,65
170028,59
170029,56
170030,42
170031,46
170032,47
170033,48
170034,45
170035,45
170036,61
170037,46
170038,46
170039,61
170040,69
170041,50
170042,66
170043,52
170044,50
170045,53
170046,40
170047,55
170048,51
170049,60
170050,23
170051,55
170052,58
170053,78
170054,52
170055,52
170056,65
170057,37
170058,57
170059,73
170060,47
170061,61
170062,39
170063,49
170064,64
170065,52
170066,56
170067,61
170068,37
170069,51
170070,49
170071,30
170072,54
170073,54
170074,53
170075,53
170076,69
170077,65
170078,57
170079,73
170080,59
170081,69
170082,46
170083,29
170084,58
170085,62
170086,53
170087,61
170088,67
170089,67
170090,51
170091,61
170092,27
170093,71
170094,55
170095,27
170096,58
170097,66
170098,57
170099,57
170100,48
170101,16
170102,66
170103,63
170104,42
170105,47
170106,59
170107,57
170108,50
170109,57
170110,52
170111,49
170112,53
170113,30
170114,22
170115,49
170116,57
170117,33
170118,50
170119,80
170120,75
170121,65
170122,53
170123,64
170124,68
170125,62
170126,36
170127,54
170128,58
170129,68
170130,54
170131,75
170132,51
170133,53
170134,54
170135,80
170136,74
170137,32
170138,56
170139,67
170140,55
170141,54
170142,56
170143,67
170144,66
170145,49
170146,26
170147,27
170148,59
170149,50
170150,48
170151,60
170152,54
170153,49
170154,55
170155,60
170156,59
170157,42
170158,76
170159,86
170160,43
170161,61
170162,62
170163,50
170164,64
170165,57
170166,33
170167,61
170168,58
170169,64
170170,57
170171,45
170172,44
170173,59
170174,53
170175,58
170176,46
170177,51
170178,62
170179,68
170180,57
170181,50
170182,59
170183,55
170184,57
170185,48
170186,29
170187,50
170188,40
170189,63
170190,53
170191,26
170192,65
170193,56
170194,28
170195,63
170196,35
170197,51
170198,55
170199,34
170200,59
170201,59
170202,23
170203,56
170204,57
170205,79
170206,56
170207,43
170208,54
170209,56
170210,52
170211,48
170212,76
170213,47
170214,59
170215,56
170216,53
170217,54
170218,42
170219,70
170220,53
170221,72
170222,52
170223,38
170224,42
170225,53
170226,88
170227,75
170228,63
170229,69
170230,57
170231,54
170232,57
170233,61
170234,44
170235,59
170236,56
170237,71
170238,64
170239,56
170240,70
170241,73
170242,41
170243,84
170244,64
170245,26
170246,60
170247,56
170248,73
170249,50
170250,50
170251,60
170252,69
170253,56
170254,43
170255,20
170256,70
170257,54
170258,51
170259,48
170260,57
170261,35
170262,36
170263,50
170264,49
170265,70
170266,30
170267,49
170268,37
170269,51
170270,52
170271,54
170272,75
170273,52
170274,51
170275,73
170276,90
170277,53
170278,52
170279,65
170280,44
170281,52
170282,56
170283,59
170284,68
170285,61
170286,36
170287,65
170288,51
170289,54
170290,47
170291,56
170292,52
170293,49
170294,51
170295,32
170296,71
170297,null
170298,null
170299,62
170300,57
170301,53
170302,59
170303,null
170304,50
170305,60
170306,51
170307,55
170308,41
170309,44
170310,43
170311,46
170312,25
170313,43
170314,36
170315,40
170316,48
170317,47
170318,51
170319,43
170320,33
170321,45
170322,46
170323,52
170324,53
170325,15
170326,39
170327,43
170328,48
170329,41
170330,15
170331,40
170332,58
170333,32
170334,59
170335,52
170336,57
170337,63
170338,53
170339,52
170340,45
170341,40
170342,46
170343,48
170344,55
170345,60
170346,53
170347,63
170348,42
170349,44
170350,42
170351,55
170352,53
170353,57
170354,72
170355,56
170356,57
170357,54
170358,60
170359,43
170360,22
170361,60
170362,66
170363,73
170364,59
170365,36
170366,29
170367,49
170368,33
170369,30
170370,55
170371,67
170372,57
170373,53
170374,57
170375,64
170376,54
170377,53
170378,52
170379,57
170380,69
170381,53
170382,55
170383,47
170384,60
170385,44
170386,56
170387,59
170388,40
170389,57
170390,36
170391,39
170392,41
170393,56
170394,null
170395,57
170396,64
170397,81
170398,51
170399,60
170400,59
170401,69
170402,56
170403,60
170404,null
170405,55
170406,57
170407,49
170408,56
170409,62
170410,50
170411,null
170412,56
170413,null
170414,26
170415,35
170416,56
170417,45
170418,null
170419,54
170420,44
170421,null
170422,37
170423,29
170424,56
170425,35
170426,43
170427,58
170428,null
170429,46
170430,56
170431,47
170432,52
170433,37
170434,57
170435,null
170436,52
170437,55
170438,52
170439,54
170440,50
170441,49
170442,51
170443,null
170444,55
170445,58
170446,56
170447,null
170448,56
170449,null
170450,60
170451,null
170452,null
170453,75
170454,null
170455,56
170456,46
170457,49
170458,54
170459,53
170460,55
170461,73
170462,null
170463,60
170464,52
170465,69
170466,56
170467,50
170468,47
170469,53
170470,43
170471,60
170472,57
170473,43
170474,47
170475,36
170476,45
170477,44
170478,48
170479,null
170480,null
170481,70
170482,68
170483,59
170484,null
170485,51
170486,null
170487,null
170488,null
170489,56
170490,56
170491,null
170492,null
170493,null
170494,47
170495,null
170496,62
170497,null
170498,null
170499,54
170500,53
170501,45
170502,null
170503,59
170504,59
170505,62
170506,58
170507,52
170508,66
170509,57
170510,28
170511,null
170512,47
170513,55
170514,59
170515,68
170516,43
170517,57
170518,56
170519,null
170520,48
170521,50
170522,44
170523,53
170524,54
170525,54
170526,38
170527,49
170528,46
170529,45
170530,null
170531,75
170532,40
170533,60
170534,20
170535,48
170536,82
170537,69
170538,55
170539,50
170540,69
170541,62
170542,52
170543,47
170544,71
170545,49
170546,57
170547,56
170548,67
170549,null
170550,null
170551,60
170552,46
170553,55
170554,54
170555,55
170556,53
170557,74
170558,58
170559,59
170560,55
170561,68
170562,57
170563,50
170564,57
170565,66
170566,25
170567,53
170568,69
170569,56
170570,64
170571,58
170572,55
170573,49
170574,60
170575,63
170576,38
170577,36
170578,null
170579,73
170580,46
170581,65
170582,46
170583,51
170584,67
170585,53
170586,47
170587,61
170588,28
170589,34
170590,null
170591,56
170592,57
170593,54
170594,47
170595,null
170596,47
170597,25
170598,58
170599,null
170600,51
170601,56
170602,72
170603,63
170604,38
170605,77
170606,65
170607,70
170608,56
170609,56
170610,70
170611,26
170612,85
170613,55
170614,33
170615,55
170616,57
170617,66
170618,59
170619,73
170620,59
170621,52
170622,56
170623,51
170624,60
170625,49
170626,49
170627,61
170628,19
170629,61
170630,32
170631,34
170632,49
170633,70
170634,57
170635,51
170636,52
170637,64
170638,54
170639,63
170640,50
170641,46
170642,38
170643,68
170644,47
170645,58
170646,63
170647,58
170648,68
170649,49
170650,41
170651,57
170652,75
170653,75
170654,75
170655,84
170656,53
170657,53
170658,55
170659,null
170660,51
170661,69
170662,68
170663,75
170664,29
170665,46
170666,41
170667,50
170668,29
170669,53
170670,43
170671,81
170672,48
170673,63
170674,null
170675,49
170676,59
170677,49
170678,36
170679,null
170680,69
170681,72
170682,57
170683,50
170684,48
170685,63
170686,47
170687,null
170688,52
170689,56
170690,60
170691,null
170692,72
170693,37
170694,56
170695,27
170696,52
170697,51
170698,21
170699,49
170700,52
170701,49
170702,16
170703,43
170704,42
170705,44
170706,29
170707,48
170708,45
170709,37
170710,16
170711,46
170712,32
170713,52
170714,48
170715,43
170716,45
170717,47
170718,52
170719,25
170720,45
170721,51
170722,39
170723,51
170724,28
170725,54
170726,61
170727,58
170728,58
170729,43
170730,51
170731,38
170732,52
170733,64
170734,51
170735,49
170736,64
170737,42
170738,53
170739,37
170740,22
170741,51
170742,34
170743,43
170744,58
170745,50
170746,45
170747,23
170748,26
170749,17
170750,55
170751,60
170752,53
170753,45
170754,46
170755,60
170756,56
170757,68
170758,58
170759,41
170760,68
170761,57
170762,62
170763,56
170764,39
170765,49
170766,46
170767,40
170768,50
170769,59
170770,50
170771,26
170772,46
170773,56
170774,59
170775,56
170776,22
170777,26
170778,47
170779,51
170780,39
170781,55
170782,67
170783,46
170784,52
170785,55
170786,66
170787,58
170788,32
170789,54
170790,55
170791,22
170792,20
170793,48
170794,50
170795,43
170796,36
170797,50
170798,44
170799,50
170800,44
170801,50
170802,53
170803,52
170804,34
170805,54
170806,37
170807,56
170808,50
170809,53
170810,72
170811,30
170812,53
170813,44
170814,51
170815,61
170816,42
170817,51
170818,53
170819,29
170820,54
170821,42
170822,48
170823,57
170824,51
170825,63
170826,51
170827,65
170828,46
170829,40
170830,72
170831,28
170832,45
170833,50
170834,40
170835,60
170836,52
170837,61
170838,42
170839,60
170840,59
170841,55
170842,56
170843,63
170844,58
170845,55
170846,54
170847,59
170848,59
170849,77
170850,57
170851,72
170852,55
170853,56
170854,57
170855,52
170856,59
170857,46
170858,50
170859,60
170860,55
170861,67
170862,67
170863,54
170864,62
170865,51
170866,50
170867,60
170868,57
170869,52
170870,55
170871,56
170872,48
170873,48
170874,56
170875,55
170876,59
170877,37
170878,33
170879,51
170880,41
170881,51
170882,51
170883,49
170884,56
170885,21
170886,53
170887,57
170888,56
170889,34
170890,55
170891,39
170892,26
170893,35
170894,50
170895,46
170896,29
170897,29
170898,34
170899,56
170900,56
170901,48
170902,49
170903,62
170904,65
170905,64
170906,57
170907,51
170908,47
170909,51
170910,49
170911,84
170912,29
170913,56
170914,53
170915,43
170916,51
170917,47
170918,74
170919,58
170920,47
170921,50
170922,18
170923,58
170924,51
170925,51
170926,54
170927,54
170928,50
170929,57
170930,49
170931,28
170932,54
170933,59
170934,52
170935,55
170936,64
170937,61
170938,57
170939,54
170940,45
170941,17
170942,42
170943,26
170944,54
170945,60
170946,47
170947,33
170948,59
170949,14
170950,52
170951,56
170952,79
170953,60
170954,42
170955,63
170956,55
170957,56
170958,57
170959,55
170960,56
170961,47
170962,54
170963,43
170964,44
170965,29
170966,52
170967,67
170968,75
170969,47
170970,45
170971,49
170972,53
170973,52
170974,54
170975,50
170976,47
170977,36
170978,69
170979,36
170980,43
170981,27
170982,53
170983,55
170984,54
170985,67
170986,77
170987,31
170988,20
170989,68
170990,54
170991,60
170992,61
170993,56
170994,53
170995,59
170996,59
170997,40
170998,53
170999,26
171000,80
171001,49
171002,48
171003,60
171004,56
171005,54
171006,49
171007,39
171008,64
171009,72
171010,60
171011,67
171012,55
171013,58
171014,60
171015,71
171016,53
171017,58
171018,76
171019,55
171020,33
171021,42
171022,33
171023,57
171024,59
171025,38
171026,20
171027,60
171028,55
171029,53
171030,51
171031,52
171032,56
171033,54
171034,85
171035,56
171036,35
171037,50
171038,55
171039,54
171040,50
171041,52
171042,59
171043,50
171044,53
171045,75
171046,55
171047,80
171048,20
171049,80
171050,null
171051,36
171052,56
171053,54
171054,66
171055,null
171056,72
171057,57
171058,58
171059,35
171060,48
171061,43
171062,null
171063,85
171064,null
171065,54
171066,56
171067,48
171068,56
171069,51
171070,62
171071,51
171072,48
171073,59
171074,44
171075,44
171076,64
171077,64
171078,null
171079,53
171080,52
171081,null
171082,48
171083,46
171084,63
171085,51
171086,53
171087,54
171088,54
171089,52
171090,52
171091,57
171092,29
171093,45
171094,39
171095,48
171096,52
171097,47
171098,43
171099,63
171100,36
171101,56
171102,42
171103,46
171104,29
171105,24
171106,17
171107,58
171108,25
171109,37
171110,19
171111,56
171112,52
171113,57
171114,57
171115,49
171116,11
171117,55
171118,49
171119,56
171120,51
171121,26
171122,41
171123,54
171124,37
171125,59
171126,44
171127,38
171128,54
171129,54
171130,50
171131,51
171132,28
171133,56
171134,45
171135,54
171136,41
171137,39
171138,26
171139,19
171140,54
171141,44
171142,49
171143,45
171144,43
171145,51
171146,35
171147,51
171148,45
171149,52
171150,60
171151,51
171152,47
171153,33
171154,54
171155,56
171156,46
171157,54
171158,55
171159,59
171160,60
171161,45
171162,42
171163,54
171164,45
171165,66
171166,57
171167,67
171168,52
171169,60
171170,49
171171,60
171172,41
171173,43
171174,52
171175,44
171176,59
171177,61
171178,74
171179,46
171180,52
171181,39
171182,51
171183,66
171184,45
171185,25
171186,53
171187,57
171188,28
171189,23
171190,32
171191,56
171192,54
171193,50
171194,51
171195,48
171196,50
171197,54
171198,49
171199,21
171200,58
171201,42
171202,51
171203,56
171204,55
171205,56
171206,33
171207,47
171208,49
171209,42
171210,33
171211,54
171212,72
171213,60
171214,51
171215,18
171216,44
171217,65
171218,53
171219,54
171220,48
171221,53
171222,72
171223,56
171224,51
171225,65
171226,31
171227,51
171228,52
171229,53
171230,49
171231,58
171232,70
171233,49
171234,57
171235,53
171236,72
171237,51
171238,53
171239,59
171240,60
171241,84
171242,35
171243,54
171244,58
171245,25
171246,79
171247,52
171248,60
171249,49
171250,59
171251,56
171252,56
171253,50
171254,42
171255,63
171256,60
171257,40
171258,77
171259,46
171260,46
171261,56
171262,49
171263,53
171264,46
171265,52
171266,34
171267,47
171268,58
171269,39
171270,57
171271,54
171272,49
171273,51
171274,40
171275,64
171276,80
171277,67
171278,39
171279,50
171280,64
171281,60
171282,21
171283,76
171284,47
171285,37
171286,53
171287,54
171288,55
171289,51
171290,55
171291,43
171292,58
171293,59
171294,49
171295,59
171296,58
171297,61
171298,16
171299,57
171300,28
171301,55
171302,46
171303,39
171304,29
171305,46
171306,45
171307,53
171308,49
171309,50
171310,53
171311,40
171312,61
171313,52
171314,45
171315,52
171316,50
171317,46
171318,66
171319,66
171320,23
171321,18
171322,53
171323,65
171324,39
171325,59
171326,55
171327,57
171328,41
171329,60
171330,34
171331,64
171332,44
171333,46
171334,18
171335,46
171336,46
171337,47
171338,52
171339,49
171340,47
171341,54
171342,46
171343,51
171344,48
171345,39
171346,58
171347,40
171348,44
171349,59
171350,48
171351,59
171352,70
171353,30
171354,76
171355,70
171356,53
171357,42
171358,72
171359,42
171360,50
171361,56
171362,59
171363,44
171364,38
171365,42
171366,51
171367,58
171368,55
171369,61
171370,58
171371,68
171372,48
171373,63
171374,53
171375,55
171376,50
171377,50
171378,48
171379,51
171380,62
171381,83
171382,57
171383,66
171384,57
171385,57
171386,35
171387,73
171388,60
171389,60
171390,70
171391,76
171392,63
171393,58
171394,42
171395,56
171396,49
171397,65
171398,53
171399,43
171400,48
171401,72
171402,47
171403,56
171404,33
171405,56
171406,43
171407,54
171408,44
171409,48
171410,38
171411,63
171412,null
171413,null
171414,71
171415,58
171416,46
171417,50
171418,73
171419,33
171420,85
171421,47
171422,32
171423,56
171424,65
171425,83
171426,49
171427,null
171428,null
171429,54
171430,47
171431,null
171432,48
171433,59
171434,73
171435,70
171436,57
171437,17
171438,48
171439,37
171440,null
171441,47
171442,60
171443,56
171444,59
171445,null
171446,null
171447,54
171448,55
171449,55
171450,null
171451,66
171452,48
171453,56
171454,null
171455,54
171456,41
171457,null
171458,null
171459,45
171460,69
171461,56
171462,61
171463,37
171464,22
171465,52
171466,39
171467,48
171468,57
171469,52
171470,27
171471,51
171472,26
171473,46
171474,26
171475,57
171476,39
171477,61
171478,25
171479,50
171480,48
171481,23
171482,61
171483,30
171484,58
171485,48
171486,74
171487,54
171488,57
171489,53
171490,41
171491,56
171492,48
171493,55
171494,56
171495,56
171496,57
171497,46
171498,48
171499,22
171500,45
171501,53
171502,50
171503,51
171504,53
171505,20
171506,51
171507,29
171508,68
171509,40
171510,50
171511,55
171512,61
171513,52
171514,57
171515,48
171516,48
171517,43
171518,50
171519,27
171520,37
171521,20
171522,59
171523,49
171524,49
171525,51
171526,53
171527,28
171528,24
171529,24
171530,50
171531,44
171532,37
171533,39
171534,61
171535,40
171536,58
171537,43
171538,41
171539,41
171540,55
171541,59
171542,51
171543,48
171544,39
171545,57
171546,60
171547,38
171548,57
171549,50
171550,58
171551,54
171552,57
171553,52
171554,40
171555,43
171556,52
171557,55
171558,52
171559,35
171560,52
171561,61
171562,46
171563,56
171564,40
171565,56
171566,47
171567,55
171568,57
171569,53
171570,60
171571,49
171572,25
171573,61
171574,58
171575,18
171576,54
171577,51
171578,59
171579,49
171580,56
171581,53
171582,40
171583,40
171584,57
171585,46
171586,47
171587,59
171588,58
171589,54
171590,30
171591,55
171592,62
171593,56
171594,52
171595,55
171596,49
171597,67
171598,51
171599,58
171600,63
171601,27
171602,61
171603,70
171604,33
171605,57
171606,60
171607,63
171608,55
171609,55
171610,29
171611,62
171612,57
171613,52
171614,71
171615,52
171616,55
171617,52
171618,63
171619,60
171620,54
171621,52
171622,50
171623,55
171624,62
171625,54
171626,46
171627,57
171628,59
171629,48
171630,41
171631,69
171632,51
171633,55
171634,59
171635,35
171636,69
171637,64
171638,40
171639,45
171640,68
171641,33
171642,60
171643,53
171644,37
171645,25
171646,55
171647,60
171648,45
171649,56
171650,79
171651,54
171652,56
171653,58
171654,55
171655,52
171656,29
171657,51
171658,53
171659,60
171660,54
171661,47
171662,50
171663,52
171664,33
171665,46
171666,52
171667,47
171668,54
171669,49
171670,56
171671,55
171672,61
171673,29
171674,43
171675,50
171676,56
171677,58
171678,37
171679,54
171680,51
171681,39
171682,49
171683,47
171684,40
171685,37
171686,54
171687,53
171688,20
171689,56
171690,55
171691,53
171692,55
171693,33
171694,41
171695,57
171696,50
171697,58
171698,36
171699,33
171700,52
171701,49
171702,45
171703,46
171704,47
171705,53
171706,69
171707,65
171708,41
171709,32
171710,29
171711,53
171712,60
171713,71
171714,43
171715,77
171716,41
171717,72
171718,29
171719,55
171720,53
171721,23
171722,12
171723,70
171724,35
171725,57
171726,46
171727,51
171728,59
171729,59
171730,59
171731,55
171732,58
171733,15
171734,56
171735,56
171736,64
171737,61
171738,60
171739,40
171740,46
171741,44
171742,26
171743,43
171744,68
171745,57
171746,52
171747,68
171748,15
171749,54
171750,41
171751,47
171752,67
171753,68
171754,null
171755,51
171756,71
171757,null
171758,42
171759,42
171760,60
171761,51
171762,58
171763,80
171764,55
171765,40
171766,null
171767,78
171768,48
171769,null
171770,54
171771,57
171772,null
171773,60
171774,null
171775,64
171776,51
171777,49
171778,55
171779,51
171780,54
171781,36
171782,58
171783,14
171784,47
171785,null
171786,62
171787,53
171788,51
171789,58
171790,null
171791,54
171792,54
171793,60
171794,56
171795,null
171796,37
171797,74
171798,47
171799,55
171800,44
171801,49
171802,53
171803,64
171804,43
171805,45
171806,51
171807,63
171808,54
171809,69
171810,32
171811,36
171812,51
171813,61
171814,59
171815,53
171816,58
171817,19
171818,56
171819,61
171820,61
171821,65
171822,52
171823,69
171824,49
171825,44
171826,55
171827,53
171828,22
171829,38
171830,52
171831,12
171832,52
171833,41
171834,40
171835,12
171836,43
171837,37
171838,36
171839,31
171840,54
171841,35
171842,43
171843,43
171844,43
171845,51
171846,52
171847,51
171848,22
171849,22
171850,60
171851,21
171852,59
171853,58
171854,53
171855,54
171856,15
171857,46
171858,61
171859,57
171860,52
171861,53
171862,58
171863,15
171864,54
171865,63
171866,49
171867,58
171868,65
171869,39
171870,51
171871,44
171872,64
171873,62
171874,53
171875,53
171876,22
171877,39
171878,59
171879,46
171880,49
171881,52
171882,49
171883,60
171884,49
171885,35
171886,35
171887,38
171888,57
171889,64
171890,69
171891,44
171892,56
171893,43
171894,61
171895,52
171896,26
171897,62
171898,52
171899,12
171900,57
171901,59
171902,53
171903,30
171904,42
171905,25
171906,59
171907,69
171908,37
171909,62
171910,59
171911,49
171912,54
171913,43
171914,59
171915,45
171916,60
171917,32
171918,64
171919,57
171920,50
171921,79
171922,33
171923,62
171924,39
171925,40
171926,51
171927,62
171928,61
171929,61
171930,45
171931,70
171932,44
171933,47
171934,50
171935,44
171936,46
171937,52
171938,58
171939,55
171940,75
171941,70
171942,40
171943,62
171944,60
171945,50
171946,57
171947,61
171948,51
171949,55
171950,56
171951,47
171952,55
171953,44
171954,54
171955,60
171956,54
171957,63
171958,54
171959,53
171960,58
171961,26
171962,52
171963,39
171964,74
171965,67
171966,26
171967,48
171968,62
171969,26
171970,42
171971,47
171972,42
171973,16
171974,42
171975,61
171976,81
171977,63
171978,57
171979,72
171980,52
171981,48
171982,53
171983,52
171984,56
171985,62
171986,44
171987,58
171988,63
171989,43
171990,69
171991,51
171992,57
171993,59
171994,57
171995,51
171996,57
171997,44
171998,59
171999,64
172000,66
172001,53
172002,26
172003,22
172004,52
172005,71
172006,50
172007,57
172008,23
172009,52
172010,18
172011,17
172012,69
172013,43
172014,64
172015,74
172016,17
172017,78
172018,82
172019,59
172020,37
172021,63
172022,56
172023,59
172024,74
172025,41
172026,75
172027,84
172028,63
172029,74
172030,62
172031,62
172032,54
172033,56
172034,40
172035,47
172036,58
172037,52
172038,40
172039,44
172040,68
172041,49
172042,59
172043,40
172044,36
172045,62
172046,49
172047,53
172048,75
172049,62
172050,85
172051,59
172052,52
172053,57
172054,43
172055,56
172056,60
172057,52
172058,67
172059,55
172060,75
172061,52
172062,20
172063,59
172064,62
172065,51
172066,57
172067,58
172068,48
172069,71
172070,47
172071,63
172072,53
172073,57
172074,77
172075,62
172076,51
172077,57
172078,57
172079,72
172080,66
172081,58
172082,75
172083,51
172084,60
172085,44
172086,57
172087,72
172088,39
172089,70
172090,40
172091,26
172092,80
172093,77
172094,66
172095,64
172096,48
172097,62
172098,79
172099,79
172100,65
172101,60
172102,57
172103,23
172104,26
172105,60
172106,58
172107,42
172108,71
172109,57
172110,51
172111,60
172112,74
172113,53
172114,42
172115,54
172116,58
172117,59
172118,54
172119,74
172120,52
172121,50
172122,83
172123,89
172124,51
172125,68
172126,45
172127,78
172128,40
172129,48
172130,52
172131,55
172132,63
172133,56
172134,55
172135,82
172136,42
172137,53
172138,20
172139,68
172140,null
172141,90
172142,null
172143,69
172144,30
172145,null
172146,null
172147,58
172148,59
172149,58
172150,54
172151,72
172152,61
172153,41
172154,63
172155,56
172156,47
172157,54
172158,61
172159,null
172160,62
172161,54
172162,null
172163,67
172164,75
172165,41
172166,78
172167,null
172168,70
172169,null
172170,86
172171,64
172172,62
172173,63
172174,71
172175,64
172176,80
172177,null
172178,55
172179,43
172180,74
172181,19
172182,58
172183,61
172184,51
172185,39
172186,59
172187,26
172188,38
172189,39
172190,66
172191,55
172192,40
172193,16
172194,34
172195,49
172196,72
172197,52
172198,55
172199,52
172200,51
172201,35
172202,60
172203,55
172204,26
172205,60
172206,54
172207,51
172208,64
172209,49
172210,18
172211,18
172212,52
172213,72
172214,13
172215,33
172216,44
172217,66
172218,38
172219,41
172220,49
172221,53
172222,50
172223,18
172224,50
172225,45
172226,59
172227,41
172228,13
172229,62
172230,30
172231,49
172232,59
172233,41
172234,55
172235,64
172236,24
172237,49
172238,62
172239,53
172240,46
172241,47
172242,19
172243,22
172244,54
172245,51
172246,37
172247,51
172248,57
172249,55
172250,27
172251,51
172252,37
172253,53
172254,36
172255,57
172256,60
172257,49
172258,42
172259,55
172260,61
172261,27
172262,58
172263,32
172264,22
172265,61
172266,57
172267,39
172268,61
172269,56
172270,13
172271,45
172272,55
172273,51
172274,59
172275,61
172276,56
172277,58
172278,41
172279,44
172280,34
172281,49
172282,38
172283,20
172284,35
172285,55
172286,42
172287,64
172288,58
172289,59
172290,51
172291,53
172292,64
172293,60
172294,60
172295,26
172296,66
172297,17
172298,47
172299,49
172300,15
172301,41
172302,22
172303,56
172304,48
172305,16
172306,30
172307,74
172308,62
172309,52
172310,38
172311,47
172312,55
172313,55
172314,61
172315,20
172316,56
172317,29
172318,60
172319,13
172320,49
172321,79
172322,13
172323,13
172324,43
172325,56
172326,62
172327,53
172328,50
172329,57
172330,50
172331,57
172332,71
172333,80
172334,56
172335,43
172336,50
172337,44
172338,48
172339,61
172340,56
172341,39
172342,66
172343,29
172344,43
172345,53
172346,72
172347,62
172348,62
172349,58
172350,34
172351,76
172352,58
172353,54
172354,57
172355,56
172356,43
172357,54
172358,46
172359,60
172360,60
172361,54
172362,59
172363,62
172364,84
172365,54
172366,74
172367,49
172368,55
172369,57
172370,83
172371,55
172372,51
172373,37
172374,76
172375,60
172376,13
172377,12
172378,25
172379,57
172380,27
172381,19
172382,70
172383,70
172384,74
172385,84
172386,72
172387,51
172388,54
172389,52
172390,56
172391,44
172392,58
172393,59
172394,43
172395,67
172396,83
172397,64
172398,16
172399,47
172400,22
172401,52
172402,57
172403,25
172404,57
172405,53
172406,48
172407,55
172408,79
172409,57
172410,37
172411,71
172412,60
172413,48
172414,68
172415,61
172416,13
172417,63
172418,54
172419,39
172420,64
172421,26
172422,58
172423,60
172424,19
172425,56
172426,55
172427,56
172428,58
172429,58
172430,19
172431,62
172432,58
172433,45
172434,48
172435,57
172436,36
172437,62
172438,53
172439,29
172440,60
172441,66
172442,38
172443,60
172444,20
172445,53
172446,52
172447,46
172448,54
172449,58
172450,49
172451,67
172452,60
172453,42
172454,49
172455,37
172456,70
172457,39
172458,35
172459,43
172460,53
172461,67
172462,60
172463,78
172464,70
172465,61
172466,82
172467,43
172468,57
172469,53
172470,63
172471,41
172472,75
172473,46
172474,49
172475,14
172476,59
172477,54
172478,55
172479,54
172480,14
172481,70
172482,46
172483,17
172484,74
172485,58
172486,52
172487,56
172488,68
172489,44
172490,75
172491,56
172492,87
172493,56
172494,49
172495,60
172496,67
172497,58
172498,40
172499,45
172500,56
172501,63
172502,86
172503,43
172504,60
172505,29
172506,15
172507,53
172508,67
172509,69
172510,76
172511,null
172512,54
172513,58
172514,61
172515,53
172516,null
172517,null
172518,74
172519,68
172520,55
172521,77
172522,55
172523,38
172524,64
172525,66
172526,32
172527,52
172528,55
172529,71
172530,75
172531,52
172532,71
172533,41
172534,69
172535,53
172536,58
172537,30
172538,45
172539,81
172540,70
172541,46
172542,null
172543,null
172544,83
172545,33
172546,66
172547,75
172548,54
172549,48
172550,42
172551,54
172552,36
172553,63
172554,61
172555,31
172556,51
172557,20
172558,35
172559,75
172560,51
172561,46
172562,74
172563,63
172564,55
172565,44
172566,19
172567,35
172568,58
172569,54
172570,52
172571,53
172572,51
172573,45
172574,51
172575,57
172576,59
172577,14
172578,75
172579,61
172580,15
172581,20
172582,46
172583,29
172584,30
172585,62
172586,51
172587,53
172588,48
172589,75
172590,51
172591,52
172592,35
172593,66
172594,32
172595,15
172596,30
172597,53
172598,53
172599,23
172600,62
172601,57
172602,40
172603,37
172604,58
172605,49
172606,16
172607,31
172608,35
172609,30
172610,23
172611,58
172612,50
172613,44
172614,22
172615,13
172616,70
172617,54
172618,12
172619,13
172620,12
172621,13
172622,39
172623,45
172624,22
172625,44
172626,35
172627,12
172628,56
172629,27
172630,58
172631,60
172632,62
172633,39
172634,39
172635,36
172636,54
172637,12
172638,18
172639,72
172640,34
172641,59
172642,12
172643,58
172644,57
172645,26
172646,39
172647,57
172648,59
172649,58
172650,54
172651,41
172652,22
172653,20
172654,35
172655,26
172656,60
172657,62
172658,58
172659,34
172660,55
172661,61
172662,15
172663,55
172664,57
172665,16
172666,21
172667,59
172668,33
172669,75
172670,63
172671,45
172672,52
172673,29
172674,61
172675,52
172676,23
172677,53
172678,59
172679,49
172680,58
172681,47
172682,52
172683,30
172684,21
172685,35
172686,27
172687,75
172688,45
172689,50
172690,37
172691,46
172692,56
172693,47
172694,26
172695,39
172696,55
172697,81
172698,61
172699,38
172700,40
172701,62
172702,47
172703,38
172704,56
172705,44
172706,40
172707,61
172708,58
172709,16
172710,35
172711,36
172712,73
172713,61
172714,63
172715,60
172716,70
172717,60
172718,75
172719,63
172720,66
172721,35
172722,52
172723,53
172724,41
172725,51
172726,45
172727,49
172728,18
172729,51
172730,75
172731,48
172732,47
172733,53
172734,69
172735,14
172736,73
172737,39
172738,68
172739,61
172740,58
172741,42
172742,35
172743,71
172744,50
172745,59
172746,84
172747,45
172748,21
172749,54
172750,57
172751,40
172752,27
172753,26
172754,57
172755,56
172756,19
172757,15
172758,51
172759,42
172760,30
172761,58
172762,50
172763,69
172764,80
172765,44
172766,53
172767,29
172768,69
172769,70
172770,50
172771,45
172772,58
172773,70
172774,56
172775,49
172776,60
172777,51
172778,51
172779,51
172780,62
172781,60
172782,84
172783,57
172784,48
172785,43
172786,21
172787,48
172788,50
172789,38
172790,27
172791,49
172792,54
172793,54
172794,59
172795,54
172796,40
172797,33
172798,55
172799,52
172800,50
172801,19
172802,59
172803,48
172804,37
172805,61
172806,34
172807,51
172808,54
172809,55
172810,62
172811,82
172812,52
172813,67
172814,53
172815,51
172816,66
172817,56
172818,59
172819,34
172820,41
172821,50
172822,54
172823,47
172824,14
172825,14
172826,50
172827,51
172828,48
172829,57
172830,50
172831,54
172832,54
172833,30
172834,55
172835,63
172836,14
172837,58
172838,45
172839,30
172840,47
172841,59
172842,47
172843,12
172844,55
172845,29
172846,48
172847,58
172848,62
172849,38
172850,17
172851,65
172852,56
172853,50
172854,59
172855,71
172856,49
172857,50
172858,15
172859,38
172860,35
172861,45
172862,77
172863,49
172864,78
172865,39
172866,71
172867,49
172868,52
172869,55
172870,35
172871,75
172872,37
172873,68
172874,85
172875,50
172876,69
172877,44
172878,72
172879,null
172880,80
172881,64
172882,56
172883,45
172884,null
172885,82
172886,59
172887,null
172888,55
172889,58
172890,68
172891,48
172892,48
172893,43
172894,57
172895,null
172896,null
172897,null
172898,31
172899,60
172900,67
172901,48
172902,50
172903,46
172904,53
172905,66
172906,56
172907,75
172908,65
172909,59
172910,43
172911,87
172912,52
172913,44
172914,62
172915,54
172916,72
172917,54
172918,81
172919,54
172920,81
172921,76
172922,null
172923,64
172924,71
172925,43
172926,45
172927,41
172928,21
172929,64
172930,49
172931,48
172932,13
172933,67
172934,49
172935,46
172936,75
172937,34
172938,71
172939,75
172940,24
172941,60
172942,59
172943,77
172944,53
172945,45
172946,68
172947,62
172948,34
172949,43
172950,56
172951,41
172952,47
172953,55
172954,44
172955,24
172956,41
172957,13
172958,51
172959,29
172960,22
172961,15
172962,66
172963,49
172964,50
172965,13
172966,19
172967,62
172968,34
172969,62
172970,49
172971,34
172972,69
172973,21
172974,13
172975,51
172976,57
172977,45
172978,41
172979,41
172980,13
172981,15
172982,63
172983,17
172984,41
172985,66
172986,80
172987,23
172988,18
172989,16
172990,43
172991,16
172992,59
172993,44
172994,37
172995,34
172996,19
172997,53
172998,34
172999,49
173000,49
173001,43
173002,60
173003,43
173004,44
173005,20
173006,61
173007,22
173008,37
173009,13
173010,37
173011,29
173012,23
173013,13
173014,23
173015,57
173016,17
173017,13
173018,61
173019,41
173020,50
173021,34
173022,51
173023,35
173024,43
173025,13
173026,59
173027,49
173028,20
173029,22
173030,28
173031,68
173032,40
173033,37
173034,37
173035,41
173036,54
173037,40
173038,65
173039,15
173040,73
173041,41
173042,35
173043,29
173044,52
173045,24
173046,51
173047,36
173048,47
173049,51
173050,49
173051,64
173052,49
173053,65
173054,56
173055,35
173056,20
173057,40
173058,59
173059,34
173060,63
173061,65
173062,60
173063,42
173064,13
173065,42
173066,54
173067,20
173068,37
173069,14
173070,21
173071,34
173072,52
173073,53
173074,72
173075,51
173076,29
173077,48
173078,46
173079,68
173080,55
173081,55
173082,79
173083,54
173084,52
173085,68
173086,51
173087,41
173088,19
173089,22
173090,58
173091,55
173092,51
173093,70
173094,17
173095,38
173096,37
173097,16
173098,59
173099,43
173100,50
173101,75
173102,22
173103,75
173104,17
173105,70
173106,75
173107,34
173108,41
173109,44
173110,62
173111,23
173112,61
173113,51
173114,71
173115,40
173116,17
173117,73
173118,15
173119,21
173120,57
173121,57
173122,54
173123,74
173124,44
173125,38
173126,74
173127,51
173128,75
173129,45
173130,40
173131,56
173132,63
173133,73
173134,75
173135,52
173136,54
173137,63
173138,39
173139,49
173140,54
173141,59
173142,42
173143,39
173144,65
173145,53
173146,63
173147,75
173148,43
173149,75
173150,27
173151,65
173152,68
173153,57
173154,61
173155,13
173156,43
173157,40
173158,51
173159,70
173160,21
173161,47
173162,70
173163,55
173164,55
173165,68
173166,42
173167,29
173168,55
173169,21
173170,57
173171,63
173172,45
173173,85
173174,51
173175,64
173176,55
173177,73
173178,50
173179,52
173180,62
173181,56
173182,48
173183,68
173184,24
173185,59
173186,15
173187,21
173188,31
173189,49
173190,19
173191,41
173192,67
173193,13
173194,66
173195,43
173196,13
173197,43
173198,37
173199,37
173200,52
173201,63
173202,79
173203,22
173204,66
173205,72
173206,63
173207,87
173208,65
173209,41
173210,43
173211,35
173212,62
173213,54
173214,60
173215,65
173216,70
173217,44
173218,43
173219,57
173220,14
173221,54
173222,61
173223,48
173224,70
173225,59
173226,48
173227,43
173228,79
173229,78
173230,36
173231,75
173232,75
173233,72
173234,62
173235,43
173236,29
173237,51
173238,57
173239,89
173240,13
173241,63
173242,83
173243,70
173244,41
173245,51
173246,80
173247,82
173248,73
173249,70
173250,62
173251,74
173252,69
173253,20
173254,45
173255,49
173256,59
173257,58
173258,56
173259,53
173260,68
173261,55
173262,62
173263,55
173264,58
173265,51
173266,53
173267,55
173268,44
173269,37
173270,null
173271,88
173272,41
173273,86
173274,44
173275,null
173276,48
173277,68
173278,43
173279,75
173280,29
173281,68
173282,70
173283,null
173284,74
173285,81
173286,65
173287,45
173288,24
173289,23
173290,56
173291,57
173292,60
173293,22
173294,71
173295,42
173296,37
173297,51
173298,21
173299,21
173300,36
173301,52
173302,55
173303,60
173304,29
173305,43
173306,56
173307,42
173308,43
173309,65
173310,43
173311,52
173312,21
173313,43
173314,17
173315,73
173316,19
173317,29
173318,20
173319,14
173320,63
173321,22
173322,48
173323,37
173324,22
173325,37
173326,20
173327,43
173328,12
173329,21
173330,61
173331,45
173332,21
173333,24
173334,43
173335,18
173336,29
173337,38
173338,13
173339,46
173340,45
173341,37
173342,44
173343,57
173344,46
173345,60
173346,20
173347,23
173348,22
173349,29
173350,29
173351,36
173352,18
173353,16
173354,21
173355,19
173356,59
173357,48
173358,46
173359,59
173360,43
173361,75
173362,37
173363,24
173364,22
173365,58
173366,43
173367,49
173368,73
173369,16
173370,21
173371,20
173372,15
173373,19
173374,13
173375,59
173376,40
173377,13
173378,43
173379,43
173380,19
173381,43
173382,43
173383,16
173384,19
173385,42
173386,15
173387,75
173388,29
173389,22
173390,23
173391,13
173392,22
173393,16
173394,36
173395,44
173396,65
173397,44
173398,61
173399,46
173400,45
173401,21
173402,47
173403,56
173404,45
173405,43
173406,37
173407,23
173408,59
173409,37
173410,16
173411,71
173412,15
173413,24
173414,23
173415,20
173416,31
173417,22
173418,45
173419,22
173420,58
173421,21
173422,20
173423,46
173424,70
173425,14
173426,43
173427,46
173428,18
173429,36
173430,51
173431,42
173432,67
173433,29
173434,57
173435,38
173436,22
173437,59
173438,20
173439,80
173440,37
173441,80
173442,40
173443,22
173444,57
173445,24
173446,30
173447,50
173448,52
173449,15
173450,22
173451,37
173452,36
173453,17
173454,43
173455,42
173456,37
173457,23
173458,36
173459,53
173460,23
173461,72
173462,56
173463,52
173464,71
173465,51
173466,64
173467,61
173468,22
173469,46
173470,24
173471,15
173472,42
173473,16
173474,52
173475,43
173476,24
173477,51
173478,73
173479,73
173480,21
173481,73
173482,65
173483,44
173484,43
173485,43
173486,65
173487,50
173488,23
173489,23
173490,71
173491,70
173492,71
173493,12
173494,66
173495,36
173496,57
173497,52
173498,23
173499,71
173500,64
173501,68
173502,21
173503,69
173504,13
173505,29
173506,22
173507,71
173508,53
173509,18
173510,57
173511,68
173512,57
173513,46
173514,20
173515,57
173516,21
173517,40
173518,37
173519,24
173520,69
173521,22
173522,22
173523,18
173524,20
173525,20
173526,15
173527,44
173528,29
173529,19
173530,36
173531,43
173532,45
173533,42
173534,56
173535,30
173536,23
173537,52
173538,37
173539,21
173540,23
173541,19
173542,42
173543,53
173544,16
173545,52
173546,83
173547,18
173548,43
173549,37
173550,40
173551,23
173552,70
173553,46
173554,51
173555,67
173556,51
173557,50
173558,17
173559,45
173560,18
173561,22
173562,29
173563,43
173564,71
173565,61
173566,13
173567,44
173568,42
173569,19
173570,19
173571,23
173572,52
173573,37
173574,43
173575,13
173576,37
173577,51
173578,71
173579,65
173580,58
173581,24
173582,65
173583,22
173584,52
173585,54
173586,43
173587,24
173588,44
173589,71
173590,71
173591,43
173592,81
173593,78
173594,86
173595,66
173596,15
173597,62
173598,37
173599,51
173600,51
173601,62
173602,67
173603,29
173604,18
173605,37
173606,43
173607,13
173608,78
173609,58
173610,42
173611,37
173612,15
173613,57
173614,61
173615,72
173616,65
173617,39
173618,51
173619,59
173620,23
173621,40
173622,44
173623,39
173624,14
173625,15
173626,23
173627,22
173628,61
173629,15
173630,20
173631,36
173632,64
173633,44
173634,46
173635,42
173636,19
173637,15
173638,42
173639,17
173640,62
173641,56
173642,36
173643,36
173644,68
173645,63
173646,17
173647,16
173648,19
173649,12
173650,45
173651,30
173652,23
173653,68
173654,23
173655,20
173656,17
173657,23
173658,22
173659,12
173660,30
173661,59
173662,56
173663,42
173664,28
173665,36
173666,63
173667,22
173668,17
173669,59
173670,51
173671,19
173672,44
173673,54
173674,39
173675,13
173676,36
173677,58
173678,68
173679,20
173680,41
173681,21
173682,38
173683,12
173684,75
173685,22
173686,36
173687,29
173688,51
173689,21
173690,56
173691,65
173692,28
173693,36
173694,36
173695,22
173696,36
173697,60
173698,53
173699,21
173700,45
173701,36
173702,23
173703,19
173704,20
173705,56
173706,18
173707,29
173708,46
173709,36
173710,12
173711,15
173712,57
173713,74
173714,62
173715,49
173716,50
173717,14
173718,39
173719,16
173720,55
173721,23
173722,13
173723,46
173724,12
173725,65
173726,50
173727,39
173728,49
173729,52
173730,72
173731,52
173732,42
173733,50
173734,23
173735,42
173736,40
173737,46
173738,44
173739,20
173740,23
173741,28
173742,44
173743,23
173744,22
173745,51
173746,73
173747,46
173748,50
173749,41
173750,56
173751,19
173752,62
173753,44
173754,22
173755,42
173756,13
173757,42
173758,44
173759,43
173760,22
173761,36
173762,50
173763,45
173764,18
173765,44
173766,74
173767,37
173768,42
173769,43
173770,36
173771,45
173772,50
173773,36
173774,14
173775,50
173776,43
173777,42
173778,44
173779,19
173780,56
173781,15
173782,60
173783,66
173784,52
173785,42
173786,14
173787,68
173788,59
173789,14
173790,15
173791,42
173792,64
173793,42
173794,36
173795,36
173796,20
173797,50
173798,59
173799,29
173800,56
173801,59
173802,36
173803,40
173804,50
173805,42
173806,50
173807,49
173808,61
173809,23
173810,20
173811,19
173812,51
173813,56
173814,42
173815,36
173816,22
173817,14
173818,61
173819,36
173820,45
173821,43
173822,65
173823,74
173824,15
173825,72
173826,67
173827,73
173828,18
173829,23
173830,59
173831,65
173832,69
173833,36
173834,29
173835,44
173836,14
173837,55
173838,50
173839,28
173840,48
173841,18
173842,37
173843,23
173844,36
173845,14
173846,39
173847,44
173848,23
173849,67
173850,22
173851,49
173852,53
173853,19
173854,74
173855,42
173856,20
173857,60
173858,49
173859,42
173860,70
173861,16
173862,42
173863,45
173864,50
173865,42
173866,50
173867,50
173868,54
173869,20
173870,42
173871,18
173872,13
173873,42
173874,55
173875,61
173876,16
173877,51
173878,19
173879,90
173880,42
173881,80
173882,60
173883,74
173884,50
173885,59
173886,17
173887,38
173888,19
173889,60
173890,29
173891,46
173892,42
173893,51
173894,65
173895,28
173896,70
173897,50
173898,22
173899,75
173900,39
173901,62
173902,14
173903,36
173904,38
173905,13
173906,42
173907,60
173908,53
173909,42
173910,43
173911,63
173912,73
173913,20
173914,51
173915,70
173916,17
173917,50
173918,42
173919,42
173920,56
173921,22
173922,44
173923,44
173924,56
173925,70
173926,53
173927,54
173928,70
173929,86
173930,44
173931,48
173932,70
173933,49
173934,72
173935,36
173936,65
173937,45
173938,36
173939,21
173940,36
173941,22
173942,36
173943,22
173944,42
173945,67
173946,61
173947,54
173948,63
173949,65
173950,38
173951,59
173952,53
173953,59
173954,42
173955,51
173956,51
173957,42
173958,56
173959,16
173960,21
173961,42
173962,25
173963,22
173964,56
173965,54
173966,56
173967,51
173968,16
173969,21
173970,46
173971,42
173972,45
173973,19
173974,36
173975,37
173976,24
173977,42
173978,13
173979,21
173980,46
173981,62
173982,45
173983,51
173984,42
173985,17
173986,23
173987,15
173988,36
173989,21
173990,32
173991,42
173992,36
173993,50
173994,36
173995,20
173996,36
173997,62
173998,44
173999,42
174000,42
174001,72
174002,22
174003,13
174004,17
174005,13
174006,22
174007,54
174008,15
174009,50
174010,20
174011,54
174012,66
174013,60
174014,36
174015,56
174016,75
174017,42
174018,55
174019,46
174020,51
174021,61
174022,13
174023,21
174024,29
174025,64
174026,58
174027,36
174028,20
174029,46
174030,36
174031,21
174032,20
174033,56
174034,57
174035,70
174036,13
174037,58
174038,28
174039,62
174040,20
174041,18
174042,43
174043,15
174044,17
174045,74
174046,21
174047,54
174048,36
174049,22
174050,21
174051,44
174052,30
174053,21
174054,16
174055,18
174056,12
174057,21
174058,36
174059,36
174060,52
174061,47
174062,36
174063,36
174064,42
174065,74
174066,19
174067,19
174068,47
174069,19
174070,63
174071,46
174072,37
174073,23
174074,21
174075,39
174076,22
174077,36
174078,14
174079,51
174080,60
174081,42
174082,22
174083,42
174084,39
174085,51
174086,42
174087,31
174088,14
174089,56
174090,45
174091,56
174092,18
174093,60
174094,39
174095,36
174096,50
174097,23
174098,24
174099,62
174100,51
174101,42
174102,74
174103,43
174104,17
174105,36
174106,20
174107,15
174108,20
174109,22
174110,44
174111,22
174112,19
174113,23
174114,42
174115,45
174116,19
174117,49
174118,36
174119,42
174120,46
174121,45
174122,45
174123,20
174124,60
174125,51
174126,68
174127,48
174128,23
174129,36
174130,43
174131,17
174132,23
174133,18
174134,37
174135,44
174136,23
174137,50
174138,44
174139,36
174140,21
174141,56
174142,48
174143,51
174144,66
174145,67
174146,56
174147,22
174148,50
174149,25
174150,45
174151,58
174152,19
174153,68
174154,72
174155,60
174156,65
174157,62
174158,21
174159,23
174160,72
174161,36
174162,62
174163,44
174164,58
174165,36
174166,30
174167,66
174168,15
174169,20
174170,72
174171,54
174172,37
174173,16
174174,55
174175,17
174176,56
174177,36
174178,75
174179,42
174180,56
174181,50
174182,13
174183,50
174184,57
174185,54
174186,36
174187,16
174188,63
174189,13
174190,38
174191,51
174192,16
174193,22
174194,46
174195,29
174196,56
174197,21
174198,42
174199,36
174200,51
174201,23
174202,19
174203,12
174204,54
174205,42
174206,23
174207,50
174208,12
174209,87
174210,45
174211,60
174212,46
174213,64
174214,72
174215,23
174216,68
174217,70
174218,30
174219,42
174220,62
174221,68
174222,74
174223,64
174224,56
174225,13
174226,58
174227,54
174228,90
174229,54
174230,53
174231,37
174232,17
174233,22
174234,45
174235,21
174236,50
174237,50
174238,22
174239,18
174240,37
174241,16
174242,56
174243,63
174244,51
174245,60
174246,58
174247,42
174248,42
174249,44
174250,19
174251,70
174252,77
174253,39
174254,51
174255,45
174256,88
174257,72
174258,42
174259,50
174260,36
174261,64
174262,54
174263,53
174264,36
174265,66
174266,45
174267,36
174268,61
174269,23
174270,51
174271,61
174272,44
174273,42
174274,44
174275,79
174276,31
174277,78
174278,42
174279,44
174280,23
174281,62
174282,65
174283,50
174284,64
174285,86
174286,56
174287,74
174288,76
174289,63
174290,59
174291,63
174292,49
174293,61
174294,35
174295,22
174296,20
174297,22
174298,43
174299,12
174300,41
174301,44
174302,35
174303,52
174304,22
174305,21
174306,54
174307,55
174308,12
174309,41
174310,15
174311,29
174312,13
174313,41
174314,21
174315,51
174316,72
174317,13
174318,50
174319,19
174320,22
174321,22
174322,49
174323,50
174324,20
174325,21
174326,22
174327,48
174328,35
174329,48
174330,59
174331,28
174332,22
174333,52
174334,21
174335,15
174336,49
174337,50
174338,41
174339,59
174340,19
174341,17
174342,21
174343,59
174344,20
174345,35
174346,20
174347,21
174348,22
174349,39
174350,61
174351,55
174352,15
174353,41
174354,22
174355,41
174356,59
174357,54
174358,35
174359,62
174360,63
174361,35
174362,16
174363,19
174364,13
174365,59
174366,35
174367,56
174368,45
174369,50
174370,19
174371,60
174372,41
174373,35
174374,28
174375,70
174376,62
174377,58
174378,40
174379,41
174380,35
174381,63
174382,70
174383,44
174384,70
174385,20
174386,55
174387,69
174388,58
174389,52
174390,21
174391,14
174392,14
174393,22
174394,17
174395,61
174396,18
174397,22
174398,23
174399,35
174400,20
174401,20
174402,55
174403,29
174404,22
174405,18
174406,41
174407,18
174408,72
174409,53
174410,67
174411,72
174412,14
174413,21
174414,19
174415,41
174416,63
174417,41
174418,54
174419,28
174420,22
174421,18
174422,55
174423,35
174424,20
174425,30
174426,28
174427,19
174428,41
174429,22
174430,28
174431,21
174432,59
174433,35
174434,57
174435,21
174436,23
174437,19
174438,21
174439,54
174440,41
174441,65
174442,36
174443,44
174444,19
174445,20
174446,22
174447,19
174448,35
174449,35
174450,15
174451,35
174452,50
174453,21
174454,15
174455,22
174456,16
174457,44
174458,28
174459,23
174460,41
174461,59
174462,15
174463,41
174464,62
174465,50
174466,35
174467,64
174468,14
174469,54
174470,55
174471,41
174472,55
174473,23
174474,57
174475,55
174476,41
174477,49
174478,16
174479,70
174480,28
174481,43
174482,35
174483,55
174484,41
174485,53
174486,14
174487,35
174488,36
174489,41
174490,49
174491,50
174492,49
174493,35
174494,54
174495,21
174496,41
174497,53
174498,72
174499,42
174500,43
174501,45
174502,35
174503,72
174504,46
174505,48
174506,75
174507,45
174508,45
174509,45
174510,57
174511,49
174512,41
174513,44
174514,58
174515,58
174516,35
174517,44
174518,28
174519,17
174520,17
174521,35
174522,55
174523,15
174524,13
174525,22
174526,53
174527,19
174528,55
174529,23
174530,20
174531,51
174532,90
174533,18
174534,22
174535,52
174536,65
174537,56
174538,50
174539,18
174540,44
174541,52
174542,14
174543,44
174544,62
174545,19
174546,49
174547,55
174548,41
174549,43
174550,73
174551,41
174552,23
174553,68
174554,43
174555,47
174556,22
174557,41
174558,19
174559,48
174560,37
174561,41
174562,67
174563,42
174564,15
174565,78
174566,49
174567,35
174568,50
174569,35
174570,65
174571,49
174572,72
174573,19
174574,43
174575,65
174576,61
174577,22
174578,77
174579,62
174580,67
174581,21
174582,41
174583,39
174584,61
174585,41
174586,50
174587,58
174588,41
174589,20
174590,48
174591,36
174592,84
174593,57
174594,87
174595,39
174596,53
174597,69
174598,35
174599,59
174600,58
174601,65
174602,54
174603,35
174604,45
174605,55
174606,60
174607,85
174608,38
174609,28
174610,19
174611,80
174612,50
174613,19
174614,45
174615,57
174616,50
174617,61
174618,49
174619,63
174620,50
174621,52
174622,60
174623,20
174624,65
174625,75
174626,61
174627,57
174628,41
174629,61
174630,49
174631,64
174632,23
174633,35
174634,49
174635,20
174636,59
174637,58
174638,23
174639,22
174640,26
174641,20
174642,17
174643,59
174644,67
174645,55
174646,64
174647,65
174648,41
174649,35
174650,59
174651,15
174652,18
174653,35
174654,41
174655,56
174656,75
174657,41
174658,22
174659,19
174660,13
174661,28
174662,35
174663,50
174664,43
174665,14
174666,28
174667,36
174668,35
174669,22
174670,52
174671,15
174672,21
174673,41
174674,15
174675,36
174676,54
174677,41
174678,16
174679,23
174680,16
174681,15
174682,44
174683,49
174684,41
174685,50
174686,20
174687,59
174688,36
174689,41
174690,55
174691,51
174692,29
174693,63
174694,61
174695,49
174696,71
174697,75
174698,54
174699,20
174700,12
174701,41
174702,45
174703,39
174704,28
174705,64
174706,21
174707,12
174708,57
174709,36
174710,47
174711,18
174712,28
174713,18
174714,43
174715,36
174716,49
174717,44
174718,63
174719,16
174720,23
174721,50
174722,43
174723,58
174724,44
174725,23
174726,28
174727,21
174728,22
174729,41
174730,43
174731,66
174732,54
174733,41
174734,56
174735,58
174736,20
174737,44
174738,12
174739,35
174740,49
174741,41
174742,51
174743,51
174744,13
174745,43
174746,23
174747,21
174748,36
174749,15
174750,62
174751,23
174752,20
174753,65
174754,14
174755,15
174756,41
174757,41
174758,75
174759,12
174760,73
174761,22
174762,41
174763,23
174764,15
174765,41
174766,22
174767,23
174768,22
174769,35
174770,36
174771,28
174772,49
174773,18
174774,26
174775,15
174776,41
174777,23
174778,45
174779,29
174780,41
174781,44
174782,48
174783,54
174784,13
174785,12
174786,18
174787,69
174788,44
174789,42
174790,23
174791,22
174792,51
174793,41
174794,69
174795,47
174796,18
174797,41
174798,56
174799,29
174800,19
174801,18
174802,48
174803,14
174804,28
174805,55
174806,41
174807,54
174808,12
174809,54
174810,43
174811,49
174812,12
174813,36
174814,35
174815,36
174816,58
174817,62
174818,36
174819,71
174820,14
174821,44
174822,37
174823,41
174824,35
174825,30
174826,59
174827,55
174828,81
174829,67
174830,41
174831,14
174832,63
174833,44
174834,41
174835,59
174836,64
174837,49
174838,75
174839,41
174840,44
174841,19
174842,23
174843,15
174844,50
174845,54
174846,44
174847,52
174848,28
174849,17
174850,18
174851,41
174852,39
174853,44
174854,72
174855,17
174856,62
174857,16
174858,50
174859,61
174860,36
174861,49
174862,19
174863,85
174864,20
174865,28
174866,38
174867,19
174868,43
174869,23
174870,45
174871,12
174872,17
174873,22
174874,75
174875,79
174876,28
174877,62
174878,43
174879,21
174880,20
174881,72
174882,72
174883,61
174884,35
174885,72
174886,63
174887,20
174888,16
174889,55
174890,44
174891,41
174892,51
174893,50
174894,71
174895,50
174896,64
174897,29
174898,75
174899,46
174900,56
174901,49
174902,50
174903,51
174904,51
174905,23
174906,49
174907,62
174908,50
174909,22
174910,45
174911,62
174912,60
174913,61
174914,69
174915,75
174916,17
174917,58
174918,43
174919,63
174920,57
174921,21
174922,44
174923,42
174924,43
174925,44
174926,22
174927,43
174928,75
174929,59
174930,50
174931,75
174932,74
174933,35
174934,54
174935,69
174936,86
174937,62
174938,43
174939,65
174940,56
174941,64
174942,50
174943,43
174944,36
174945,58
174946,71
174947,35
174948,41
174949,50
174950,50
174951,71
174952,63
174953,64
174954,67
174955,51
174956,18
174957,14
174958,36
174959,59
174960,41
174961,49
174962,51
174963,22
174964,28
174965,57
174966,52
174967,46
174968,50
174969,68
174970,61
174971,29
174972,51
174973,57
174974,48
174975,47
174976,37
174977,48
174978,53
174979,61
174980,66
174981,57
174982,22
174983,31
174984,41
174985,64
174986,53
174987,40
174988,61
174989,14
174990,40
174991,42
174992,55
174993,53
174994,61
174995,57
174996,54
174997,63
174998,52
174999,54
175000,51
175001,46
175002,52
175003,46
175004,52
175005,67
175006,55
175007,64
175008,47
175009,67
175010,60
175011,33
175012,56
175013,41
175014,19
175015,54
175016,50
175017,40
175018,75
175019,33
175020,59
175021,55
175022,51
175023,76
175024,48
175025,58
175026,54
175027,65
175028,50
175029,57
175030,55
175031,70
175032,45
175033,35
175034,41
175035,53
175036,52
175037,62
175038,46
175039,55
175040,54
175041,25
175042,30
175043,57
175044,57
175045,24
175046,73
175047,55
175048,57
175049,58
175050,29
175051,55
175052,53
175053,52
175054,70
175056,54
175057,55
175058,27
175059,35
175060,41
175061,55
175062,44
175063,60
175064,57
175065,46
175066,51
175067,56
175068,27
175069,52
175070,50
175071,43
175072,65
175073,57
175074,51
175075,19
175076,53
175077,76
175078,34
175079,75
175080,42
175081,54
175082,58
175083,65
175084,68
175085,51
175086,46
175087,40
175088,57
175089,53
175090,55
175091,48
175092,48
175093,43
175094,59
175095,56
175096,49
175097,42
175098,54
175099,61
175100,56
175101,75
175102,64
175103,58
175104,39
175105,56
175106,44
175107,59
175108,36
175109,56
175110,55
175111,40
175112,51
175113,60
175114,51
175115,40
175116,44
175117,68
175118,29
175119,65
175120,59
175121,38
175122,16
175123,37
175124,49
175125,55
175126,22
175127,57
175128,71
175129,52
175130,60
175131,58
175132,56
175133,58
175134,24
175135,53
175136,64
175137,65
175138,43
175139,64
175140,40
175141,56
175142,88
175143,55
175144,62
175145,54
175146,48
175147,52
175148,49
175149,55
175150,61
175151,53
175152,55
175153,60
175154,44
175155,55
175156,60
175157,57
175158,43
175159,71
175160,72
175161,48
175162,82
175163,53
175164,53
175165,51
175166,58
175167,45
175168,61
175169,48
175170,52
175171,52
175172,72
175173,61
175174,72
175175,67
175176,59
175177,75
175178,53
175179,52
175180,53
175181,48
175182,63
175183,43
175184,54
175185,59
175186,57
175187,55
175188,56
175189,75
175190,56
175191,68
175192,57
175193,55
175194,61
175195,56
175196,55
175197,53
175198,44
175199,60
175200,61
175201,39
175202,61
175203,29
175204,56
175205,30
175206,63
175207,53
175208,53
175209,44
175210,43
175211,58
175212,55
175213,50
175214,68
175215,52
175216,58
175217,54
175218,47
175219,61
175220,52
175221,71
175222,47
175223,45
175224,56
175225,64
175226,46
175227,62
175228,39
175229,60
175230,35
175231,64
175232,46
175233,55
175234,59
175235,50
175236,55
175237,33
175238,29
175239,20
175240,63
175241,49
175242,11
175243,57
175244,56
175245,54
175246,52
175247,37
175248,53
175249,26
175250,47
175251,53
175252,55
175253,53
175254,58
175255,56
175256,52
175257,65
175258,37
175259,58
175260,43
175261,52
175262,28
175263,68
175264,48
175265,54
175266,52
175267,61
175268,56
175269,58
175270,65
175271,49
175272,42
175273,53
175274,43
175275,54
175276,39
175277,66
175278,18
175279,55
175280,43
175281,50
175282,57
175283,57
175284,39
175285,20
175286,53
175287,31
175288,29
175289,22
175290,19
175291,53
175292,43
175293,48
175294,57
175295,27
175296,40
175297,42
175298,55
175299,24
175300,57
175301,35
175302,56
175303,50
175304,52
175305,46
175306,46
175307,15
175308,25
175309,49
175310,19
175311,21
175312,55
175313,12
175314,25
175315,42
175316,42
175317,51
175318,44
175319,36
175320,50
175321,42
175322,39
175323,30
175324,41
175325,51
175326,36
175327,40
175328,24
175329,25
175330,51
175331,26
175332,32
175333,37
175334,58
175335,59
175336,20
175337,56
175338,52
175339,60
175340,55
175341,53
175342,52
175343,20
175344,76
175345,48
175346,51
175347,84
175348,39
175349,25
175350,53
175351,60
175352,58
175353,34
175354,53
175355,29
175356,26
175357,35
175358,47
175359,75
175360,31
175361,66
175362,44
175363,26
175364,null
175365,29
175366,29
175367,null
175368,53
175369,51
175370,52
175371,42
175372,null
175373,47
175374,null
175375,null
175376,53
175377,null
175378,null
175379,41
175380,57
175381,29
175382,52
175383,62
175384,19
175385,32
175386,58
175387,62
175388,null
175389,null
175390,49
175391,58
175392,null
175393,null
175394,47
175395,null
175396,63
175397,58
175398,61
175399,66
175400,null
175401,30
175402,58
175403,59
175404,61
175405,null
175406,null
175407,78
175408,64
175409,63
175410,48
175411,49
175412,68
175413,49
175414,32
175415,null
175416,50
175417,49
175418,56
175419,null
175420,57
175421,null
175422,39
175423,67
175424,null
175425,null
175426,61
175427,57
175428,null
175429,56
175430,54
175431,66
175432,60
175433,null
175434,54
175435,46
175436,57
175437,null
175438,57
175439,null
175440,null
175441,32
175442,53
175443,null
175444,60
175445,60
175446,null
175447,null
175448,65
175449,null
175450,38
175451,59
175452,35
175453,50
175454,56
175455,41
175456,59
175457,58
175458,57
175459,54
175460,null
175461,55
175462,null
175463,null
175464,36
175465,55
175466,26
175467,23
175468,63
175469,70
175470,null
175471,60
175472,51
175473,null
175474,null
175475,38
175476,43
175477,null
175478,null
175479,49
175480,62
175481,45
175482,null
175483,55
175484,null
175485,64
175486,null
175487,null
175488,51
175489,null
175490,null
175491,null
175492,26
175493,53
175494,null
175495,null
175496,60
175497,67
175498,55
175499,null
175500,null
175501,null
175502,null
175503,68
175504,59
175505,53
175506,54
175507,26
175508,null
175509,null
175510,46
175511,38
175512,61
175513,78
175514,30
175515,52
175516,50
175517,56
175518,57
175519,null
175520,59
175521,47
175522,null
175523,55
175524,51
175525,60
175526,57
175527,58
175528,null
175529,52
175530,null
175531,41
175532,78
175533,50
175534,null
175535,62
175536,60
175537,26
175538,null
175539,62
175540,41
175541,47
175542,53
175543,29
175544,58
175545,null
175546,47
175547,52
175548,50
175549,41
175550,64
175551,61
175552,57
175553,69
175554,15
175555,39
175556,47
175557,44
175558,47
175559,45
175560,50
175561,53
175562,61
175563,null
175564,53
175565,null
175566,72
175567,52
175568,55
175569,54
175570,null
175571,43
175572,54
175573,49
175574,41
175575,51
175576,null
175577,null
175578,null
175579,58
175580,50
175581,42
175582,51
175583,56
175584,null
175585,45
175586,41
175587,38
175588,68
175589,40
175590,51
175591,54
175592,58
175593,52
175594,49
175595,null
175596,null
175597,null
175598,null
175599,null
175600,56
175601,null
175602,58
175603,77
175604,52
175605,45
175606,null
175607,null
175608,55
175609,60
175610,62
175611,62
175612,51
175613,22
175614,52
175615,41
175616,51
175617,55
175618,null
175619,54
175620,47
175621,null
175622,85
175623,46
175624,63
175625,null
175626,61
175627,46
175628,67
175629,60
175630,40
175631,null
175632,57
175633,null
175634,null
175635,48
175636,null
175637,36
175638,83
175639,52
175640,34
175641,null
175642,null
175643,63
175644,null
175645,38
175646,61
175647,63
175648,12
175649,53
175650,43
175651,47
175652,39
175653,56
175654,58
175655,null
175656,68
175657,null
175658,51
175659,48
175660,null
175661,46
175662,null
175663,null
175664,57
175665,46
175666,72
175667,67
175668,78
175669,null
175670,58
175671,59
175672,38
175673,21
175674,19
175675,19
175676,34
175677,17
175678,18
175679,18
175680,15
175681,23
175682,37
175683,34
175684,39
175685,26
175686,22
175687,30
175688,37
175689,22
175690,51
175691,42
175692,19
175693,22
175694,38
175695,56
175696,56
175697,14
175698,22
175699,34
175700,31
175701,39
175702,null
175703,26
175704,null
175705,39
175706,12
175707,16
175708,null
175709,null
175710,47
175711,16
175712,75
175713,12
175714,null
175715,null
175716,53
175717,63
175718,60
175719,21
175720,null
175721,null
175722,null
175723,36
175724,13
175725,null
175726,48
175727,null
175728,null
175729,null
175730,null
175731,17
175732,34
175733,26
175734,null
175735,53
175736,21
175737,73
175738,19
175739,33
175740,14
175741,34
175742,null
175743,46
175744,37
175745,38
175746,69
175747,58
175748,15
175749,12
175750,53
175751,63
175752,56
175753,73
175754,13
175755,42
175756,null
175757,14
175758,20
175759,null
175760,50
175761,59
175762,null
175763,40
175764,37
175765,null
175766,49
175767,null
175768,66
175769,42
175770,51
175771,20
175772,21
175773,80
175774,57
175775,44
175776,34
175777,null
175778,39
175779,30
175780,68
175781,68
175782,null
175783,49
175784,32
175785,20
175786,53
175787,49
175788,60
175789,null
175790,45
175791,55
175792,56
175793,57
175794,null
175795,65
175796,57
175797,null
175798,26
175799,null
175800,32
175801,37
175802,60
175803,null
175804,58
175805,22
175806,null
175807,39
175808,null
175809,38
175810,58
175811,57
175812,35
175813,null
175814,52
175815,49
175816,47
175817,43
175818,37
175819,65
175820,70
175821,null
175822,51
175823,null
175824,null
175825,37
175826,19
175827,62
175828,45
175829,null
175830,null
175831,53
175832,21
175833,null
175834,80
175835,null
175836,67
175837,64
175838,null
175839,null
175840,null
175841,78
175842,68
175843,null
175844,47
175845,38
175846,60
175847,60
175848,41
175849,13
175850,null
175851,null
175852,15
175853,46
175854,47
175855,60
175856,38
175857,57
175858,17
175859,45
175860,54
175861,18
175862,56
175863,38
175864,22
175865,54
175866,23
175867,26
175868,null
175869,61
175870,21
175871,null
175872,29
175873,18
175874,61
175875,34
175876,null
175877,18
175878,57
175879,18
175880,59
175881,22
175882,null
175883,null
175884,21
175885,null
175886,null
175887,16
175888,23
175889,39
175890,64
175891,null
175892,72
175893,69
175894,40
175895,55
175896,22
175897,56
175898,47
175899,47
175900,47
175901,34
175902,47
175903,17
175904,39
175905,62
175906,48
175907,59
175908,44
175909,null
175910,null
175911,null
175912,null
175913,74
175914,39
175915,14
175916,null
175917,null
175918,34
175919,35
175920,null
175921,54
175922,null
175923,34
175924,16
175925,40
175926,50
175927,49
175928,null
175929,54
175930,35
175931,63
175932,null
175933,59
175934,null
175935,null
175936,67
175937,17
175938,18
175939,45
175940,50
175941,null
175942,38
175943,null
175944,46
175945,13
175946,68
175947,49
175948,74
175949,38
175950,38
175951,null
175952,12
175953,47
175954,34
175955,53
175956,40
175957,32
175958,77
175959,27
175960,49
175961,null
175962,37
175963,48
175964,60
175965,42
175966,54
175967,null
175968,29
175969,45
175970,61
175971,68
175972,61
175973,71
175974,85
175975,52
175976,null
175977,21
175978,52
175979,53
175980,null
175981,38
175982,20
175983,55
175984,17
175985,null
175986,42
175987,47
175988,30
175989,13
175990,null
175991,null
175992,45
175993,null
175994,null
175995,23
175996,null
175997,40
175998,48
175999,null
176000,37
176001,57
176002,39
176003,17
176004,41
176005,13
176006,22
176007,48
176008,46
176009,47
176010,36
176011,51
176012,49
176013,57
176014,40
176015,33
176016,57
176017,34
176018,25
176019,57
176020,49
176021,43
176022,34
176023,43
176024,22
176025,62
176026,58
176027,14
176028,50
176029,23
176030,47
176031,41
176032,53
176033,40
176034,57
176035,56
176036,49
176037,54
176038,44
176039,54
176040,59
176041,22
176042,48
176043,54
176044,50
176045,48
176046,50
176047,59
176048,51
176049,49
176050,57
176051,57
176052,35
176053,47
176054,51
176055,67
176056,57
176057,58
176058,null
176059,14
176060,51
176061,52
176062,46
176063,null
176064,41
176065,30
176066,null
176067,null
176068,22
176069,51
176070,48
176071,70
176072,51
176073,null
176074,29
176075,20
176076,54
176077,52
176078,75
176079,55
176080,null
176081,54
176082,54
176083,54
176084,51
176085,46
176086,null
176087,null
176088,null
176089,61
176090,40
176091,null
176092,37
176093,null
176094,null
176095,69
176096,36
176097,54
176098,null
176099,null
176100,41
176101,46
176102,52
176103,19
176104,null
176105,49
176106,null
176107,45
176108,null
176109,58
176110,55
176111,null
176112,null
176113,49
176114,55
176115,null
176116,49
176117,42
176118,null
176119,29
176120,38
176121,40
176122,56
176123,null
176124,56
176125,57
176126,56
176127,56
176128,57
176129,48
176130,75
176131,55
176132,37
176133,53
176134,61
176135,59
176136,55
176137,null
176138,null
176139,60
176140,50
176141,58
176142,null
176143,57
176144,82
176145,57
176146,59
176147,53
176148,58
176149,57
176150,75
176151,29
176152,49
176153,null
176154,53
176155,78
176156,57
176157,23
176158,null
176159,33
176160,null
176161,44
176162,65
176163,null
176164,74
176165,88
176166,58
176167,46
176168,54
176169,60
176170,47
176171,69
176172,35
176173,29
176174,47
176175,null
176176,56
176177,58
176178,75
176179,61
176180,null
176181,null
176182,56
176183,null
176184,46
176185,38
176186,52
176187,73
176188,50
176189,56
176190,60
176191,54
176192,49
176193,59
176194,null
176195,null
176196,59
176197,28
176198,null
176199,67
176200,66
176201,64
176202,52
176203,56
176204,57
176205,49
176206,54
176207,49
176208,null
176209,55
176210,56
176211,45
176212,49
176213,null
176214,null
176215,null
176216,47
176217,46
176218,60
176219,77
176220,60
176221,68
176222,54
176223,63
176224,52
176225,66
176226,null
176227,null
176228,68
176229,58
176230,57
176231,67
176232,56
176233,30
176234,null
176235,null
176236,38
176237,42
176238,52
176239,26
176240,null
176241,25
176242,51
176243,null
176244,75
176245,55
176246,null
176247,56
176248,57
176249,39
176250,50
176251,66
176252,49
176253,56
176254,57
176255,45
176256,53
176257,29
176258,56
176259,39
176260,53
176261,64
176262,18
176263,58
176264,null
176265,58
176266,62
176267,59
176268,62
176269,null
176270,null
176271,73
176272,null
176273,42
176274,59
176275,null
176276,45
176277,60
176278,45
176279,null
176280,56
176281,53
176282,55
176283,53
176284,36
176285,47
176286,67
176287,51
176288,46
176289,61
176290,36
176291,null
176292,47
176293,null
176294,53
176295,71
176296,68
176297,36
176298,60
176299,58
176300,53
176301,54
176302,61
176303,51
176304,51
176305,35
176306,39
176307,57
176308,74
176309,null
176310,53
176311,47
176312,55
176313,46
176314,45
176315,29
176316,null
176317,54
176318,70
176319,null
176320,45
176321,61
176322,33
176323,59
176324,69
176325,51
176326,42
176327,73
176328,46
176329,null
176330,null
176331,55
176332,60
176333,15
176334,48
176335,56
176336,45
176337,25
176338,58
176339,56
176340,57
176341,85
176342,64
176343,40
176344,null
176345,57
176346,75
176347,39
176348,78
176349,52
176350,15
176351,67
176352,52
176353,null
176354,42
176355,52
176356,53
176357,55
176358,null
176359,60
176360,36
176361,null
176362,57
176363,59
176364,38
176365,50
176366,71
176367,49
176368,45
176369,54
176370,54
176371,73
176372,58
176373,45
176374,null
176375,42
176376,null
176377,52
176378,73
176379,null
176380,44
176381,64
176382,null
176383,59
176384,55
176385,null
176386,85
176387,35
176388,null
176389,31
176390,56
176391,55
176392,null
176393,43
176394,null
176395,52
176396,62
176397,79
176398,58
176399,54
176400,41
176401,52
176402,51
176403,37
176404,26
176405,57
176406,37
176407,42
176408,45
176409,61
176410,58
176411,28
176412,44
176413,65
176414,50
176415,42
176416,67
176417,41
176418,62
176419,57
176420,44
176421,52
176422,47
176423,67
176424,50
176425,58
176426,57
176427,47
176428,70
176429,43
176430,46
176431,57
176432,60
176433,57
176434,55
176435,48
176436,50
176437,66
176438,39
176439,60
176440,59
176441,54
176442,42
176443,55
176444,52
176445,50
176446,61
176447,37
176448,56
176449,54
176450,44
176451,73
176452,63
176453,23
176454,39
176455,46
176456,39
176457,30
176458,56
176459,57
176460,42
176461,59
176462,54
176463,46
176464,20
176465,32
176466,31
176467,69
176468,50
176469,56
176470,55
176471,51
176472,55
176473,58
176474,50
176475,55
176476,52
176477,70
176478,75
176479,56
176480,30
176481,58
176482,58
176483,34
176484,55
176485,64
176486,55
176487,45
176488,45
176489,23
176490,46
176491,62
176492,44
176493,71
176494,49
176495,49
176496,49
176497,59
176498,56
176499,52
176500,44
176501,54
176502,44
176503,37
176504,52
176505,58
176506,51
176507,56
176508,60
176509,55
176510,51
176511,16
176512,12
176513,51
176514,43
176515,26
176516,85
176517,52
176518,61
176519,49
176520,60
176521,54
176522,62
176523,58
176524,61
176525,54
176526,52
176527,47
176528,27
176529,52
176530,70
176531,39
176532,50
176533,42
176534,56
176535,29
176536,55
176537,49
176538,36
176539,45
176540,46
176541,48
176542,72
176543,81
176544,53
176545,60
176546,52
176547,61
176548,76
176549,56
176550,68
176551,75
176552,72
176553,57
176554,65
176555,69
176556,46
176557,47
176558,53
176559,60
176560,63
176561,51
176562,54
176563,81
176564,54
176565,42
176566,62
176567,75
176568,61
176569,59
176570,57
176571,51
176572,59
176573,47
176574,71
176575,25
176576,49
176577,41
176578,46
176579,70
176580,24
176581,59
176582,53
176583,52
176584,57
176585,48
176586,71
176587,65
176588,48
176589,81
176590,54
176591,60
176592,40
176593,23
176594,52
176595,48
176596,63
176597,78
176598,47
176599,54
176600,53
176601,72
176602,46
176603,48
176604,38
176605,58
176606,54
176607,46
176608,56
176609,46
176610,69
176611,32
176612,66
176613,77
176614,29
176615,62
176616,38
176617,57
176618,48
176619,49
176620,34
176621,54
176622,45
176623,61
176624,57
176625,51
176626,75
176627,51
176628,52
176629,65
176630,53
176631,55
176632,56
176633,39
176634,80
176635,24
176636,52
176637,52
176638,55
176639,58
176640,52
176641,32
176642,41
176643,69
176644,53
176645,49
176646,39
176647,29
176648,59
176649,19
176650,51
176651,70
176652,57
176653,55
176654,59
176655,42
176656,56
176657,45
176658,36
176659,27
176660,47
176661,53
176662,78
176663,67
176664,54
176665,59
176666,36
176667,52
176668,69
176669,54
176670,58
176671,54
176672,67
176673,46
176674,26
176675,51
176676,42
176677,55
176678,45
176679,62
176680,52
176681,75
176682,57
176683,68
176684,50
176685,54
176686,70
176687,48
176688,47
176689,49
176690,54
176691,61
176692,49
176693,51
176694,54
176695,59
176696,68
176697,68
176698,46
176699,60
176700,41
176701,27
176702,14
176703,42
176704,58
176705,58
176706,47
176707,50
176708,56
176709,58
176710,54
176711,64
176712,37
176713,54
176714,65
176715,23
176716,61
176717,84
176718,52
176719,30
176720,26
176721,57
176722,54
176723,55
176724,58
176725,45
176726,56
176727,65
176728,54
176729,57
176730,34
176731,54
176732,65
176733,61
176734,54
176735,41
176736,77
176737,75
176738,58
176739,40
176740,56
176741,56
176742,52
176743,48
176744,53
176745,69
176746,53
176747,42
176748,55
176749,55
176750,51
176751,76
176752,41
176753,56
176754,40
176755,78
176756,57
176757,83
176758,null
176759,null
176760,86
176761,59
176762,55
176763,53
176764,34
176765,58
176766,46
176767,26
176768,51
176769,null
176770,null
176771,46
176772,36
176773,68
176774,70
176775,26
176776,52
176777,48
176778,38
176779,null
176780,86
176781,61
176782,43
176783,null
176784,65
176785,null
176786,54
176787,70
176788,52
176789,50
176790,32
176791,59
176792,21
176793,47
176794,41
176795,33
176796,20
176797,28
176798,37
176799,41
176800,40
176801,46
176802,55
176803,34
176804,33
176805,49
176806,47
176807,16
176808,30
176809,46
176810,49
176811,46
176812,49
176813,49
176814,33
176815,42
176816,63
176817,59
176818,52
176819,33
176820,49
176821,42
176822,70
176823,55
176824,39
176825,42
176826,48
176827,32
176828,54
176829,45
176830,49
176831,37
176832,49
176833,33
176834,36
176835,60
176836,50
176837,16
176838,15
176839,75
176840,22
176841,82
176842,25
176843,44
176844,41
176845,44
176846,49
176847,35
176848,45
176849,60
176850,45
176851,56
176852,53
176853,20
176854,44
176855,51
176856,73
176857,55
176858,60
176859,24
176860,26
176861,44
176862,43
176863,66
176864,59
176865,53
176866,71
176867,59
176868,64
176869,48
176870,56
176871,53
176872,55
176873,40
176874,56
176875,50
176876,39
176877,46
176878,52
176879,54
176880,60
176881,48
176882,25
176883,50
176884,49
176885,56
176886,56
176887,47
176888,54
176889,60
176890,35
176891,18
176892,54
176893,61
176894,25
176895,59
176896,55
176897,38
176898,45
176899,30
176900,60
176901,46
176902,33
176903,48
176904,54
176905,53
176906,57
176907,58
176908,48
176909,48
176910,61
176911,60
176912,25
176913,75
176914,56
176915,43
176916,55
176917,52
176918,49
176919,59
176920,25
176921,49
176922,23
176923,54
176924,61
176925,40
176926,55
176927,55
176928,54
176929,67
176930,51
176931,61
176932,56
176933,58
176934,48
176935,57
176936,29
176937,55
176938,74
176939,44
176940,52
176941,52
176942,48
176943,56
176944,85
176945,56
176946,54
176947,49
176948,57
176949,60
176950,55
176951,55
176952,60
176953,65
176954,50
176955,70
176956,35
176957,57
176958,53
176959,73
176960,26
176961,40
176962,53
176963,47
176964,61
176965,62
176966,67
176967,52
176968,75
176969,61
176970,60
176971,59
176972,56
176973,49
176974,82
176975,54
176976,48
176977,47
176978,58
176979,64
176980,47
176981,54
176982,50
176983,59
176984,52
176985,54
176986,35
176987,54
176988,47
176989,52
176990,56
176991,81
176992,71
176993,46
176994,58
176995,43
176996,47
176997,42
176998,26
176999,66
177000,52
177001,66
177002,70
177003,59
177004,22
177005,52
177006,63
177007,30
177008,52
177009,29
177010,53
177011,29
177012,62
177013,74
177014,63
177015,61
177016,53
177017,32
177018,56
177019,71
177020,71
177021,50
177022,48
177023,50
177024,49
177025,50
177026,59
177027,52
177028,63
177029,58
177030,44
177031,77
177032,70
177033,46
177034,55
177035,77
177036,46
177037,55
177038,54
177039,65
177040,52
177041,81
177042,59
177043,53
177044,65
177045,65
177046,57
177047,52
177048,54
177049,52
177050,45
177051,26
177052,44
177053,58
177054,48
177055,55
177056,59
177057,56
177058,59
177059,39
177060,46
177061,50
177062,52
177063,67
177064,55
177065,60
177066,43
177067,59
177068,52
177069,61
177070,63
177071,34
177072,52
177073,52
177074,60
177075,52
177076,83
177077,70
177078,57
177079,30
177080,59
177081,42
177082,69
177083,43
177084,59
177085,54
177086,49
177087,35
177088,58
177089,48
177090,63
177091,55
177092,72
177093,55
177094,57
177095,51
177096,43
177097,57
177098,42
177099,62
177100,50
177101,14
177102,64
177103,22
177104,46
177105,49
177106,55
177107,47
177108,60
177109,56
177110,60
177111,65
177112,50
177113,32
177114,68
177115,22
177116,40
177117,60
177118,62
177119,57
177120,30
177121,66
177122,54
177123,54
177124,44
177125,75
177126,40
177127,26
177128,61
177129,50
177130,35
177131,34
177132,57
177133,55
177134,46
177135,58
177136,57
177137,86
177138,50
177139,59
177140,44
177141,30
177142,55
177143,50
177144,52
177145,62
177146,25
177147,57
177148,76
177149,50
177150,57
177151,30
177152,45
177153,60
177154,56
177155,61
177156,40
177157,41
177158,35
177159,38
177160,48
177161,51
177162,72
177163,55
177164,42
177165,33
177166,52
177167,49
177168,58
177169,52
177170,47
177171,75
177172,48
177173,52
177174,53
177175,49
177176,62
177177,57
177178,51
177179,44
177180,89
177181,51
177182,54
177183,41
177184,55
177185,58
177186,48
177187,15
177188,47
177189,26
177190,51
177191,29
177192,33
177193,32
177194,38
177195,16
177196,39
177197,16
177198,66
177199,21
177200,19
177201,18
177202,29
177203,33
177204,36
177205,22
177206,46
177207,20
177208,47
177209,12
177210,22
177211,19
177212,18
177213,63
177214,22
177215,30
177216,30
177217,38
177218,52
177219,20
177220,23
177221,14
177222,39
177223,19
177224,57
177225,48
177226,33
177227,14
177228,39
177229,16
177230,16
177231,49
177232,61
177233,32
177234,40
177235,20
177236,15
177237,38
177238,39
177239,13
177240,43
177241,18
177242,39
177243,49
177244,27
177245,34
177246,22
177247,63
177248,38
177249,48
177250,19
177251,29
177252,13
177253,39
177254,13
177255,71
177256,44
177257,39
177258,20
177259,64
177260,37
177261,40
177262,34
177263,49
177264,26
177265,19
177266,33
177267,59
177268,29
177269,60
177270,38
177271,47
177272,47
177273,12
177274,30
177275,41
177276,53
177277,22
177278,63
177279,46
177280,18
177281,39
177282,30
177283,16
177284,15
177285,69
177286,21
177287,16
177288,38
177289,21
177290,22
177291,22
177292,27
177293,22
177294,38
177295,14
177296,15
177297,52
177298,19
177299,27
177300,43
177301,52
177302,13
177303,34
177304,19
177305,13
177306,53
177307,60
177308,47
177309,37
177310,59
177311,27
177312,36
177313,16
177314,33
177315,12
177316,42
177317,49
177318,21
177319,33
177320,41
177321,20
177322,13
177323,63
177324,64
177325,30
177326,39
177327,14
177328,40
177329,61
177330,54
177331,17
177332,15
177333,13
177334,22
177335,53
177336,66
177337,22
177338,38
177339,21
177340,19
177341,38
177342,22
177343,21
177344,71
177345,48
177346,47
177347,22
177348,59
177349,47
177350,27
177351,13
177352,41
177353,34
177354,46
177355,54
177356,16
177357,23
177358,19
177359,32
177360,62
177361,49
177362,30
177363,33
177364,32
177365,51
177366,20
177367,22
177368,64
177369,53
177370,12
177371,38
177372,57
177373,13
177374,41
177375,63
177376,32
177377,56
177378,41
177379,49
177380,40
177381,41
177382,39
177383,21
177384,26
177385,22
177386,74
177387,51
177388,56
177389,19
177390,20
177391,16
177392,21
177393,64
177394,46
177395,43
177396,32
177397,54
177398,45
177399,21
177400,33
177401,51
177402,49
177403,67
177404,53
177405,46
177406,20
177407,42
177408,54
177409,56
177410,30
177411,21
177412,38
177413,26
177414,53
177415,49
177416,20
177417,38
177418,37
177419,78
177420,51
177421,63
177422,35
177423,13
177424,30
177425,43
177426,27
177427,22
177428,33
177429,58
177430,39
177431,29
177432,38
177433,34
177434,21
177435,17
177436,22
177437,30
177438,26
177439,13
177440,39
177441,44
177442,12
177443,18
177444,34
177445,32
177446,34
177447,21
177448,33
177449,49
177450,17
177451,17
177452,13
177453,22
177454,22
177455,46
177456,39
177457,47
177458,38
177459,15
177460,18
177461,37
177462,17
177463,47
177464,66
177465,34
177466,37
177467,41
177468,12
177469,47
177470,39
177471,12
177472,35
177473,43
177474,38
177475,34
177476,21
177477,23
177478,12
177479,49
177480,39
177481,18
177482,22
177483,38
177484,52
177485,15
177486,27
177487,32
177488,14
177489,63
177490,18
177491,59
177492,34
177493,22
177494,52
177495,40
177496,21
177497,78
177498,65
177499,51
177500,17
177501,59
177502,57
177503,21
177504,56
177505,48
177506,37
177507,51
177508,32
177509,45
177510,46
177511,22
177512,36
177513,17
177514,62
177515,13
177516,29
177517,22
177518,14
177519,60
177520,38
177521,21
177522,13
177523,66
177524,22
177525,34
177526,40
177527,29
177528,45
177529,37
177530,17
177531,34
177532,20
177533,20
177534,45
177535,13
177536,40
177537,14
177538,39
177539,20
177540,45
177541,68
177542,61
177543,19
177544,38
177545,22
177546,31
177547,18
177548,55
177549,55
177550,24
177551,32
177552,35
177553,23
177554,38
177555,50
177556,19
177557,16
177558,38
177559,21
177560,48
177561,19
177562,48
177563,23
177564,17
177565,27
177566,20
177567,34
177568,48
177569,56
177570,22
177571,20
177572,38
177573,14
177574,17
177575,18
177576,60
177577,21
177578,12
177579,49
177580,13
177581,40
177582,36
177583,27
177584,18
177585,17
177586,17
177587,13
177588,52
177589,58
177590,75
177591,34
177592,20
177593,39
177594,45
177595,22
177596,30
177597,35
177598,41
177599,41
177600,35
177601,37
177602,39
177603,18
177604,20
177605,60
177606,23
177607,30
177608,67
177609,33
177610,49
177611,22
177612,55
177613,22
177614,17
177615,39
177616,31
177617,35
177618,70
177619,35
177620,58
177621,33
177622,38
177623,18
177624,59
177625,19
177626,38
177627,33
177628,45
177629,14
177630,12
177631,39
177632,22
177633,47
177634,27
177635,23
177636,51
177637,47
177638,39
177639,38
177640,44
177641,29
177642,36
177643,75
177644,38
177645,15
177646,15
177647,39
177648,45
177649,68
177650,16
177651,38
177652,14
177653,19
177654,26
177655,47
177656,17
177657,49
177658,18
177659,53
177660,16
177661,22
177662,53
177663,26
177664,49
177665,38
177666,38
177667,17
177668,23
177669,22
177670,38
177671,20
177672,26
177673,12
177674,51
177675,12
177676,38
177677,34
177678,41
177679,30
177680,58
177681,69
177682,22
177683,41
177684,23
177685,22
177686,33
177687,46
177688,20
177689,43
177690,23
177691,14
177692,31
177693,19
177694,18
177695,13
177696,38
177697,39
177698,41
177699,13
177700,48
177701,38
177702,38
177703,56
177704,39
177705,53
177706,23
177707,17
177708,21
177709,39
177710,30
177711,17
177712,30
177713,68
177714,21
177715,22
177716,46
177717,46
177718,18
177719,20
177720,63
177721,21
177722,30
177723,22
177724,18
177725,61
177726,33
177727,16
177728,24
177729,46
177730,76
177731,60
177732,41
177733,56
177734,75
177735,33
177736,29
177737,23
177738,35
177739,68
177740,64
177741,55
177742,39
177743,24
177744,38
177745,12
177746,42
177747,67
177748,21
177749,39
177750,48
177751,21
177752,21
177753,45
177754,21
177755,22
177756,21
177757,38
177758,75
177759,49
177760,69
177761,28
177762,61
177763,17
177764,79
177765,48
177766,39
177767,17
177768,33
177769,30
177770,19
177771,56
177772,75
177773,14
177774,49
177775,54
177776,57
177777,69
177778,67
177779,39
177780,60
177781,22
177782,41
177783,46
177784,34
177785,49
177786,45
177787,38
177788,31
177789,16
177790,12
177791,57
177792,22
177793,35
177794,68
177795,38
177796,48
177797,18
177798,15
177799,65
177800,48
177801,51
177802,43
177803,61
177804,22
177805,30
177806,23
177807,44
177808,22
177809,23
177810,13
177811,30
177812,38
177813,39
177814,22
177815,72
177816,76
177817,26
177818,33
177819,56
177820,23
177821,49
177822,38
177823,15
177824,54
177825,20
177826,15
177827,33
177828,60
177829,54
177830,68
177831,39
177832,16
177833,14
177834,23
177835,74
177836,17
177837,72
177838,69
177839,50
177840,39
177841,58
177842,40
177843,65
177844,20
177845,85
177846,15
177847,62
177848,26
177849,26
177850,48
177851,38
177852,65
177853,55
177854,49
177855,18
177856,53
177857,39
177858,39
177859,46
177860,39
177861,56
177862,19
177863,53
177864,42
177865,39
177866,44
177867,22
177868,52
177869,43
177870,49
177871,51
177872,48
177873,15
177874,26
177875,34
177876,38
177877,33
177878,16
177879,40
177880,38
177881,38
177882,16
177883,30
177884,45
177885,56
177886,36
177887,62
177888,47
177889,33
177890,12
177891,16
177892,20
177893,47
177894,33
177895,47
177896,37
177897,20
177898,22
177899,15
177900,16
177901,14
177902,50
177903,53
177904,70
177905,57
177906,33
177907,13
177908,15
177909,26
177910,21
177911,49
177912,41
177913,23
177914,30
177915,23
177916,42
177917,37
177918,21
177919,21
177920,17
177921,37
177922,21
177923,14
177924,58
177925,28
177926,37
177927,37
177928,26
177929,58
177930,37
177931,37
177932,21
177933,31
177934,18
177935,22
177936,14
177937,14
177938,19
177939,22
177940,48
177941,19
177942,38
177943,17
177944,25
177945,13
177946,14
177947,43
177948,17
177949,38
177950,75
177951,16
177952,27
177953,23
177954,21
177955,17
177956,16
177957,43
177958,28
177959,35
177960,12
177961,72
177962,21
177963,15
177964,58
177965,20
177966,59
177967,38
177968,52
177969,32
177970,16
177971,18
177972,51
177973,50
177974,16
177975,47
177976,50
177977,22
177978,29
177979,19
177980,25
177981,21
177982,31
177983,39
177984,52
177985,28
177986,41
177987,46
177988,41
177989,49
177990,42
177991,48
177992,28
177993,21
177994,13
177995,39
177996,53
177997,18
177998,64
177999,44
178000,26
178001,11
178002,17
178003,33
178004,27
178005,32
178006,37
178007,56
178008,48
178009,30
178010,44
178011,13
178012,46
178013,18
178014,71
178015,59
178016,53
178017,29
178018,38
178019,56
178020,13
178021,22
178022,32
178023,21
178024,33
178025,63
178026,13
178027,39
178028,51
178029,49
178030,37
178031,37
178032,33
178033,30
178034,21
178035,16
178036,32
178037,18
178038,64
178039,13
178040,60
178041,56
178042,45
178043,49
178044,38
178045,20
178046,28
178047,17
178048,18
178049,21
178050,14
178051,41
178052,51
178053,21
178054,39
178055,33
178056,37
178057,28
178058,22
178059,32
178060,48
178061,37
178062,72
178063,37
178064,19
178065,38
178066,37
178067,39
178068,34
178069,12
178070,26
178071,26
178072,14
178073,16
178074,19
178075,37
178076,52
178077,53
178078,59
178079,37
178080,32
178081,13
178082,35
178083,21
178084,33
178085,15
178086,13
178087,31
178088,21
178089,16
178090,21
178091,12
178092,44
178093,17
178094,22
178095,50
178096,14
178097,19
178098,37
178099,46
178100,46
178101,14
178102,64
178103,45
178104,21
178105,56
178106,22
178107,39
178108,38
178109,64
178110,17
178111,21
178112,51
178113,51
178114,49
178115,70
178116,63
178117,32
178118,65
178119,51
178120,38
178121,47
178122,20
178123,59
178124,46
178125,37
178126,16
178127,45
178128,21
178129,53
178130,37
178131,38
178132,35
178133,55
178134,20
178135,37
178136,30
178137,29
178138,25
178139,46
178140,37
178141,23
178142,26
178143,75
178144,45
178145,50
178146,45
178147,15
178148,37
178149,71
178150,53
178151,44
178152,59
178153,38
178154,20
178155,22
178156,19
178157,32
178158,52
178159,12
178160,29
178161,28
178162,25
178163,61
178164,39
178165,52
178166,38
178167,38
178168,52
178169,33
178170,19
178171,42
178172,48
178173,13
178174,14
178175,22
178176,13
178177,13
178178,53
178179,66
178180,12
178181,49
178182,38
178183,55
178184,75
178185,12
178186,19
178187,47
178188,55
178189,21
178190,68
178191,31
178192,46
178193,32
178194,22
178195,52
178196,27
178197,15
178198,48
178199,22
178200,63
178201,57
178202,45
178203,65
178204,39
178205,25
178206,75
178207,14
178208,20
178209,65
178210,21
178211,33
178212,25
178213,19
178214,37
178215,55
178216,53
178217,22
178218,32
178219,55
178220,51
178221,29
178222,33
178223,46
178224,13
178225,43
178226,52
178227,32
178228,64
178229,37
178230,38
178231,73
178232,48
178233,37
178234,17
178235,13
178236,55
178237,20
178238,58
178239,50
178240,46
178241,39
178242,15
178243,15
178244,54
178245,46
178246,18
178247,29
178248,33
178249,70
178250,32
178251,19
178252,18
178253,51
178254,15
178255,57
178256,32
178257,16
178258,58
178259,53
178260,13
178261,75
178262,22
178263,53
178264,38
178265,14
178266,39
178267,26
178268,21
178269,46
178270,37
178271,22
178272,18
178273,39
178274,59
178275,18
178276,62
178277,21
178278,18
178279,26
178280,37
178281,19
178282,38
178283,33
178284,53
178285,21
178286,15
178287,21
178288,32
178289,14
178290,29
178291,40
178292,33
178293,16
178294,45
178295,42
178296,32
178297,37
178298,22
178299,20
178300,21
178301,26
178302,37
178303,36
178304,60
178305,38
178306,35
178307,19
178308,39
178309,57
178310,41
178311,15
178312,35
178313,16
178314,27
178315,33
178316,26
178317,43
178318,41
178319,19
178320,64
178321,18
178322,23
178323,50
178324,31
178325,43
178326,22
178327,45
178328,33
178329,47
178330,14
178331,42
178332,19
178333,56
178334,45
178335,19
178336,13
178337,19
178338,12
178339,30
178340,22
178341,33
178342,14
178343,15
178344,28
178345,38
178346,49
178347,36
178348,20
178349,42
178350,57
178351,46
178352,22
178353,11
178354,22
178355,33
178356,38
178357,21
178358,21
178359,17
178360,15
178361,17
178362,18
178363,28
178364,15
178365,58
178366,52
178367,46
178368,21
178369,19
178370,14
178371,18
178372,28
178373,40
178374,53
178375,45
178376,55
178377,21
178378,66
178379,37
178380,13
178381,20
178382,22
178383,46
178384,48
178385,14
178386,54
178387,19
178388,46
178389,20
178390,37
178391,20
178392,43
178393,14
178394,47
178395,21
178396,43
178397,49
178398,19
178399,18
178400,42
178401,32
178402,29
178403,46
178404,38
178405,28
178406,37
178407,50
178408,32
178409,40
178410,37
178411,43
178412,14
178413,33
178414,19
178415,17
178416,33
178417,20
178418,18
178419,37
178420,56
178421,29
178422,19
178423,32
178424,56
178425,52
178426,19
178427,38
178428,21
178429,21
178430,21
178431,21
178432,23
178433,41
178434,55
178435,75
178436,34
178437,16
178438,21
178439,33
178440,25
178441,37
178442,20
178443,16
178444,63
178445,46
178446,33
178447,35
178448,21
178449,37
178450,21
178451,54
178452,25
178453,59
178454,16
178455,20
178456,38
178457,49
178458,17
178459,61
178460,48
178461,62
178462,46
178463,52
178464,38
178465,64
178466,65
178467,52
178468,51
178469,34
178470,17
178471,52
178472,42
178473,38
178474,37
178475,12
178476,60
178477,20
178478,54
178479,59
178480,21
178481,41
178482,37
178483,54
178484,43
178485,16
178486,43
178487,43
178488,80
178489,20
178490,13
178491,51
178492,25
178493,37
178494,11
178495,14
178496,15
178497,56
178498,12
178499,20
178500,17
178501,46
178502,33
178503,37
178504,37
178505,12
178506,72
178507,17
178508,62
178509,21
178510,28
178511,28
178512,49
178513,46
178514,21
178515,29
178516,14
178517,45
178518,12
178519,52
178520,38
178521,30
178522,34
178523,45
178524,65
178525,53
178526,23
178527,12
178528,20
178529,56
178530,61
178531,33
178532,25
178533,65
178534,16
178535,38
178536,22
178537,52
178538,69
178539,60
178540,20
178541,46
178542,58
178543,44
178544,26
178545,56
178546,21
178547,43
178548,65
178549,70
178550,46
178551,53
178552,19
178553,20
178554,56
178555,30
178556,72
178557,20
178558,46
178559,21
178560,30
178561,16
178562,63
178563,43
178564,28
178565,21
178566,25
178567,47
178568,21
178569,42
178570,25
178571,15
178572,54
178573,44
178574,26
178575,51
178576,66
178577,22
178578,38
178579,39
178580,56
178581,42
178582,21
178583,20
178584,69
178585,32
178586,15
178587,57
178588,15
178589,45
178590,47
178591,48
178592,21
178593,54
178594,41
178595,22
178596,41
178597,19
178598,80
178599,19
178600,22
178601,35
178602,60
178603,62
178604,58
178605,18
178606,20
178607,35
178608,14
178609,22
178610,21
178611,22
178612,48
178613,19
178614,27
178615,35
178616,43
178617,67
178618,41
178619,41
178620,50
178621,57
178622,22
178623,22
178624,57
178625,56
178626,53
178627,53
178628,22
178629,58
178630,16
178631,12
178632,63
178633,27
178634,19
178635,44
178636,50
178637,23
178638,49
178639,21
178640,65
178641,22
178642,22
178643,35
178644,56
178645,49
178646,22
178647,18
178648,19
178649,49
178650,56
178651,22
178652,52
178653,40
178654,48
178655,22
178656,12
178657,21
178658,47
178659,32
178660,35
178661,44
178662,12
178663,50
178664,48
178665,27
178666,19
178667,57
178668,23
178669,18
178670,44
178671,45
178672,28
178673,23
178674,65
178675,44
178676,40
178677,35
178678,16
178679,62
178680,22
178681,53
178682,35
178683,50
178684,48
178685,34
178686,15
178687,20
178688,43
178689,27
178690,11
178691,12
178692,15
178693,20
178694,13
178695,18
178696,19
178697,12
178698,60
178699,41
178700,66
178701,18
178702,37
178703,41
178704,41
178705,60
178706,60
178707,28
178708,56
178709,19
178710,17
178711,35
178712,51
178713,45
178714,19
178715,18
178716,28
178717,65
178718,13
178719,67
178720,64
178721,38
178722,35
178723,41
178724,44
178725,20
178726,34
178727,15
178728,46
178729,34
178730,41
178731,21
178732,48
178733,41
178734,62
178735,56
178736,28
178737,15
178738,54
178739,15
178740,19
178741,35
178742,16
178743,17
178744,23
178745,36
178746,29
178747,54
178748,36
178749,34
178750,35
178751,49
178752,34
178753,27
178754,62
178755,51
178756,35
178757,14
178758,15
178759,42
178760,18
178761,15
178762,13
178763,54
178764,52
178765,48
178766,36
178767,54
178768,34
178769,40
178770,35
178771,16
178772,41
178773,75
178774,63
178775,63
178776,34
178777,52
178778,41
178779,20
178780,48
178781,28
178782,53
178783,11
178784,41
178785,40
178786,16
178787,23
178788,40
178789,41
178790,49
178791,15
178792,41
178793,18
178794,17
178795,52
178796,34
178797,37
178798,12
178799,19
178800,15
178801,21
178802,49
178803,64
178804,54
178805,40
178806,40
178807,14
178808,53
178809,48
178810,40
178811,20
178812,53
178813,68
178814,54
178815,44
178816,16
178817,14
178818,35
178819,17
178820,63
178821,13
178822,48
178823,22
178824,57
178825,41
178826,17
178827,53
178828,41
178829,69
178830,49
178831,20
178832,21
178833,49
178834,72
178835,75
178836,54
178837,74
178838,62
178839,20
178840,43
178841,18
178842,49
178843,15
178844,62
178845,44
178846,54
178847,59
178848,40
178849,61
178850,40
178851,38
178852,34
178853,44
178854,16
178855,37
178856,34
178857,54
178858,22
178859,18
178860,54
178861,72
178862,49
178863,67
178864,41
178865,18
178866,27
178867,19
178868,41
178869,53
178870,40
178871,20
178872,27
178873,42
178874,51
178875,59
178876,75
178877,21
178878,35
178879,59
178880,59
178881,72
178882,49
178883,15
178884,42
178885,57
178886,42
178887,61
178888,27
178889,71
178890,52
178891,19
178892,41
178893,16
178894,36
178895,52
178896,57
178897,57
178898,40
178899,59
178900,71
178901,49
178902,41
178903,20
178904,53
178905,13
178906,13
178907,83
178908,56
178909,27
178910,44
178911,34
178912,73
178913,56
178914,50
178915,72
178916,27
178917,43
178918,41
178919,23
178920,77
178921,41
178922,53
178923,41
178924,67
178925,28
178926,18
178927,34
178928,62
178929,43
178930,48
178931,19
178932,53
178933,12
178934,17
178935,41
178936,41
178937,35
178938,50
178939,21
178940,50
178941,44
178942,21
178943,54
178944,19
178945,18
178946,20
178947,20
178948,14
178949,17
178950,63
178951,43
178952,75
178953,48
178954,44
178955,63
178956,20
178957,35
178958,44
178959,19
178960,50
178961,43
178962,17
178963,49
178964,35
178965,49
178966,41
178967,44
178968,50
178969,73
178970,23
178971,43
178972,19
178973,49
178974,55
178975,47
178976,14
178977,41
178978,58
178979,14
178980,37
178981,15
178982,75
178983,22
178984,19
178985,45
178986,58
178987,20
178988,22
178989,57
178990,54
178991,23
178992,43
178993,17
178994,28
178995,35
178996,55
178997,28
178998,70
178999,50
179000,57
179001,18
179002,35
179003,49
179004,50
179005,19
179006,55
179007,15
179008,55
179009,60
179010,55
179011,58
179012,48
179013,12
179014,54
179015,49
179016,20
179017,12
179018,22
179019,22
179020,59
179021,21
179022,68
179023,22
179024,41
179025,41
179026,65
179027,41
179028,36
179029,50
179030,14
179031,35
179032,28
179033,30
179034,44
179035,43
179036,51
179037,55
179038,21
179039,70
179040,16
179041,18
179042,58
179043,70
179044,35
179045,44
179046,17
179047,19
179048,63
179049,49
179050,23
179051,23
179052,49
179053,20
179054,63
179055,50
179056,28
179057,35
179058,65
179059,43
179060,51
179061,61
179062,44
179063,35
179064,41
179065,15
179066,44
179067,15
179068,42
179069,20
179070,20
179071,19
179072,41
179073,22
179074,58
179075,57
179076,17
179077,69
179078,58
179079,20
179080,16
179081,22
179082,29
179083,35
179084,36
179085,41
179086,57
179087,54
179088,22
179089,20
179090,13
179091,35
179092,28
179093,19
179094,28
179095,45
179096,59
179097,21
179098,75
179099,53
179100,41
179101,13
179102,40
179103,43
179104,53
179105,49
179106,50
179107,43
179108,49
179109,18
179110,48
179111,22
179112,35
179113,68
179114,35
179115,43
179116,14
179117,50
179118,50
179119,54
179120,55
179121,54
179122,73
179123,57
179124,61
179125,41
179126,19
179127,15
179128,43
179129,41
179130,35
179131,42
179132,22
179133,59
179134,22
179135,70
179136,50
179137,50
179138,19
179139,37
179140,44
179141,35
179142,12
179143,53
179144,41
179145,54
179146,59
179147,16
179148,17
179149,41
179150,20
179151,60
179152,17
179153,22
179154,43
179155,22
179156,18
179157,26
179158,49
179159,20
179160,35
179161,44
179162,58
179163,64
179164,35
179165,15
179166,50
179167,57
179168,35
179169,45
179170,18
179171,19
179172,70
179173,15
179174,41
179175,22
179176,41
179177,49
179178,65
179179,41
179180,75
179181,64
179182,12
179183,17
179184,36
179185,20
179186,28
179187,15
179188,22
179189,19
179190,19
179191,35
179192,22
179193,59
179194,36
179195,59
179196,41
179197,43
179198,13
179199,18
179200,50
179201,50
179202,43
179203,54
179204,59
179205,41
179206,62
179207,56
179208,23
179209,66
179210,41
179211,15
179212,36
179213,58
179214,19
179215,51
179216,38
179217,62
179218,49
179219,74
179220,75
179221,41
179222,44
179223,60
179224,59
179225,35
179226,13
179227,61
179228,25
179229,36
179230,44
179231,28
179232,41
179233,41
179234,44
179235,44
179236,63
179237,35
179238,50
179239,35
179240,28
179241,36
179242,61
179243,72
179244,23
179245,72
179246,70
179247,19
179248,19
179249,65
179250,50
179251,75
179252,79
179253,19
179254,55
179255,66
179256,12
179257,49
179258,54
179259,17
179260,43
179261,49
179262,19
179263,41
179264,36
179265,21
179266,50
179267,13
179268,69
179269,41
179270,39
179271,59
179272,50
179273,68
179274,73
179275,20
179276,35
179277,35
179278,44
179279,50
179280,51
179281,38
179282,41
179283,20
179284,45
179285,55
179286,54
179287,22
179288,50
179289,19
179290,50
179291,12
179292,21
179293,42
179294,36
179295,56
179296,57
179297,23
179298,50
179299,64
179300,23
179301,66
179302,23
179303,42
179304,42
179305,59
179306,35
179307,22
179308,13
179309,41
179310,28
179311,36
179312,17
179313,45
179314,42
179315,36
179316,16
179317,22
179318,49
179319,36
179320,21
179321,20
179322,36
179323,42
179324,16
179325,21
179326,66
179327,42
179328,42
179329,45
179330,36
179331,42
179332,23
179333,36
179334,59
179335,36
179336,44
179337,59
179338,16
179339,50
179340,36
179341,52
179342,14
179343,19
179344,35
179345,35
179346,55
179347,13
179348,15
179349,12
179350,20
179351,21
179352,42
179353,35
179354,63
179355,50
179356,59
179357,36
179358,18
179359,64
179360,49
179361,37
179362,35
179363,50
179364,51
179365,52
179366,20
179367,50
179368,51
179369,18
179370,20
179371,61
179372,50
179373,36
179374,48
179375,54
179376,29
179377,18
179378,30
179379,23
179380,42
179381,29
179382,36
179383,51
179384,49
179385,42
179386,51
179387,16
179388,42
179389,16
179390,17
179391,22
179392,42
179393,15
179394,60
179395,55
179396,68
179397,28
179398,18
179399,19
179400,42
179401,42
179402,39
179403,48
179404,42
179405,67
179406,22
179407,19
179408,29
179409,41
179410,43
179411,35
179412,68
179413,73
179414,48
179415,54
179416,21
179417,52
179418,20
179419,37
179420,43
179421,23
179422,23
179423,22
179424,18
179425,54
179426,56
179427,42
179428,42
179429,12
179430,49
179431,12
179432,46
179433,55
179434,15
179435,23
179436,75
179437,18
179438,22
179439,36
179440,42
179441,22
179442,42
179443,46
179444,12
179445,51
179446,20
179447,70
179448,23
179449,40
179450,36
179451,18
179452,67
179453,14
179454,75
179455,14
179456,21
179457,36
179458,42
179459,32
179460,12
179461,19
179462,20
179463,51
179464,42
179465,44
179466,70
179467,42
179468,61
179469,18
179470,56
179471,22
179472,42
179473,13
179474,13
179475,12
179476,52
179477,43
179478,45
179479,36
179480,22
179481,62
179482,46
179483,36
179484,42
179485,43
179486,36
179487,13
179488,36
179489,55
179490,16
179491,49
179492,22
179493,18
179494,36
179495,75
179496,22
179497,35
179498,45
179499,56
179500,36
179501,41
179502,19
179503,58
179504,72
179505,22
179506,29
179507,12
179508,19
179509,42
179510,42
179511,16
179512,22
179513,71
179514,67
179515,13
179516,84
179517,43
179518,36
179519,42
179520,36
179521,56
179522,42
179523,42
179524,23
179525,54
179526,19
179527,36
179528,66
179529,66
179530,39
179531,51
179532,50
179533,42
179534,20
179535,42
179536,29
179537,42
179538,51
179539,21
179540,68
179541,75
179542,65
179543,23
179544,53
179545,62
179546,52
179547,51
179548,18
179549,28
179550,35
179551,63
179552,63
179553,68
179554,22
179555,13
179556,51
179557,56
179558,61
179559,49
179560,58
179561,36
179562,76
179563,41
179564,12
179565,70
179566,19
179567,48
179568,23
179569,21
179570,19
179571,50
179572,62
179573,75
179574,77
179575,81
179576,36
179577,19
179578,55
179579,50
179580,44
179581,42
179582,59
179583,57
179584,62
179585,52
179586,15
179587,23
179588,15
179589,14
179590,38
179591,21
179592,23
179593,44
179594,60
179595,69
179596,56
179597,70
179598,64
179599,55
179600,51
179601,42
179602,59
179603,48
179604,22
179605,69
179606,50
179607,55
179608,13
179609,23
179610,20
179611,44
179612,22
179613,22
179614,63
179615,38
179616,46
179617,16
179618,63
179619,44
179620,23
179621,17
179622,47
179623,37
179624,22
179625,44
179626,50
179627,21
179628,44
179629,82
179630,63
179631,57
179632,47
179633,16
179634,68
179635,69
179636,24
179637,46
179638,14
179639,50
179640,23
179641,21
179642,32
179643,24
179644,52
179645,38
179646,44
179647,18
179648,22
179649,80
179650,44
179651,62
179652,38
179653,20
179654,20
179655,45
179656,18
179657,39
179658,23
179659,44
179660,44
179661,53
179662,21
179663,24
179664,14
179665,48
179666,21
179667,13
179668,22
179669,25
179670,62
179671,44
179672,46
179673,37
179674,23
179675,15
179676,46
179677,47
179678,21
179679,15
179680,48
179681,38
179682,48
179683,39
179684,47
179685,44
179686,22
179687,22
179688,65
179689,40
179690,55
179691,59
179692,13
179693,15
179694,47
179695,55
179696,19
179697,61
179698,59
179699,14
179700,61
179701,37
179702,44
179703,46
179704,43
179705,22
179706,37
179707,25
179708,65
179709,63
179710,30
179711,24
179712,17
179713,44
179714,47
179715,21
179716,22
179717,56
179718,53
179719,44
179720,53
179721,22
179722,14
179723,13
179724,64
179725,53
179726,37
179727,44
179728,58
179729,24
179730,30
179731,32
179732,38
179733,38
179734,24
179735,53
179736,66
179737,19
179738,54
179739,48
179740,21
179741,59
179742,46
179743,53
179744,44
179745,44
179746,38
179747,58
179748,51
179749,24
179750,44
179751,53
179752,84
179753,44
179754,38
179755,43
179756,48
179757,68
179758,54
179759,72
179760,24
179761,30
179762,52
179763,53
179764,32
179765,24
179766,66
179767,58
179768,13
179769,18
179770,24
179771,38
179772,83
179773,37
179774,69
179775,24
179776,74
179777,44
179778,44
179779,13
179780,45
179781,16
179782,75
179783,18
179784,24
179785,23
179786,67
179787,37
179788,23
179789,13
179790,38
179791,75
179792,37
179793,41
179794,52
179795,17
179796,30
179797,45
179798,30
179799,75
179800,54
179801,38
179802,19
179803,65
179804,38
179805,47
179806,24
179807,44
179808,30
179809,75
179810,20
179811,54
179812,20
179813,23
179814,37
179815,51
179816,64
179817,52
179818,53
179819,23
179820,15
179821,16
179822,14
179823,56
179824,62
179825,53
179826,50
179827,44
179828,62
179829,22
179830,52
179831,13
179832,21
179833,24
179834,16
179835,52
179836,52
179837,44
179838,30
179839,60
179840,20
179841,37
179842,56
179843,64
179844,59
179845,18
179846,61
179847,17
179848,22
179849,16
179850,46
179851,47
179852,13
179853,63
179854,46
179855,40
179856,13
179857,19
179858,14
179859,75
179860,82
179861,72
179862,72
179863,43
179864,20
179865,44
179866,31
179867,45
179868,13
179869,38
179870,20
179871,22
179872,24
179873,67
179874,82
179875,89
179876,54
179877,48
179878,17
179879,44
179880,55
179881,30
179882,37
179883,57
179884,30
179885,68
179886,20
179887,24
179888,52
179889,63
179890,59
179891,70
179892,46
179893,61
179894,68
179895,20
179896,57
179897,42
179898,63
179899,17
179900,64
179901,75
179902,20
179903,23
179904,37
179905,44
179906,17
179907,74
179908,48
179909,38
179910,37
179911,58
179912,83
179913,61
179914,19
179915,16
179916,21
179917,44
179918,63
179919,14
179920,40
179921,20
179922,63
179923,75
179924,57
179925,75
179926,37
179927,45
179928,48
179929,60
179930,21
179931,70
179932,44
179933,44
179934,43
179935,46
179936,62
179937,60
179938,44
179939,81
179940,21
179941,23
179942,15
179943,49
179944,22
179945,29
179946,17
179947,23
179948,12
179949,22
179950,37
179951,43
179952,19
179953,43
179954,22
179955,53
179956,18
179957,61
179958,52
179959,20
179960,24
179961,53
179962,53
179963,54
179964,23
179965,45
179966,52
179967,35
179968,38
179969,37
179970,45
179971,24
179972,51
179973,19
179974,40
179975,20
179976,22
179977,18
179978,20
179979,35
179980,47
179981,37
179982,62
179983,57
179984,20
179985,37
179986,19
179987,44
179988,37
179989,15
179990,43
179991,22
179992,20
179993,38
179994,23
179995,24
179996,18
179997,43
179998,60
179999,16
180000,21
180001,37
180002,52
180003,17
180004,14
180005,37
180006,44
180007,52
180008,37
180009,56
180010,16
180011,19
180012,47
180013,16
180014,21
180015,57
180016,39
180017,45
180018,23
180019,47
180020,57
180021,52
180022,22
180023,43
180024,37
180025,71
180026,24
180027,22
180028,37
180029,43
180030,59
180031,46
180032,60
180033,72
180034,17
180035,17
180036,23
180037,61
180038,37
180039,70
180040,54
180041,55
180042,52
180043,64
180044,29
180045,68
180046,52
180047,16
180048,20
180049,19
180050,69
180051,21
180052,37
180053,53
180054,13
180055,23
180056,73
180057,24
180058,43
180059,67
180060,56
180061,37
180062,67
180063,13
180064,19
180065,15
180066,37
180067,59
180068,58
180069,37
180070,18
180071,52
180072,79
180073,24
180074,24
180075,24
180076,17
180077,18
180078,38
180079,18
180080,62
180081,16
180082,44
180083,21
180084,53
180085,62
180086,66
180087,78
180088,18
180089,64
180090,24
180091,43
180092,47
180093,37
180094,47
180095,37
180096,21
180097,54
180098,41
180099,20
180100,52
180101,78
180102,72
180103,17
180104,52
180105,62
180106,43
180107,24
180108,53
180109,61
180110,80
180111,15
180112,24
180113,24
180114,78
180115,37
180116,15
180117,52
180118,43
180119,30
180120,64
180121,40
180122,58
180123,44
180124,45
180125,75
180126,56
180127,44
180128,19
180129,44
180130,43
180131,47
180132,21
180133,40
180134,64
180135,34
180136,17
180137,41
180138,69
180139,67
180140,52
180141,72
180142,45
180143,23
180144,44
180145,53
180146,45
180147,19
180148,60
180149,37
180150,30
180151,52
180152,59
180153,64
180154,52
180155,38
180156,23
180157,69
180158,23
180159,21
180160,77
180161,37
180162,45
180163,22
180164,56
180165,69
180166,58
180167,18
180168,30
180169,44
180170,22
180171,37
180172,72
180173,72
180174,48
180175,47
180176,16
180177,20
180178,23
180179,13
180180,29
180181,58
180182,69
180183,18
180184,44
180185,47
180186,75
180187,13
180188,63
180189,14
180190,73
180191,31
180192,43
180193,52
180194,31
180195,45
180196,14
180197,39
180198,17
180199,43
180200,24
180201,54
180202,85
180203,57
180204,72
180205,62
180206,44
180207,37
180208,29
180209,53
180210,56
180211,62
180212,66
180213,44
180214,56
180215,12
180216,15
180217,58
180218,30
180219,63
180220,52
180221,54
180222,30
180223,47
180224,18
180225,58
180226,52
180227,20
180228,24
180229,59
180230,80
180231,24
180232,65
180233,78
180234,57
180235,21
180236,22
180237,45
180238,58
180239,53
180240,44
180241,65
180242,65
180243,65
180244,21
180245,48
180246,46
180247,13
180248,79
180249,21
180250,58
180251,58
180252,38
180253,43
180254,20
180255,44
180256,75
180257,58
180258,64
180259,61
180260,49
180261,45
180262,16
180263,43
180264,88
180265,38
180266,37
180267,57
180268,47
180269,28
180270,21
180271,23
180272,23
180273,24
180274,48
180275,22
180276,20
180277,20
180278,18
180279,13
180280,57
180281,59
180282,38
180283,44
180284,18
180285,59
180286,53
180287,62
180288,63
180289,45
180290,23
180291,22
180292,59
180293,46
180294,53
180295,39
180296,63
180297,45
180298,45
180299,19
180300,68
180301,18
180302,22
180303,54
180304,46
180305,32
180306,47
180307,44
180308,13
180309,54
180310,17
180311,23
180312,13
180313,15
180314,70
180315,54
180316,39
180317,24
180318,19
180319,70
180320,44
180321,44
180322,24
180323,24
180324,13
180325,47
180326,23
180327,23
180328,38
180329,48
180330,61
180331,19
180332,21
180333,38
180334,60
180335,61
180336,23
180337,58
180338,47
180339,25
180340,53
180341,45
180342,23
180343,20
180344,28
180345,17
180346,18
180347,21
180348,48
180349,59
180350,22
180351,20
180352,46
180353,39
180354,75
180355,23
180356,38
180357,20
180358,20
180359,27
180360,23
180361,30
180362,49
180363,19
180364,13
180365,52
180366,45
180367,79
180368,64
180369,38
180370,45
180371,31
180372,46
180373,66
180374,75
180375,62
180376,46
180377,16
180378,51
180379,80
180380,24
180381,57
180382,45
180383,14
180384,55
180385,22
180386,16
180387,21
180388,19
180389,79
180390,60
180391,38
180392,54
180393,45
180394,38
180395,60
180396,71
180397,21
180398,44
180399,75
180400,59
180401,38
180402,45
180403,67
180404,41
180405,53
180406,59
180407,45
180408,45
180409,32
180410,25
180411,53
180412,63
180413,38
180414,19
180415,45
180416,31
180417,25
180418,24
180419,21
180420,30
180421,74
180422,23
180423,30
180424,24
180425,60
180426,64
180427,20
180428,24
180429,30
180430,55
180431,66
180432,62
180433,51
180434,54
180435,32
180436,51
180437,63
180438,47
180439,30
180440,16
180441,15
180442,79
180443,45
180444,65
180445,45
180446,40
180447,17
180448,63
180449,58
180450,19
180451,60
180452,58
180453,49
180454,54
180455,38
180456,68
180457,47
180458,44
180459,52
180460,48
180461,30
180462,17
180463,57
180464,26
180465,48
180466,18
180467,46
180468,22
180469,44
180470,61
180471,17
180472,34
180473,41
180474,74
180475,34
180476,24
180477,21
180478,23
180479,39
180480,20
180481,23
180482,75
180483,15
180484,47
180485,59
180486,18
180487,62
180488,24
180489,23
180490,54
180491,50
180492,16
180493,16
180494,64
180495,63
180496,58
180497,19
180498,15
180499,23
180500,30
180501,44
180502,48
180503,54
180504,23
180505,23
180506,39
180507,46
180508,75
180509,21
180510,44
180511,20
180512,39
180513,30
180514,54
180515,14
180516,58
180517,62
180518,39
180519,45
180520,17
180521,19
180522,51
180523,76
180524,87
180525,48
180526,59
180527,23
180528,20
180529,19
180530,51
180531,46
180532,20
180533,38
180534,40
180535,38
180536,14
180537,46
180538,81
180539,44
180540,38
180541,54
180542,71
180543,53
180544,44
180545,60
180546,56
180547,38
180548,44
180549,52
180550,53
180551,47
180552,60
180553,42
180554,86
180555,62
180556,75
180557,61
180558,61
180559,80
180560,25
180561,65
180562,19
180563,25
180564,69
180565,63
180566,19
180567,60
180568,44
180569,24
180570,48
180571,49
180572,57
180573,54
180574,48
180575,63
180576,19
180577,67
180578,84
180579,75
180580,19
180581,69
180582,45
180583,75
180584,60
180585,14
180586,25
180587,44
180588,54
180589,20
180590,null
180591,null
180592,null
180593,null
180594,null
180595,48
180596,72
180597,49
180598,56
180599,54
180600,58
180601,48
180602,40
180603,59
180604,55
180605,54
180606,26
180607,24
180608,55
180609,24
180610,57
180611,51
180612,57
180613,43
180614,51
180615,60
180616,47
180617,32
180618,48
180619,62
180620,50
180621,53
180622,56
180623,34
180624,62
180625,51
180626,39
180627,23
180628,39
180629,34
180630,50
180631,60
180632,54
180633,49
180634,58
180635,56
180636,48
180637,54
180638,64
180639,60
180640,57
180641,60
180642,60
180643,58
180644,51
180645,43
180646,56
180647,47
180648,44
180649,12
180650,56
180651,51
180652,62
180653,58
180654,82
180655,51
180656,37
180657,57
180658,53
180659,38
180660,60
180661,61
180662,52
180663,56
180664,60
180665,56
180666,57
180667,48
180668,69
180669,52
180670,54
180671,61
180672,19
180673,56
180674,57
180675,26
180676,52
180677,53
180678,35
180679,55
180680,60
180681,38
180682,42
180683,51
180684,26
180685,58
180686,49
180687,60
180688,47
180689,55
180690,56
180691,63
180692,50
180693,46
180694,59
180695,75
180696,70
180697,61
180698,56
180699,51
180700,56
180701,54
180702,55
180703,37
180704,75
180705,67
180706,53
180707,70
180708,16
180709,52
180710,51
180711,15
180712,58
180713,58
180714,67
180715,44
180716,52
180717,49
180718,58
180719,54
180720,58
180721,58
180722,56
180723,44
180724,52
180725,43
180726,72
180727,85
180728,57
180729,52
180730,52
180731,54
180732,58
180733,56
180734,58
180735,58
180736,39
180737,48
180738,54
180739,64
180740,51
180741,59
180742,55
180743,41
180744,22
180745,49
180746,59
180747,46
180748,61
180749,48
180750,61
180751,58
180752,50
180753,57
180754,52
180755,75
180756,36
180757,61
180758,46
180759,53
180760,34
180761,50
180762,52
180763,64
180764,54
180765,59
180766,74
180767,58
180768,74
180769,60
180770,62
180771,50
180772,40
180773,58
180774,49
180775,57
180776,47
180777,42
180778,50
180779,68
180780,56
180781,44
180782,53
180783,51
180784,57
180785,70
180786,41
180787,60
180788,34
180789,52
180790,56
180791,56
180792,54
180793,44
180794,57
180795,69
180796,59
180797,57
180798,52
180799,53
180800,46
180801,57
180802,52
180803,49
180804,68
180805,58
180806,57
180807,57
180808,22
180809,34
180810,41
180811,50
180812,54
180813,62
180814,63
180815,54
180816,50
180817,83
180818,58
180819,47
180820,22
180821,37
180822,52
180823,58
180824,67
180825,40
180826,69
180827,61
180828,52
180829,55
180830,52
180831,51
180832,53
180833,53
180834,55
180835,61
180836,48
180837,40
180838,48
180839,51
180840,48
180841,55
180842,59
180843,57
180844,49
180845,65
180846,64
180847,47
180848,73
180849,15
180850,79
180851,57
180852,54
180853,32
180854,19
180855,53
180856,59
180857,44
180858,26
180859,49
180860,59
180861,56
180862,26
180863,67
180864,53
180865,49
180866,42
180867,51
180868,55
180869,29
180870,66
180871,56
180872,61
180873,26
180874,56
180875,49
180876,43
180877,54
180878,26
180879,52
180880,56
180881,47
180882,57
180883,54
180884,48
180885,55
180886,58
180887,58
180888,56
180889,56
180890,58
180891,58
180892,65
180893,71
180894,60
180895,56
180896,81
180897,35
180898,64
180899,74
180900,45
180901,29
180902,60
180903,40
180904,34
180905,58
180906,59
180907,59
180908,46
180909,47
180910,56
180911,63
180912,39
180913,55
180914,38
180915,52
180916,62
180917,59
180918,59
180919,53
180920,56
180921,38
180922,58
180923,77
180924,55
180925,33
180926,53
180927,50
180928,40
180929,53
180930,53
180931,55
180932,54
180933,35
180934,53
180935,54
180936,59
180937,58
180938,26
180939,49
180940,58
180941,45
180942,51
180943,29
180944,47
180945,33
180946,56
180947,43
180948,51
180949,51
180950,34
180951,59
180952,44
180953,15
180954,24
180955,50
180956,34
180957,51
180958,26
180959,51
180960,34
180961,52
180962,43
180963,36
180964,44
180965,58
180966,51
180968,46
180969,56
180970,65
180971,47
180972,50
180973,39
180974,57
180975,45
180976,41
180977,32
180978,34
180979,46
180980,38
180981,52
180982,23
180983,32
180984,44
180985,51
180986,46
180987,50
180988,59
180989,null
180990,57
180991,null
180992,null
180993,61
180994,45
180995,null
180996,62
180997,74
180998,65
180999,54
181000,55
181001,59
181002,48
181003,null
181004,60
181005,66
181006,null
181007,55
181008,49
181009,71
181010,66
181011,61
181012,87
181013,62
181014,60
181015,null
181016,73
181017,57
181018,null
181019,null
181020,null
181021,null
181022,38
181023,null
181024,null
181025,58
181026,66
181027,48
181028,60
181029,null
181030,51
181031,63
181032,51
181033,null
181034,54
181035,58
181036,52
181037,53
181038,null
181039,61
181040,null
181041,55
181042,null
181043,null
181044,null
181045,null
181046,null
181047,59
181048,62
181049,null
181050,null
181051,null
181052,64
181053,null
181054,66
181055,46
181056,65
181057,71
181058,58
181059,49
181060,70
181061,null
181062,null
181063,null
181064,null
181065,null
181066,null
181067,63
181068,null
181069,null
181070,null
181071,68
181072,48
181073,38
181074,62
181075,62
181076,null
181077,null
181078,null
181079,null
181080,null
181081,58
181082,62
181083,null
181084,null
181085,53
181086,null
181087,58
181088,60
181089,62
181090,65
181091,50
181092,60
181093,null
181094,56
181095,52
181096,null
181097,49
181098,50
181099,null
181100,null
181101,56
181102,55
181103,null
181104,80
181105,null
181106,null
181107,57
181108,46
181109,null
181110,null
181111,null
181112,57
181113,53
181114,54
181115,72
181116,52
181117,null
181118,64
181119,null
181120,53
181121,50
181122,60
181123,65
181124,61
181125,56
181126,58
181127,null
181128,66
181129,null
181130,36
181131,50
181132,null
181133,null
181134,null
181135,null
181136,43
181137,null
181138,null
181139,71
181140,47
181141,39
181142,49
181143,59
181144,null
181145,55
181146,74
181147,null
181148,null
181149,71
181150,null
181151,69
181152,null
181153,51
181154,49
181155,70
181156,52
181157,58
181158,null
181159,41
181160,null
181161,null
181162,81
181163,75
181164,60
181165,null
181166,50
181167,null
181168,null
181169,44
181170,62
181171,51
181172,54
181173,51
181174,null
181175,47
181176,51
181177,50
181178,null
181179,null
181180,null
181181,51
181182,53
181183,null
181184,null
181185,43
181186,null
181187,null
181188,55
181189,75
181190,null
181191,37
181192,60
181193,59
181194,47
181195,53
181196,null
181197,52
181198,53
181199,33
181200,null
181201,55
181202,57
181203,null
181204,52
181205,53
181206,51
181207,42
181208,54
181209,null
181210,null
181211,61
181212,null
181213,null
181214,55
181215,61
181216,51
181217,52
181218,27
181219,56
181220,40
181221,null
181222,null
181223,50
181224,58
181225,46
181226,null
181227,55
181228,54
181229,null
181230,42
181231,57
181232,45
181233,56
181234,null
181235,46
181236,null
181237,52
181238,60
181239,null
181240,null
181241,57
181242,null
181243,50
181244,41
181245,null
181246,null
181247,54
181248,40
181249,22
181250,70
181251,29
181252,60
181253,46
181254,57
181255,61
181256,null
181257,55
181258,56
181259,null
181260,null
181261,74
181262,null
181263,null
181264,48
181265,46
181266,51
181267,null
181268,44
181269,45
181270,81
181271,null
181272,null
181273,29
181274,56
181275,null
181276,null
181277,null
181278,49
181279,null
181280,53
181281,null
181282,null
181283,null
181284,55
181285,51
181286,null
181287,51
181288,null
181289,52
181290,null
181291,48
181292,null
181293,null
181294,58
181295,45
181296,36
181297,null
181298,32
181299,43
181300,null
181301,null
181302,55
181303,68
181304,null
181305,49
181306,65
181307,37
181308,45
181309,56
181310,72
181311,null
181312,41
181313,69
181314,63
181315,null
181316,61
181317,null
181318,44
181319,84
181320,66
181321,null
181322,null
181323,29
181324,62
181325,74
181326,null
181327,51
181328,59
181329,null
181330,42
181331,48
181332,38
181333,55
181334,null
181335,55
181336,45
181337,null
181338,61
181339,null
181340,45
181341,56
181342,58
181343,63
181344,72
181345,54
181346,26
181347,78
181348,null
181349,49
181350,34
181351,47
181352,48
181353,59
181354,82
181355,53
181356,75
181357,63
181358,55
181359,null
181360,null
181361,53
181362,34
181363,40
181364,53
181365,55
181366,null
181367,62
181368,63
181369,58
181370,38
181371,53
181372,null
181373,57
181374,52
181375,62
181376,55
181377,46
181378,null
181379,null
181380,59
181381,null
181382,null
181383,39
181384,41
181385,52
181386,58
181387,53
181388,52
181389,62
181390,null
181391,54
181392,null
181393,null
181394,null
181395,null
181396,null
181397,58
181398,79
181399,null
181400,51
181401,67
181402,62
181403,58
181404,59
181405,60
181406,null
181407,60
181408,87
181409,61
181410,62
181411,58
181412,76
181413,53
181414,71
181415,null
181416,51
181417,59
181418,null
181419,65
181420,76
181421,null
181422,null
181423,null
181424,67
181425,null
181426,null
181427,null
181428,null
181429,65
181430,72
181431,null
181432,48
181433,null
181434,null
181435,null
181436,null
181437,null
181438,53
181439,61
181440,48
181441,57
181442,60
181443,60
181444,59
181445,null
181446,76
181447,56
181448,null
181449,null
181450,53
181451,61
181452,null
181453,59
181454,null
181455,58
181456,39
181457,64
181458,64
181459,55
181460,null
181461,null
181462,51
181463,null
181464,52
181465,61
181466,null
181467,null
181468,56
181469,53
181470,null
181471,60
181472,60
181473,55
181474,53
181475,null
181476,56
181477,61
181478,null
181479,54
181480,null
181481,62
181482,70
181483,null
181484,null
181485,null
181486,70
181487,60
181488,67
181489,46
181490,49
181491,71
181492,69
181493,null
181494,58
181495,43
181496,50
181497,62
181498,65
181499,null
181500,null
181501,46
181502,null
181503,28
181504,56
181505,null
181506,null
181507,67
181508,null
181509,null
181510,63
181511,59
181512,26
181513,null
181514,null
181515,64
181516,71
181517,78
181518,null
181519,75
181520,null
181521,83
181522,null
181523,null
181524,58
181525,51
181526,58
181527,null
181528,54
181529,null
181530,null
181531,39
181532,null
181533,79
181534,49
181535,53
181536,null
181537,null
181538,57
181539,68
181540,46
181541,47
181542,62
181543,53
181544,59
181545,61
181546,null
181547,51
181548,54
181549,null
181550,null
181551,null
181552,59
181553,49
181554,61
181555,null
181556,59
181557,50
181558,68
181559,44
181560,null
181561,null
181562,null
181563,59
181564,54
181565,57
181566,42
181567,40
181568,null
181569,35
181570,null
181571,null
181572,null
181573,null
181574,35
181575,56
181576,54
181577,null
181578,53
181579,null
181580,46
181581,58
181582,null
181583,null
181584,null
181585,57
181586,70
181587,51
181588,null
181589,null
181590,null
181591,29
181592,44
181593,null
181594,17
181595,null
181596,60
181597,null
181598,null
181599,50
181600,48
181601,47
181602,55
181603,50
181604,26
181605,null
181606,60
181607,null
181608,63
181609,26
181610,56
181611,50
181612,22
181613,null
181614,null
181615,55
181616,null
181617,26
181618,78
181619,40
181620,null
181621,48
181622,49
181623,54
181624,46
181625,53
181626,null
181627,54
181628,null
181629,null
181630,null
181631,null
181632,54
181633,null
181634,null
181635,44
181636,null
181637,33
181638,47
181639,27
181640,null
181641,null
181642,null
181643,52
181644,56
181645,58
181646,42
181647,48
181648,null
181649,null
181650,52
181651,26
181652,37
181653,44
181654,null
181655,57
181656,null
181657,null
181658,41
181659,null
181660,null
181661,null
181662,67
181663,null
181664,65
181665,null
181666,34
181667,null
181668,null
181669,null
181670,38
181671,44
181672,40
181673,54
181674,50
181675,null
181676,52
181677,29
181678,61
181679,58
181680,null
181681,null
181682,67
181683,59
181684,null
181685,42
181686,null
181687,52
181688,null
181689,41
181690,30
181691,50
181692,null
181693,39
181694,null
181695,56
181696,51
181697,53
181698,null
181699,null
181700,57
181701,29
181702,59
181703,52
181704,46
181705,29
181706,46
181707,null
181708,null
181709,18
181710,null
181711,null
181712,null
181713,null
181714,62
181715,58
181716,38
181717,79
181718,48
181719,null
181720,59
181721,null
181722,48
181723,39
181724,56
181725,58
181726,null
181727,51
181728,49
181729,42
181730,61
181731,74
181732,50
181733,null
181734,null
181735,null
181736,72
181737,46
181738,51
181739,82
181740,null
181741,null
181742,53
181743,46
181744,51
181745,null
181746,60
181747,38
181748,67
181749,null
181750,56
181751,52
181752,61
181753,45
181754,58
181755,59
181756,26
181757,61
181758,null
181759,null
181760,51
181761,44
181762,null
181763,42
181764,null
181765,35
181766,38
181767,80
181768,null
181769,64
181770,58
181771,null
181772,56
181773,60
181774,63
181775,34
181776,null
181777,40
181778,null
181779,46
181780,null
181781,59
181782,50
181783,26
181784,45
181785,null
181786,56
181787,51
181788,null
181789,53
181790,57
181791,75
181792,45
181793,null
181794,64
181795,53
181796,null
181797,61
181798,null
181799,54
181800,65
181801,55
181802,null
181803,41
181804,null
181805,73
181806,59
181807,67
181808,null
181809,41
181810,54
181811,50
181812,53
181813,50
181814,29
181815,null
181816,41
181817,null
181818,51
181819,59
181820,44
181821,44
181822,null
181823,42
181824,52
181825,null
181826,null
181827,48
181828,71
181829,50
181830,null
181831,39
181832,null
181833,53
181834,null
181835,36
181836,48
181837,null
181838,null
181839,42
181840,56
181841,41
181842,85
181843,40
181844,null
181845,78
181846,55
181847,null
181848,null
181849,62
181850,52
181851,58
181852,null
181853,null
181854,null
181855,null
181856,null
181857,65
181858,null
181859,64
181860,55
181861,null
181862,50
181863,59
181864,null
181865,59
181866,55
181867,51
181868,77
181869,65
181870,60
181871,43
181872,62
181873,61
181874,null
181875,44
181876,null
181877,null
181878,null
181879,null
181880,36
181881,null
181882,59
181883,52
181884,64
181885,71
181886,null
181887,null
181888,null
181889,52
181890,null
181891,57
181892,60
181893,50
181894,null
181895,59
181896,60
181897,null
181898,null
181899,null
181900,69
181901,61
181902,67
181903,61
181904,60
181905,null
181906,57
181907,49
181908,52
181909,48
181910,59
181911,null
181912,null
181913,null
181914,52
181915,null
181916,null
181917,null
181918,60
181919,64
181920,null
181921,58
181922,55
181923,55
181924,58
181925,null
181926,65
181927,54
181928,50
181929,68
181930,null
181931,46
181932,55
181933,48
181934,72
181935,61
181936,64
181937,null
181938,47
181939,49
181940,46
181941,null
181942,null
181943,null
181944,48
181945,53
181946,null
181947,61
181948,53
181949,null
181950,59
181951,48
181952,40
181953,58
181954,41
181955,40
181956,51
181957,48
181958,46
181959,39
181960,24
181961,61
181962,45
181963,46
181964,55
181965,48
181966,68
181967,53
181968,48
181969,37
181970,53
181971,53
181972,null
181973,55
181974,45
181975,48
181976,50
181977,null
181978,29
181979,20
181980,null
181981,73
181982,59
181983,null
181984,null
181985,54
181986,null
181987,57
181988,50
181989,46
181990,56
181991,null
181992,48
181993,null
181994,null
181995,null
181996,30
181997,57
181998,42
181999,null
182000,42
182001,51
182002,null
182003,null
182004,69
182005,51
182006,47
182007,null
182008,51
182009,null
182010,53
182011,null
182012,59
182013,42
182014,52
182015,75
182016,null
182017,54
182018,60
182019,53
182020,45
182021,null
182022,29
182023,57
182024,47
182025,56
182026,null
182027,42
182028,57
182029,59
182030,48
182031,null
182032,45
182033,57
182034,null
182035,null
182036,49
182037,54
182038,null
182039,null
182040,null
182041,56
182042,null
182043,null
182044,null
182045,null
182046,49
182047,64
182048,39
182049,null
182050,51
182051,69
182052,57
182053,54
182054,null
182055,null
182056,71
182057,51
182058,58
182059,47
182060,48
182061,68
182062,51
182063,null
182064,47
182065,63
182066,60
182067,null
182068,24
182069,null
182070,45
182071,54
182072,58
182073,64
182074,49
182075,61
182076,null
182077,null
182078,35
182079,56
182080,null
182081,56
182082,70
182083,null
182084,66
182085,59
182086,46
182087,41
182088,53
182089,37
182090,51
182091,null
182092,null
182093,51
182094,60
182095,null
182096,50
182097,60
182098,61
182099,47
182100,54
182101,null
182102,61
182103,null
182104,null
182105,null
182106,null
182107,58
182108,56
182109,47
182110,50
182111,62
182112,60
182113,null
182114,42
182115,53
182116,33
182117,null
182118,null
182119,54
182120,53
182121,56
182122,57
182123,null
182124,19
182125,60
182126,60
182127,null
182128,null
182129,51
182130,null
182131,53
182132,null
182133,53
182134,null
182135,52
182136,50
182137,null
182138,null
182139,42
182140,63
182141,60
182142,null
182143,null
182144,60
182145,null
182146,null
182147,46
182148,41
182149,null
182150,51
182151,42
182152,null
182153,52
182154,null
182155,56
182156,null
182157,50
182158,55
182159,38
182160,null
182161,61
182162,32
182163,41
182164,51
182165,67
182166,42
182167,50
182168,85
182169,null
182170,43
182171,48
182172,62
182173,61
182174,51
182175,64
182176,66
182177,49
182178,null
182179,33
182180,null
182181,58
182182,45
182183,29
182184,49
182185,null
182186,53
182187,null
182188,49
182189,66
182190,55
182191,48
182192,55
182193,62
182194,59
182195,45
182196,56
182197,59
182198,33
182199,84
182200,37
182201,71
182202,51
182203,null
182204,52
182205,null
182206,50
182207,35
182208,57
182209,null
182210,27
182211,87
182212,56
182213,52
182214,60
182215,38
182216,43
182217,61
182218,40
182219,null
182220,54
182221,53
182222,51
182223,null
182224,41
182225,null
182226,null
182227,52
182228,null
182229,61
182230,null
182231,47
182232,null
182233,null
182234,null
182235,54
182236,71
182237,null
182238,null
182239,null
182240,64
182241,null
182242,50
182243,62
182244,null
182245,null
182246,null
182247,69
182248,80
182249,null
182250,null
182251,58
182252,null
182253,52
182254,null
182255,null
182256,62
182257,77
182258,36
182259,58
182260,null
182261,54
182262,null
182263,null
182264,null
182265,52
182266,31
182267,null
182268,30
182269,31
182270,53
182271,56
182272,75
182273,47
182274,63
182275,72
182276,null
182277,56
182278,59
182279,70
182280,null
182281,60
182282,36
182283,62
182284,null
182285,null
182286,70
182287,83
182288,65
182289,63
182290,null
182291,null
182292,67
182293,58
182294,56
182295,61
182296,null
182297,null
182298,null
182299,57
182300,72
182301,40
182302,null
182303,null
182304,61
182305,null
182306,51
182307,null
182308,37
182309,null
182310,null
182311,63
182312,60
182313,57
182314,54
182315,55
182316,null
182317,null
182318,null
182319,49
182320,54
182321,52
182322,null
182323,57
182324,41
182325,55
182326,54
182327,62
182328,52
182329,59
182330,49
182331,73
182332,64
182333,71
182334,45
182335,38
182336,53
182337,51
182338,null
182339,65
182340,null
182341,30
182342,68
182343,null
182344,52
182345,47
182346,38
182347,35
182348,51
182349,58
182350,39
182351,18
182352,44
182353,54
182354,43
182355,58
182356,22
182357,56
182358,60
182359,59
182360,52
182361,68
182362,50
182363,70
182364,49
182365,54
182366,52
182367,46
182368,45
182369,50
182370,44
182371,50
182372,54
182373,69
182374,57
182375,63
182376,58
182377,50
182378,null
182379,null
182380,26
182381,39
182382,55
182383,27
182384,36
182385,52
182386,38
182387,null
182388,45
182389,53
182390,61
182391,54
182392,49
182393,49
182394,41
182395,44
182396,49
182397,null
182398,49
182399,22
182400,58
182401,43
182402,35
182403,null
182404,57
182405,null
182406,null
182407,null
182408,29
182409,53
182410,64
182411,null
182412,31
182413,50
182414,47
182415,65
182416,44
182417,null
182418,null
182419,48
182420,48
182421,null
182422,49
182423,61
182424,null
182425,56
182426,58
182427,52
182428,null
182429,null
182430,58
182431,58
182432,53
182433,56
182434,44
182435,null
182436,51
182437,51
182438,null
182439,29
182440,null
182441,45
182442,55
182443,31
182444,null
182445,null
182446,null
182447,null
182448,null
182449,51
182450,null
182451,45
182452,null
182453,null
182454,44
182455,null
182456,53
182457,55
182458,63
182459,49
182460,56
182461,68
182462,null
182463,54
182464,61
182465,43
182466,40
182467,48
182468,50
182469,56
182470,61
182471,null
182472,null
182473,41
182474,64
182475,55
182476,null
182477,null
182478,null
182479,45
182480,30
182481,34
182482,53
182483,null
182484,49
182485,50
182486,null
182487,null
182488,52
182489,null
182490,null
182491,46
182492,67
182493,60
182494,54
182495,null
182496,19
182497,null
182498,null
182499,68
182500,null
182501,null
182502,50
182503,55
182504,62
182505,76
182506,53
182507,56
182508,null
182509,59
182510,null
182511,59
182512,33
182513,64
182514,null
182515,null
182516,51
182517,46
182518,56
182519,27
182520,54
182521,52
182522,52
182523,47
182524,null
182525,52
182526,null
182527,61
182528,63
182529,44
182530,48
182531,73
182532,49
182533,58
182534,66
182535,50
182536,53
182537,null
182538,52
182539,39
182540,45
182541,null
182542,36
182543,33
182544,70
182545,57
182546,null
182547,46
182548,51
182549,null
182550,50
182551,null
182552,42
182553,23
182554,52
182555,39
182556,53
182557,75
182558,38
182559,null
182560,51
182561,55
182562,62
182563,null
182564,null
182565,53
182566,36
182567,42
182568,56
182569,52
182570,null
182571,54
182572,null
182573,54
182574,60
182575,null
182576,null
182577,63
182578,null
182579,null
182580,58
182581,58
182582,45
182583,48
182584,58
182585,67
182586,59
182587,null
182588,55
182589,43
182590,null
182591,null
182592,58
182593,40
182594,55
182595,58
182596,54
182597,47
182598,34
182599,null
182600,null
182601,59
182602,52
182603,null
182604,27
182605,54
182606,52
182607,51
182608,54
182609,43
182610,75
182611,null
182612,60
182613,55
182614,43
182615,null
182616,39
182617,41
182618,51
182619,61
182620,35
182621,44
182622,null
182623,36
182624,44
182625,52
182626,53
182627,null
182628,63
182629,51
182630,17
182631,46
182632,44
182633,71
182634,null
182635,23
182636,59
182637,50
182638,75
182639,25
182640,55
182641,51
182642,74
182643,42
182644,53
182645,64
182646,80
182647,65
182648,59
182649,null
182650,29
182651,58
182652,70
182653,66
182654,39
182655,46
182656,37
182657,null
182658,45
182659,51
182660,null
182661,null
182662,75
182663,48
182664,67
182665,null
182666,58
182667,40
182668,55
182669,25
182670,60
182671,16
182672,48
182673,13
182674,54
182675,35
182676,null
182677,71
182678,70
182679,55
182680,57
182681,null
182682,54
182683,null
182684,60
182685,59
182686,36
182687,null
182688,50
182689,58
182690,59
182691,null
182692,47
182693,58
182694,null
182695,69
182696,65
182697,51
182698,null
182699,null
182700,51
182701,null
182702,null
182703,54
182704,25
182705,null
182706,61
182707,56
182708,76
182709,52
182710,null
182711,52
182712,56
182713,53
182714,51
182715,61
182716,58
182717,45
182718,59
182719,null
182720,49
182721,58
182722,57
182723,30
182724,54
182725,58
182726,53
182727,null
182728,null
182729,null
182730,53
182731,77
182732,48
182733,null
182734,null
182735,null
182736,null
182737,null
182738,null
182739,64
182740,50
182741,29
182742,55
182743,null
182744,51
182745,54
182746,67
182747,78
182748,41
182749,53
182750,null
182751,47
182752,50
182753,57
182754,null
182755,71
182756,25
182757,null
182758,61
182759,54
182760,16
182761,65
182762,null
182763,null
182764,51
182765,null
182766,59
182767,52
182768,32
182769,60
182770,54
182771,51
182772,49
182773,55
182774,36
182775,52
182776,56
182777,57
182778,52
182779,49
182780,54
182781,25
182782,21
182783,33
182784,55
182785,48
182786,29
182787,52
182788,59
182789,40
182790,59
182791,45
182792,57
182793,55
182794,48
182795,56
182796,36
182797,60
182798,45
182799,47
182800,61
182801,59
182802,53
182803,53
182804,54
182805,26
182806,45
182807,48
182808,53
182809,27
182810,54
182811,61
182812,56
182813,41
182814,54
182815,54
182816,53
182817,43
182818,58
182819,39
182820,26
182821,52
182822,53
182823,55
182824,50
182825,51
182826,33
182827,61
182828,54
182829,56
182830,62
182831,51
182832,70
182833,47
182834,null
182835,54
182836,77
182837,53
182838,52
182839,37
182840,26
182841,25
182842,30
182843,49
182844,43
182845,53
182846,46
182847,49
182848,40
182849,null
182850,null
182851,31
182852,null
182853,26
182854,49
182855,null
182856,null
182857,20
182858,null
182859,null
182860,57
182861,53
182862,59
182863,59
182864,46
182865,51
182866,null
182867,null
182868,null
182869,43
182870,52
182871,25
182872,60
182873,61
182874,64
182875,52
182876,null
182877,41
182878,50
182879,48
182880,null
182881,33
182882,53
182883,51
182884,45
182885,78
182886,60
182887,57
182888,52
182889,48
182890,29
182891,67
182892,55
182893,40
182894,65
182895,52
182896,53
182897,null
182898,28
182899,null
182900,46
182901,null
182902,60
182903,null
182904,53
182905,55
182906,49
182907,56
182908,54
182909,40
182910,63
182911,48
182912,null
182913,null
182914,null
182915,61
182916,50
182917,57
182918,46
182919,null
182920,26
182921,54
182922,null
182923,null
182924,null
182925,null
182926,null
182927,66
182928,null
182929,null
182930,56
182931,56
182932,null
182933,null
182934,null
182935,53
182936,null
182937,null
182938,78
182939,56
182940,null
182941,53
182942,28
182943,48
182944,65
182945,null
182946,null
182947,60
182948,54
182949,65
182950,null
182951,54
182952,44
182953,49
182954,42
182955,62
182956,null
182957,64
182958,46
182959,null
182960,60
182961,60
182962,53
182963,60
182964,40
182965,57
182966,66
182967,null
182968,51
182969,56
182970,57
182971,53
182972,56
182973,18
182974,46
182975,56
182976,19
182977,null
182978,null
182979,null
182980,null
182981,40
182982,61
182983,59
182984,83
182985,null
182986,71
182987,null
182988,58
182989,null
182990,55
182991,null
182992,45
182993,null
182994,34
182995,59
182996,60
182997,55
182998,null
182999,65
183000,57
183001,53
183002,44
183003,null
183004,59
183005,55
183006,null
183007,60
183008,null
183009,56
183010,null
183011,30
183012,null
183013,null
183014,null
183015,61
183016,51
183017,37
183018,41
183019,61
183020,47
183021,63
183022,55
183023,74
183024,null
183025,null
183026,null
183027,49
183028,56
183029,56
183030,null
183031,50
183032,null
183033,48
183034,82
183035,30
183036,57
183037,51
183038,null
183039,42
183040,69
183041,52
183042,16
183043,null
183044,null
183045,58
183046,55
183047,60
183048,34
183049,null
183050,54
183051,53
183052,null
183053,59
183054,null
183055,43
183056,39
183057,46
183058,61
183059,52
183060,54
183061,null
183062,null
183063,null
183064,null
183065,null
183066,46
183067,69
183068,null
183069,45
183070,null
183071,33
183072,48
183073,48
183074,42
183075,56
183076,48
183077,null
183078,54
183079,54
183080,45
183081,47
183082,50
183083,52
183084,50
183085,45
183086,51
183087,51
183088,59
183089,66
183090,42
183091,57
183092,66
183093,null
183094,48
183095,38
183096,50
183097,null
183098,52
183099,null
183100,55
183101,null
183102,51
183103,49
183104,61
183105,62
183106,42
183107,null
183108,59
183109,null
183110,58
183111,62
183112,43
183113,43
183114,45
183115,48
183116,45
183117,40
183118,44
183119,66
183120,48
183121,55
183122,50
183123,60
183124,54
183125,65
183126,49
183127,53
183128,75
183129,25
183130,53
183131,62
183132,52
183133,null
183134,56
183135,50
183136,48
183137,55
183138,null
183139,49
183140,42
183141,null
183142,42
183143,80
183144,59
183145,51
183146,45
183147,57
183148,52
183149,65
183150,80
183151,53
183152,60
183153,57
183154,68
183155,53
183156,73
183157,null
183158,41
183159,46
183160,59
183161,48
183162,53
183163,41
183164,59
183165,49
183166,58
183167,null
183168,null
183169,null
183170,null
183171,51
183172,36
183173,82
183174,null
183175,75
183176,57
183177,66
183178,65
183179,48
183180,null
183181,null
183182,53
183183,41
183184,null
183185,65
183186,63
183187,60
183188,61
183189,null
183190,53
183191,null
183192,71
183193,null
183194,null
183195,null
183196,56
183197,55
183198,38
183199,null
183200,null
183201,null
183202,53
183203,43
183204,null
183205,null
183206,null
183207,50
183208,null
183209,55
183210,40
183211,null
183212,47
183213,null
183214,null
183215,58
183216,null
183217,58
183218,64
183219,30
183220,66
183221,48
183222,44
183223,41
183224,30
183225,48
183226,73
183227,70
183228,62
183229,58
183230,52
183231,55
183232,45
183233,49
183234,56
183235,40
183236,56
183237,50
183238,55
183239,60
183240,57
183241,54
183242,35
183243,51
183244,58
183245,62
183246,31
183247,63
183248,20
183249,49
183250,42
183251,47
183252,66
183253,66
183254,56
183255,40
183256,60
183257,56
183258,49
183259,59
183260,78
183261,28
183262,79
183263,59
183264,74
183265,53
183266,28
183267,50
183268,51
183269,61
183270,60
183271,56
183272,45
183273,50
183274,55
183275,52
183276,22
183277,35
183278,49
183279,59
183280,40
183281,57
183282,34
183283,42
183284,30
183285,54
183286,49
183287,54
183288,44
183289,55
183290,65
183291,54
183292,52
183293,58
183294,68
183295,58
183296,48
183297,58
183298,49
183299,48
183300,52
183301,44
183302,53
183303,45
183304,14
183305,27
183306,26
183307,59
183308,49
183309,null
183310,null
183311,24
183312,63
183313,62
183314,68
183315,null
183316,26
183317,null
183318,null
183319,49
183320,null
183321,null
183322,46
183323,null
183324,14
183325,27
183326,57
183327,50
183328,51
183329,36
183330,54
183331,57
183332,31
183333,45
183334,49
183335,40
183336,40
183337,63
183338,21
183339,55
183340,48
183341,51
183342,59
183343,null
183344,56
183345,null
183346,54
183347,null
183348,null
183349,48
183350,46
183351,46
183352,69
183353,41
183354,43
183355,66
183356,58
183357,50
183358,58
183359,65
183360,null
183361,33
183362,null
183363,59
183364,46
183365,null
183366,55
183367,50
183368,27
183369,57
183370,60
183371,null
183372,30
183373,38
183374,59
183375,58
183376,53
183377,61
183378,53
183379,46
183380,null
183381,48
183382,48
183383,null
183384,30
183385,68
183386,55
183387,53
183388,null
183389,57
183390,null
183391,65
183392,41
183393,null
183394,null
183395,75
183396,39
183397,52
183398,71
183399,null
183400,53
183401,63
183402,49
183403,null
183404,51
183405,null
183406,null
183407,39
183408,65
183409,56
183410,54
183411,58
183412,55
183413,40
183414,null
183415,null
183416,null
183417,null
183418,62
183419,47
183420,null
183421,null
183422,38
183423,null
183424,null
183425,37
183426,null
183427,null
183428,46
183429,62
183430,61
183431,null
183432,67
183433,null
183434,39
183435,53
183436,55
183437,null
183438,48
183439,70
183440,56
183441,55
183442,68
183443,49
183444,null
183445,55
183446,57
183447,53
183448,72
183449,67
183450,null
183451,63
183452,47
183453,26
183454,41
183455,54
183456,78
183457,null
183458,52
183459,null
183460,null
183461,61
183462,48
183463,58
183464,28
183465,30
183466,null
183467,null
183468,59
183469,null
183470,62
183471,52
183472,40
183473,52
183474,null
183475,31
183476,null
183477,44
183478,66
183479,41
183480,54
183481,52
183482,46
183483,52
183484,42
183485,60
183486,18
183487,71
183488,50
183489,61
183490,null
183491,53
183492,null
183493,62
183494,null
183495,null
183496,48
183497,null
183498,64
183499,null
183500,null
183501,72
183502,75
183503,null
183504,50
183505,57
183506,58
183507,null
183508,null
183509,64
183510,43
183511,null
183512,49
183513,52
183514,65
183515,63
183516,43
183517,73
183518,60
183519,85
183520,59
183521,66
183522,62
183523,66
183524,56
183525,53
183526,47
183527,39
183528,48
183529,50
183530,null
183531,52
183532,57
183533,88
183534,34
183535,40
183536,53
183537,null
183538,52
183539,39
183540,20
183541,42
183542,47
183543,null
183544,18
183545,51
183546,54
183547,62
183548,56
183549,55
183550,53
183551,54
183552,58
183553,52
183554,53
183555,53
183556,null
183557,null
183558,55
183559,85
183560,null
183561,78
183562,null
183563,69
183564,73
183565,null
183566,null
183567,75
183568,65
183569,null
183570,72
183571,47
183572,65
183573,null
183574,63
183575,null
183576,55
183577,57
183578,62
183579,null
183580,66
183581,61
183582,63
183583,null
183584,61
183585,null
183586,40
183587,55
183588,31
183589,51
183590,60
183591,69
183592,null
183593,null
183594,33
183595,55
183596,52
183597,null
183598,56
183599,45
183600,56
183601,59
183602,50
183603,null
183604,43
183605,60
183606,60
183607,52
183608,56
183609,60
183610,51
183611,58
183612,63
183613,54
183614,49
183615,50
183616,52
183617,58
183618,14
183619,60
183620,36
183621,46
183622,59
183623,73
183624,48
183625,56
183626,60
183627,58
183628,72
183629,52
183630,51
183631,37
183632,63
183633,14
183634,55
183635,51
183636,45
183637,53
183638,68
183639,54
183640,47
183641,49
183642,73
183643,49
183644,52
183645,51
183646,54
183647,45
183648,50
183649,59
183650,57
183651,55
183652,51
183653,36
183654,58
183655,59
183656,56
183657,43
183658,56
183659,57
183660,51
183661,46
183662,60
183663,51
183664,62
183665,41
183666,61
183667,51
183668,24
183669,51
183670,57
183671,43
183672,55
183673,47
183674,40
183675,46
183676,57
183677,54
183678,46
183679,21
183680,45
183681,57
183682,67
183683,28
183684,44
183685,58
183686,42
183687,45
183688,50
183689,47
183690,29
183691,57
183692,64
183693,17
183694,66
183695,63
183696,52
183697,45
183698,63
183699,59
183700,49
183701,53
183702,54
183703,62
183704,47
183705,58
183706,53
183707,53
183708,51
183709,53
183710,48
183711,46
183712,36
183713,31
183714,51
183715,27
183716,null
183717,49
183718,null
183719,null
183720,40
183721,59
183722,null
183723,37
183724,54
183725,26
183726,40
183727,55
183728,null
183729,50
183730,57
183731,53
183732,null
183733,40
183734,49
183735,null
183736,68
183737,52
183738,null
183739,62
183740,54
183741,null
183742,60
183743,38
183744,53
183745,53
183746,null
183747,48
183748,56
183749,56
183750,56
183751,50
183752,66
183753,null
183754,45
183755,59
183756,51
183757,50
183758,52
183759,54
183760,63
183761,49
183762,66
183763,60
183764,58
183765,58
183766,68
183767,50
183768,55
183769,77
183770,null
183771,null
183772,null
183773,48
183774,null
183775,62
183776,null
183777,null
183778,55
183779,51
183780,36
183781,null
183782,null
183783,58
183784,55
183785,57
183786,null
183787,46
183788,null
183789,46
183790,67
183791,58
183792,null
183793,null
183794,54
183795,65
183796,56
183797,64
183798,31
183799,26
183800,null
183801,null
183802,null
183803,null
183804,49
183805,null
183806,56
183807,59
183808,58
183809,66
183810,null
183811,58
183812,43
183813,59
183814,56
183815,56
183816,79
183817,56
183818,48
183819,58
183820,63
183821,null
183822,null
183823,47
183824,39
183825,51
183826,59
183827,null
183828,54
183829,44
183830,61
183831,37
183832,60
183833,60
183834,55
183835,60
183836,15
183837,54
183838,59
183839,85
183840,61
183841,70
183842,null
183843,53
183844,null
183845,null
183846,54
183847,43
183848,43
183849,60
183850,49
183851,55
183852,47
183853,71
183854,66
183855,48
183856,59
183857,74
183858,54
183859,58
183860,41
183861,57
183862,60
183863,54
183864,51
183865,26
183866,54
183867,53
183868,67
183869,50
183870,51
183871,53
183872,54
183873,25
183874,41
183875,42
183876,26
183877,54
183878,63
183879,null
183880,54
183881,null
183882,63
183883,null
183884,69
183885,61
183886,null
183887,60
183888,67
183889,47
183890,77
183891,70
183892,55
183893,null
183894,45
183895,44
183896,78
183897,53
183898,51
183899,51
183900,54
183901,53
183902,33
183903,null
183904,67
183905,51
183906,46
183907,53
183908,48
183909,53
183910,42
183911,26
183912,null
183913,59
183914,58
183915,61
183916,null
183917,56
183918,79
183919,59
183920,null
183921,45
183922,59
183923,36
183924,47
183925,76
183926,50
183927,51
183928,35
183929,46
183930,28
183931,null
183932,52
183933,59
183934,62
183935,55
183936,46
183937,25
183938,59
183939,54
183940,45
183941,13
183942,72
183943,54
183944,59
183945,42
183946,null
183947,null
183948,56
183949,82
183950,57
183951,26
183952,84
183953,null
183954,51
183955,21
183956,37
183957,null
183958,84
183959,null
183960,null
183961,37
183962,null
183963,65
183964,73
183965,null
183966,62
183967,59
183968,57
183969,63
183970,64
183971,null
183972,55
183973,43
183974,62
183975,29
183976,42
183977,38
183978,53
183979,17
183980,43
183981,58
183982,52
183983,57
183984,20
183985,41
183986,57
183987,27
183988,40
183989,39
183990,37
183991,60
183992,58
183993,54
183994,61
183995,41
183996,21
183997,45
183998,26
183999,21
184000,63
184001,18
184002,59
184003,53
184004,55
184005,45
184006,31
184007,62
184008,67
184009,68
184010,58
184011,65
184012,66
184013,57
184014,66
184015,62
184016,61
184017,52
184018,74
184019,62
184020,56
184021,61
184022,62
184023,51
184024,47
184025,50
184026,62
184027,35
184028,49
184029,48
184030,51
184031,17
184032,55
184033,54
184034,13
184035,40
184036,64
184037,38
184038,23
184039,58
184040,86
184041,56
184042,33
184043,53
184044,65
184045,47
184046,50
184047,74
184048,70
184049,62
184050,54
184051,40
184052,20
184053,27
184054,58
184055,69
184056,58
184057,56
184058,61
184059,47
184060,56
184061,49
184062,61
184063,15
184064,57
184065,58
184066,51
184067,54
184068,57
184069,46
184070,31
184071,57
184072,36
184073,55
184074,52
184075,19
184076,57
184077,40
184078,33
184079,36
184080,53
184081,56
184082,59
184083,57
184084,56
184085,56
184086,53
184087,64
184088,54
184089,44
184090,null
184091,49
184092,16
184093,48
184094,62
184095,49
184096,51
184097,51
184098,66
184099,74
184100,15
184101,27
184102,70
184103,66
184104,57
184105,59
184106,27
184107,26
184108,52
184109,53
184110,null
184111,51
184112,54
184113,30
184114,55
184115,35
184116,57
184117,23
184118,29
184119,48
184120,58
184121,56
184122,65
184123,null
184124,37
184125,31
184126,54
184127,43
184128,null
184129,67
184130,26
184131,55
184132,68
184133,null
184134,null
184135,37
184136,13
184137,19
184138,53
184139,69
184140,null
184141,55
184142,51
184143,47
184144,56
184145,56
184146,null
184147,52
184148,13
184149,23
184150,69
184151,55
184152,56
184153,44
184154,null
184155,55
184156,49
184157,56
184158,63
184159,null
184160,63
184161,77
184162,72
184163,null
184164,52
184165,53
184166,62
184167,null
184168,58
184169,54
184170,68
184171,65
184172,57
184173,53
184174,26
184175,38
184176,50
184177,54
184178,null
184179,49
184180,null
184181,78
184182,54
184183,52
184184,57
184185,null
184186,62
184187,55
184188,null
184189,67
184190,58
184191,null
184192,null
184193,null
184194,77
184195,null
184196,50
184197,null
184198,null
184199,60
184200,null
184201,49
184202,78
184203,57
184204,19
184205,null
184206,47
184207,54
184208,null
184209,53
184210,58
184211,50
184212,54
184213,68
184214,43
184215,39
184216,null
184217,33
184218,51
184219,59
184220,43
184221,26
184222,null
184223,67
184224,null
184225,64
184226,60
184227,65
184228,null
184229,64
184230,58
184231,61
184232,53
184233,19
184234,36
184235,null
184236,59
184237,53
184238,null
184239,null
184240,55
184241,50
184242,12
184243,51
184244,54
184245,71
184246,50
184247,79
184248,62
184249,69
184250,57
184251,51
184252,43
184253,55
184254,60
184255,38
184256,55
184257,null
184258,62
184259,70
184260,null
184261,null
184262,59
184263,33
184264,77
184265,66
184266,52
184267,54
184268,72
184269,63
184270,null
184271,65
184272,58
184273,49
184274,80
184275,60
184276,72
184277,78
184278,59
184279,50
184280,76
184281,41
184282,51
184283,48
184284,23
184285,53
184286,77
184287,57
184288,55
184289,30
184290,48
184291,80
184292,51
184293,26
184294,75
184295,16
184296,89
184297,null
184298,null
184299,69
184300,50
184301,63
184302,36
184303,52
184304,65
184305,44
184306,62
184307,57
184308,63
184309,40
184310,52
184311,53
184312,65
184313,57
184314,51
184315,57
184316,35
184317,33
184318,64
184319,24
184320,38
184321,48
184322,51
184323,49
184324,79
184325,50
184326,43
184327,76
184328,48
184329,54
184330,49
184331,21
184332,null
184333,20
184334,70
184335,69
184336,null
184337,null
184338,null
184339,null
184340,43
184341,35
184342,45
184343,61
184344,48
184345,82
184346,55
184347,40
184348,null
184349,82
184350,85
184351,null
184352,56
184353,46
184354,27
184355,13
184356,40
184357,18
184358,45
184359,40
184360,23
184361,47
184362,32
184363,17
184364,22
184365,44
184366,48
184367,55
184368,15
184369,15
184370,56
184371,64
184372,28
184373,12
184374,33
184375,46
184376,39
184377,46
184378,31
184379,21
184380,55
184381,49
184382,51
184383,68
184384,39
184385,35
184386,73
184387,16
184388,64
184389,45
184390,46
184391,16
184392,57
184393,15
184394,39
184395,75
184396,22
184397,72
184398,36
184399,25
184400,65
184401,15
184402,41
184403,40
184404,66
184405,66
184406,17
184407,58
184408,60
184409,51
184410,41
184411,61
184412,52
184413,72
184414,55
184415,23
184416,39
184417,39
184418,16
184419,50
184420,61
184421,45
184422,47
184423,65
184424,69
184425,61
184426,63
184427,14
184428,31
184429,23
184430,76
184431,61
184432,14
184433,15
184434,15
184435,31
184436,36
184437,23
184438,43
184439,21
184440,42
184441,49
184442,55
184443,39
184444,36
184445,65
184446,30
184447,46
184448,62
184449,50
184450,19
184451,18
184452,50
184453,59
184454,40
184455,56
184456,19
184457,35
184458,16
184459,59
184460,49
184461,21
184462,45
184463,39
184464,37
184465,35
184466,36
184467,41
184468,48
184469,31
184470,68
184471,23
184472,39
184473,56
184474,53
184475,22
184476,35
184477,38
184478,37
184479,18
184480,73
184481,62
184482,33
184483,31
184484,59
184485,44
184486,50
184487,56
184488,36
184489,17
184490,13
184491,17
184492,75
184493,52
184494,33
184495,43
184496,30
184497,36
184498,39
184499,null
184500,65
184501,39
184502,55
184503,47
184504,39
184505,55
184506,36
184507,27
184508,57
184509,53
184510,59
184511,42
184512,65
184513,60
184514,null
184515,23
184516,null
184517,null
184518,null
184519,null
184520,20
184521,12
184522,40
184523,12
184524,66
184525,64
184526,28
184527,27
184528,46
184529,null
184530,14
184531,47
184532,27
184533,21
184534,null
184535,71
184536,62
184537,39
184538,35
184539,39
184540,22
184541,31
184542,39
184543,null
184544,21
184545,17
184546,55
184547,42
184548,21
184549,51
184550,70
184551,17
184552,null
184553,44
184554,18
184555,54
184556,42
184557,51
184558,57
184559,66
184560,null
184561,57
184562,36
184563,40
184564,null
184565,42
184566,null
184567,76
184568,60
184569,13
184570,54
184571,38
184572,37
184573,40
184574,37
184575,null
184576,41
184577,45
184578,57
184579,null
184580,null
184581,56
184582,57
184583,60
184584,null
184585,44
184586,69
184587,null
184588,34
184589,54
184590,23
184591,77
184592,49
184593,null
184594,null
184595,64
184596,62
184597,null
184598,13
184599,40
184600,66
184601,35
184602,51
184603,79
184604,14
184605,50
184606,48
184607,19
184608,22
184609,23
184610,null
184611,57
184612,23
184613,null
184614,47
184615,40
184616,86
184617,64
184618,39
184619,59
184620,23
184621,44
184622,44
184623,64
184624,74
184625,40
184626,52
184627,52
184628,64
184629,68
184630,51
184631,39
184632,16
184633,44
184634,46
184635,48
184636,53
184637,23
184638,44
184639,17
184640,47
184641,74
184642,55
184643,40
184644,78
184645,null
184646,null
184647,22
184648,39
184649,49
184650,39
184651,null
184652,43
184653,66
184654,67
184655,39
184656,52
184657,null
184658,61
184659,61
184660,70
184661,72
184662,71
184663,72
184664,64
184665,46
184666,70
184667,71
184668,59
184669,31
184670,36
184671,70
184672,71
184673,41
184674,51
184675,52
184676,54
184677,31
184678,71
184679,48
184680,35
184681,85
184682,30
184683,54
184684,16
184685,24
184686,37
184687,70
184688,28
184689,51
184690,37
184691,42
184692,60
184693,22
184694,64
184695,15
184696,82
184697,80
184698,41
184699,44
184700,null
184701,null
184702,36
184703,68
184704,null
184705,45
184706,null
184707,51
184708,null
184709,null
184710,66
184711,null
184712,50
184713,55
184714,60
184715,20
184716,44
184717,46
184718,37
184719,19
184720,61
184721,73
184722,37
184723,43
184724,63
184725,14
184726,23
184727,38
184728,42
184729,43
184730,18
184731,17
184732,12
184733,19
184734,20
184735,46
184736,38
184737,43
184738,55
184739,49
184740,57
184741,74
184742,44
184743,39
184744,13
184745,44
184746,44
184747,14
184748,40
184749,58
184750,43
184751,22
184752,18
184753,14
184754,37
184755,35
184756,17
184757,37
184758,49
184759,44
184760,41
184761,57
184762,26
184763,13
184764,13
184765,16
184766,34
184767,14
184768,45
184769,61
184770,63
184771,67
184772,19
184773,57
184774,77
184775,23
184776,51
184777,34
184778,23
184779,37
184780,41
184781,12
184782,66
184783,52
184784,75
184785,43
184786,62
184787,65
184788,21
184789,55
184790,20
184791,67
184792,51
184793,74
184794,71
184795,55
184796,64
184797,52
184798,16
184799,72
184800,68
184801,68
184802,14
184803,34
184804,72
184805,51
184806,57
184807,52
184808,43
184809,23
184810,12
184811,48
184812,67
184813,74
184814,39
184815,37
184816,61
184817,70
184818,71
184819,55
184820,43
184821,64
184822,60
184823,65
184824,29
184825,37
184826,43
184827,52
184828,43
184829,49
184830,56
184831,14
184832,37
184833,64
184834,59
184835,61
184836,56
184837,20
184838,59
184839,23
184840,59
184841,36
184842,57
184843,44
184844,42
184845,37
184846,14
184847,70
184848,50
184849,55
184850,22
184851,65
184852,43
184853,27
184854,29
184855,44
184856,17
184857,21
184858,51
184859,43
184860,37
184861,19
184862,40
184863,68
184864,43
184865,40
184866,24
184867,14
184868,35
184869,59
184870,55
184871,33
184872,44
184873,59
184874,18
184875,69
184876,57
184877,52
184878,59
184879,43
184880,48
184881,46
184882,45
184883,55
184884,42
184885,43
184886,50
184887,19
184888,36
184889,41
184890,44
184891,34
184892,54
184893,49
184894,65
184895,16
184896,43
184897,43
184898,40
184899,65
184900,43
184901,19
184902,60
184903,39
184904,18
184905,null
184906,59
184907,52
184908,43
184909,null
184910,56
184911,null
184912,64
184913,31
184914,49
184915,36
184916,67
184917,60
184918,65
184919,59
184920,61
184921,65
184922,14
184923,20
184924,13
184925,65
184926,null
184927,18
184928,53
184929,40
184930,18
184931,68
184932,23
184933,13
184934,null
184935,27
184936,35
184937,41
184938,23
184939,65
184940,56
184941,69
184942,57
184943,14
184944,18
184945,61
184946,44
184947,42
184948,59
184949,16
184950,null
184951,null
184952,43
184953,63
184954,36
184955,null
184956,78
184957,62
184958,49
184959,47
184960,null
184961,22
184962,64
184963,null
184964,65
184965,36
184966,50
184967,68
184968,null
184969,null
184970,55
184971,null
184972,41
184973,null
184974,null
184975,43
184976,50
184977,72
184978,null
184979,67
184980,52
184981,23
184982,19
184983,47
184984,42
184985,52
184986,null
184987,55
184988,60
184989,null
184990,43
184991,45
184992,55
184993,56
184994,17
184995,72
184996,43
184997,37
184998,17
184999,59
185000,60
185001,65
185002,54
185003,51
185004,37
185005,63
185006,null
185007,41
185008,75
185009,35
185010,16
185011,22
185012,57
185013,36
185014,67
185015,23
185016,22
185017,19
185018,60
185019,80
185020,67
185021,57
185022,41
185023,22
185024,36
185025,71
185026,43
185027,56
185028,70
185029,40
185030,41
185031,35
185032,70
185033,19
185034,52
185035,54
185036,34
185037,52
185038,63
185039,74
185040,null
185041,88
185042,null
185043,null
185044,42
185045,null
185046,80
185047,48
185048,26
185049,65
185050,78
185051,66
185052,17
185053,33
185054,51
185055,null
185056,40
185057,80
185058,59
185059,68
185060,53
185061,29
185062,60
185063,45
185064,62
185065,37
185066,20
185067,15
185068,61
185069,49
185070,82
185071,86
185072,null
185073,null
185074,41
185075,38
185076,67
185077,56
185078,36
185079,13
185080,67
185081,42
185082,51
185083,29
185084,56
185085,46
185086,60
185087,62
185088,20
185089,20
185090,50
185091,42
185092,51
185093,55
185094,42
185095,28
185096,15
185097,22
185098,19
185099,71
185100,22
185101,36
185102,21
185103,22
185104,45
185105,23
185106,51
185107,20
185108,52
185109,18
185110,42
185111,21
185112,60
185113,75
185114,44
185115,22
185116,57
185117,46
185118,12
185119,45
185120,39
185121,37
185122,41
185123,55
185124,23
185125,51
185126,36
185127,41
185128,36
185129,17
185130,23
185131,57
185132,20
185133,42
185134,15
185135,23
185136,36
185137,51
185138,58
185139,39
185140,51
185141,58
185142,16
185143,37
185144,36
185145,56
185146,12
185147,64
185148,51
185149,56
185150,42
185151,47
185152,55
185153,75
185154,75
185155,18
185156,36
185157,23
185158,23
185159,36
185160,16
185161,49
185162,36
185163,20
185164,23
185165,62
185166,57
185167,42
185168,42
185169,42
185170,68
185171,57
185172,60
185173,64
185174,62
185175,36
185176,45
185177,36
185178,42
185179,23
185180,54
185181,62
185182,51
185183,42
185184,51
185185,60
185186,23
185187,22
185188,36
185189,42
185190,22
185191,22
185192,70
185193,36
185194,60
185195,19
185196,44
185197,78
185198,19
185199,72
185200,52
185201,36
185202,46
185203,51
185204,56
185205,42
185206,58
185207,56
185208,53
185209,37
185210,18
185211,21
185212,13
185213,37
185214,38
185215,54
185216,21
185217,43
185218,37
185219,36
185220,61
185221,62
185222,22
185223,18
185224,36
185225,36
185226,42
185227,21
185228,19
185229,60
185230,59
185231,22
185232,28
185233,16
185234,21
185235,64
185236,17
185237,42
185238,67
185239,23
185240,60
185241,22
185242,44
185243,21
185244,20
185245,16
185246,23
185247,22
185248,42
185249,23
185250,19
185251,50
185252,56
185253,15
185254,16
185255,71
185256,44
185257,23
185258,20
185259,46
185260,36
185261,20
185262,29
185263,28
185264,36
185265,20
185266,37
185267,18
185268,36
185269,22
185270,70
185271,23
185272,44
185273,16
185274,21
185275,14
185276,56
185277,36
185278,16
185279,59
185280,20
185281,42
185282,42
185283,36
185284,46
185285,17
185286,18
185287,31
185288,45
185289,19
185290,74
185291,36
185292,42
185293,33
185294,20
185295,51
185296,12
185297,14
185298,19
185299,13
185300,39
185301,66
185302,48
185303,47
185304,51
185305,20
185306,50
185307,22
185308,55
185309,19
185310,18
185311,66
185312,18
185313,18
185314,15
185315,51
185316,56
185317,38
185318,48
185319,36
185320,19
185321,14
185322,42
185323,18
185324,57
185325,41
185326,23
185327,22
185328,58
185329,44
185330,16
185331,44
185332,15
185333,44
185334,20
185335,20
185336,36
185337,22
185338,50
185339,13
185340,19
185341,22
185342,20
185343,71
185344,52
185345,49
185346,62
185347,51
185348,21
185349,69
185350,49
185351,42
185352,85
185353,51
185354,57
185355,36
185356,67
185357,36
185358,37
185359,12
185360,16
185361,46
185362,45
185363,36
185364,42
185365,29
185366,16
185367,59
185368,57
185369,29
185370,19
185371,21
185372,65
185373,22
185374,28
185375,42
185376,43
185377,20
185378,71
185379,60
185380,51
185381,45
185382,42
185383,47
185384,61
185385,21
185386,29
185387,44
185388,38
185389,45
185390,46
185391,46
185392,31
185393,63
185394,16
185395,52
185396,63
185397,80
185398,61
185399,55
185400,43
185401,43
185402,22
185403,60
185404,45
185405,22
185406,51
185407,36
185408,62
185409,51
185410,72
185411,66
185412,50
185413,21
185414,53
185415,35
185416,49
185417,58
185418,36
185419,71
185420,16
185421,68
185422,20
185423,20
185424,41
185425,62
185426,18
185427,23
185428,22
185429,22
185430,23
185431,35
185432,42
185433,20
185434,51
185435,21
185436,23
185437,23
185438,56
185439,22
185440,51
185441,21
185442,16
185443,21
185444,23
185445,50
185446,78
185447,18
185448,47
185449,43
185450,18
185451,20
185452,43
185453,35
185454,57
185455,43
185456,15
185457,22
185458,21
185459,20
185460,23
185461,35
185462,36
185463,23
185464,14
185465,13
185466,41
185467,19
185468,36
185469,55
185470,20
185471,56
185472,49
185473,65
185474,35
185475,21
185476,12
185477,15
185478,15
185479,14
185480,12
185481,15
185482,13
185483,18
185484,49
185485,79
185486,17
185487,19
185488,26
185489,23
185490,36
185491,41
185492,14
185493,15
185494,22
185495,13
185496,13
185497,42
185498,23
185499,69
185500,19
185501,53
185502,72
185503,61
185504,75
185505,21
185506,20
185507,54
185508,18
185509,23
185510,17
185511,19
185512,50
185513,57
185514,65
185515,23
185516,44
185517,14
185518,41
185519,50
185520,21
185521,28
185522,42
185523,69
185524,36
185525,45
185526,18
185527,19
185528,73
185529,54
185530,36
185531,22
185532,42
185533,45
185534,17
185535,69
185536,22
185537,21
185538,22
185539,16
185540,39
185541,41
185542,38
185543,50
185544,77
185545,62
185546,68
185547,54
185548,16
185549,51
185550,42
185551,55
185552,54
185553,19
185554,15
185555,47
185556,16
185557,23
185558,13
185559,54
185560,28
185561,17
185562,38
185563,19
185564,37
185565,14
185566,53
185567,56
185568,49
185569,51
185570,22
185571,18
185572,38
185573,23
185574,56
185575,50
185576,20
185577,20
185578,19
185579,65
185580,46
185581,20
185582,51
185583,45
185584,22
185585,22
185586,19
185587,17
185588,23
185589,50
185590,35
185591,22
185592,51
185593,42
185594,51
185595,23
185596,47
185597,47
185598,43
185599,45
185600,52
185601,22
185602,42
185603,42
185604,22
185605,55
185606,35
185607,35
185608,66
185609,43
185610,45
185611,16
185612,36
185613,43
185614,41
185615,35
185616,19
185617,53
185618,42
185619,36
185620,55
185621,44
185622,35
185623,16
185624,60
185625,55
185626,12
185627,21
185628,39
185629,12
185630,28
185631,21
185632,33
185633,56
185634,20
185635,21
185636,42
185637,59
185638,21
185639,18
185640,45
185641,44
185642,19
185643,38
185644,58
185645,42
185646,12
185647,61
185648,54
185649,42
185650,13
185651,19
185652,14
185653,41
185654,21
185655,35
185656,56
185657,19
185658,20
185659,28
185660,21
185661,42
185662,62
185663,42
185664,13
185665,42
185666,36
185667,50
185668,13
185669,14
185670,28
185671,50
185672,41
185673,49
185674,42
185675,73
185676,20
185677,37
185678,42
185679,56
185680,45
185681,51
185682,36
185683,63
185684,42
185685,67
185686,15
185687,53
185688,22
185689,23
185690,70
185691,58
185692,16
185693,14
185694,49
185695,72
185696,69
185697,56
185698,41
185699,14
185700,35
185701,73
185702,72
185703,19
185704,22
185705,37
185706,42
185707,21
185708,12
185709,50
185710,23
185711,14
185712,62
185713,44
185714,17
185715,71
185716,20
185717,62
185718,69
185719,50
185720,39
185721,50
185722,17
185723,71
185724,69
185725,36
185726,22
185727,22
185728,50
185729,62
185730,46
185731,44
185732,51
185733,68
185734,49
185735,65
185736,23
185737,64
185738,66
185739,59
185740,35
185741,22
185742,15
185743,15
185744,42
185745,21
185746,44
185747,64
185748,17
185749,35
185750,49
185751,73
185752,73
185753,17
185754,12
185755,36
185756,67
185757,38
185758,73
185759,15
185760,49
185761,63
185762,20
185763,56
185764,15
185765,51
185766,16
185767,46
185768,14
185769,14
185770,68
185771,63
185772,23
185773,23
185774,43
185775,23
185776,43
185777,23
185778,23
185779,23
185780,51
185781,43
185782,43
185783,57
185784,23
185785,63
185786,37
185787,15
185788,42
185789,19
185790,20
185791,22
185792,14
185793,59
185794,61
185795,16
185796,59
185797,18
185798,45
185799,46
185800,61
185801,36
185802,75
185803,37
185804,55
185805,13
185806,19
185807,17
185808,13
185809,36
185810,13
185811,19
185812,62
185813,21
185814,37
185815,30
185816,22
185817,12
185818,23
185819,51
185820,75
185821,46
185822,22
185823,43
185824,22
185825,19
185826,14
185827,13
185828,22
185829,37
185830,50
185831,73
185832,30
185833,23
185834,36
185835,59
185836,13
185837,20
185838,17
185839,23
185840,43
185841,29
185842,16
185843,44
185844,59
185845,63
185846,20
185847,51
185848,17
185849,37
185850,36
185851,23
185852,37
185853,13
185854,43
185855,37
185856,74
185857,67
185858,62
185859,77
185860,21
185861,58
185862,43
185863,43
185864,36
185865,57
185866,19
185867,22
185868,14
185869,57
185870,36
185871,36
185872,44
185873,22
185874,52
185875,50
185876,21
185877,36
185878,21
185879,22
185880,36
185881,23
185882,13
185883,43
185884,16
185885,27
185886,62
185887,65
185888,24
185889,43
185890,43
185891,43
185892,68
185893,65
185894,43
185895,19
185896,43
185897,36
185898,18
185899,58
185900,22
185901,52
185902,22
185903,51
185904,85
185905,22
185906,55
185907,36
185908,20
185909,43
185910,52
185911,52
185912,16
185913,39
185914,72
185915,57
185916,43
185917,18
185918,13
185919,23
185920,43
185921,13
185922,29
185923,36
185924,67
185925,43
185926,40
185927,48
185928,79
185929,60
185930,37
185931,60
185932,43
185933,23
185934,23
185935,13
185936,62
185937,17
185938,19
185939,36
185940,62
185941,55
185942,68
185943,57
185944,16
185945,45
185946,36
185947,23
185948,43
185949,43
185950,43
185951,17
185952,29
185953,44
185954,67
185955,14
185956,46
185957,15
185958,43
185959,19
185960,22
185961,52
185962,19
185963,20
185964,82
185965,15
185966,23
185967,69
185968,23
185969,53
185970,23
185971,23
185972,43
185973,21
185974,45
185975,61
185976,14
185977,36
185978,36
185979,46
185980,56
185981,23
185982,52
185983,53
185984,43
185985,50
185986,51
185987,37
185988,51
185989,37
185990,37
185991,57
185992,73
185993,51
185994,13
185995,16
185996,16
185997,20
185998,46
185999,24
186000,30
186001,51
186002,23
186003,12
186004,20
186005,46
186006,38
186007,60
186008,62
186009,36
186010,29
186011,22
186012,15
186013,15
186014,19
186015,36
186016,16
186017,67
186018,53
186019,53
186020,43
186021,19
186022,37
186023,18
186024,22
186025,22
186026,73
186027,43
186028,19
186029,48
186030,57
186031,59
186032,53
186033,16
186034,81
186035,49
186036,60
186037,52
186038,64
186039,15
186040,13
186041,23
186042,43
186043,20
186044,58
186045,38
186046,56
186047,13
186048,66
186049,23
186050,57
186051,23
186052,21
186053,43
186054,36
186055,66
186056,18
186057,63
186058,67
186059,36
186060,13
186061,20
186062,13
186063,19
186064,75
186065,55
186066,22
186067,69
186068,23
186069,45
186070,36
186071,20
186072,16
186073,47
186074,73
186075,16
186076,36
186077,61
186078,55
186079,43
186080,45
186081,31
186082,43
186083,23
186084,23
186085,23
186086,54
186087,15
186088,70
186089,51
186090,21
186091,66
186092,73
186093,22
186094,46
186095,23
186096,51
186097,72
186098,20
186099,45
186100,18
186101,56
186102,43
186103,38
186104,22
186105,64
186106,58
186107,55
186108,51
186109,52
186110,20
186111,37
186112,51
186113,43
186114,21
186115,51
186116,22
186117,18
186118,21
186119,23
186120,21
186121,22
186122,18
186123,19
186124,21
186125,22
186126,54
186127,65
186128,19
186129,52
186130,42
186131,44
186132,36
186133,39
186134,67
186135,23
186136,18
186137,37
186138,66
186139,42
186140,20
186141,46
186142,19
186143,22
186144,55
186145,19
186146,21
186147,46
186148,21
186149,23
186150,23
186151,18
186152,36
186153,69
186154,54
186155,74
186156,29
186157,30
186158,51
186159,19
186160,21
186161,21
186162,52
186163,20
186164,15
186165,15
186166,23
186167,59
186168,23
186169,36
186170,39
186171,18
186172,18
186173,36
186174,15
186175,51
186176,52
186177,24
186178,43
186179,19
186180,42
186181,45
186182,68
186183,77
186184,56
186185,51
186186,60
186187,53
186188,36
186189,69
186190,51
186191,23
186192,29
186193,36
186194,12
186195,14
186196,13
186197,14
186198,19
186199,16
186200,19
186201,22
186202,44
186203,19
186204,30
186205,23
186206,23
186207,37
186208,13
186209,20
186210,22
186211,36
186212,46
186213,51
186214,61
186215,20
186216,43
186217,23
186218,19
186219,43
186220,17
186221,67
186222,66
186223,66
186224,36
186225,51
186226,23
186227,36
186228,52
186229,21
186230,50
186231,29
186232,46
186233,22
186234,75
186235,75
186236,42
186237,52
186238,51
186239,51
186240,50
186241,29
186242,50
186243,50
186244,43
186245,42
186246,45
186247,19
186248,22
186249,75
186250,14
186251,60
186252,42
186253,43
186254,42
186255,30
186256,36
186257,51
186258,46
186259,59
186260,44
186261,20
186262,43
186263,21
186264,23
186265,90
186266,17
186267,43
186268,22
186269,64
186270,22
186271,76
186272,22
186273,39
186274,45
186275,13
186276,61
186277,64
186278,43
186279,42
186280,58
186281,62
186282,42
186283,43
186284,36
186285,55
186286,60
186287,22
186288,77
186289,12
186290,37
186291,59
186292,12
186293,39
186294,59
186295,22
186296,44
186297,23
186298,23
186299,14
186300,76
186301,45
186302,62
186303,63
186304,57
186305,17
186306,44
186307,22
186308,22
186309,18
186310,43
186311,36
186312,67
186313,43
186314,46
186315,51
186316,20
186317,14
186318,36
186319,61
186320,22
186321,46
186322,22
186323,52
186324,24
186325,14
186326,20
186327,16
186328,76
186329,23
186330,69
186331,65
186332,22
186333,23
186334,23
186335,21
186336,17
186337,21
186338,22
186339,34
186340,19
186341,60
186342,21
186343,53
186344,46
186345,40
186346,44
186347,59
186348,45
186349,52
186350,17
186351,14
186352,19
186353,65
186354,34
186355,59
186356,56
186357,30
186358,43
186359,23
186360,21
186361,21
186362,18
186363,63
186364,12
186365,36
186366,68
186367,31
186368,27
186369,52
186370,67
186371,13
186372,21
186373,14
186374,42
186375,29
186376,12
186377,36
186378,51
186379,46
186380,66
186381,22
186382,22
186383,23
186384,21
186385,36
186386,66
186387,36
186388,36
186389,37
186390,67
186391,23
186392,36
186393,60
186394,77
186395,51
186396,42
186397,51
186398,75
186399,36
186400,64
186401,52
186402,63
186403,43
186404,44
186405,19
186406,21
186407,29
186408,56
186409,18
186410,59
186411,74
186412,51
186413,71
186414,23
186415,40
186416,70
186417,64
186418,42
186419,76
186420,23
186421,51
186422,50
186423,55
186424,75
186425,37
186426,63
186427,42
186428,42
186429,44
186430,70
186431,21
186432,64
186433,56
186434,42
186435,36
186436,15
186437,19
186438,43
186439,29
186440,31
186441,68
186442,42
186443,21
186444,44
186445,36
186446,22
186447,15
186448,50
186449,42
186450,37
186451,20
186452,15
186453,21
186454,50
186455,36
186456,21
186457,21
186458,22
186459,42
186460,19
186461,67
186462,20
186463,29
186464,23
186465,30
186466,44
186467,42
186468,22
186469,29
186470,51
186471,21
186472,47
186473,19
186474,67
186475,13
186476,12
186477,51
186478,21
186479,36
186480,18
186481,13
186482,17
186483,20
186484,42
186485,29
186486,42
186487,29
186488,56
186489,46
186490,42
186491,46
186492,42
186493,51
186494,36
186495,65
186496,38
186497,49
186498,68
186499,42
186500,42
186501,37
186502,55
186503,23
186504,60
186505,36
186506,36
186507,22
186508,55
186509,20
186510,36
186511,55
186512,36
186513,42
186514,23
186515,22
186516,36
186517,14
186518,42
186519,42
186520,66
186521,55
186522,72
186523,19
186524,50
186525,36
186526,47
186527,36
186528,42
186529,21
186530,23
186531,58
186532,36
186533,36
186534,29
186535,42
186536,13
186537,42
186538,16
186539,20
186540,18
186541,57
186542,44
186543,69
186544,27
186545,45
186546,19
186547,23
186548,36
186549,19
186550,21
186551,43
186552,42
186553,36
186554,29
186555,20
186556,17
186557,17
186558,37
186559,57
186560,21
186561,56
186562,40
186563,29
186564,21
186565,15
186566,42
186567,29
186568,20
186569,37
186570,44
186571,14
186572,48
186573,52
186574,37
186575,69
186576,21
186577,60
186578,42
186579,18
186580,16
186581,51
186582,42
186583,37
186584,51
186585,22
186586,57
186587,21
186588,21
186589,36
186590,65
186591,43
186592,70
186593,56
186594,15
186595,46
186596,42
186597,51
186598,61
186599,50
186600,36
186601,52
186602,23
186603,51
186604,57
186605,27
186606,36
186607,15
186608,39
186609,67
186610,16
186611,44
186612,18
186613,61
186614,74
186615,42
186616,22
186617,57
186618,68
186619,36
186620,42
186621,44
186622,36
186623,21
186624,51
186625,42
186626,80
186627,46
186628,36
186629,59
186630,42
186631,16
186632,60
186633,36
186634,38
186635,73
186636,56
186637,23
186638,60
186639,37
186640,61
186641,42
186642,39
186643,15
186644,36
186645,55
186646,36
186647,55
186648,65
186649,51
186650,29
186651,36
186652,50
186653,43
186654,48
186655,72
186656,36
186657,41
186658,38
186659,51
186660,44
186661,46
186662,37
186663,14
186664,21
186665,45
186666,55
186667,47
186668,51
186669,22
186670,28
186671,60
186672,36
186673,13
186674,52
186675,42
186676,60
186677,42
186678,23
186679,55
186680,42
186681,41
186682,16
186683,15
186684,22
186685,52
186686,51
186687,17
186688,44
186689,56
186690,41
186691,46
186692,18
186693,60
186694,60
186695,39
186696,37
186697,37
186698,43
186699,77
186700,42
186701,42
186702,17
186703,29
186704,21
186705,45
186706,13
186707,28
186708,63
186709,23
186710,21
186711,36
186712,65
186713,23
186714,22
186715,42
186716,23
186717,18
186718,18
186719,60
186720,51
186721,60
186722,34
186723,18
186724,44
186725,74
186726,36
186727,19
186728,51
186729,72
186730,51
186731,20
186732,20
186733,42
186734,21
186735,51
186736,16
186737,54
186738,61
186739,36
186740,50
186741,36
186742,63
186743,42
186744,13
186745,17
186746,37
186747,19
186748,20
186749,59
186750,21
186751,28
186752,39
186753,36
186754,19
186755,56
186756,61
186757,16
186758,20
186759,18
186760,45
186761,64
186762,22
186763,71
186764,45
186765,91
186766,51
186767,16
186768,49
186769,23
186770,36
186771,17
186772,50
186773,36
186774,28
186775,20
186776,36
186777,37
186778,51
186779,42
186780,75
186781,12
186782,42
186783,53
186784,44
186785,21
186786,45
186787,42
186788,19
186789,45
186790,20
186791,43
186792,53
186793,55
186794,66
186795,67
186796,15
186797,59
186798,42
186799,53
186800,22
186801,42
186802,16
186803,63
186804,51
186805,38
186806,52
186807,65
186808,16
186809,30
186810,50
186811,56
186812,18
186813,63
186814,49
186815,65
186816,66
186817,52
186818,60
186819,63
186820,63
186821,75
186822,58
186823,67
186824,72
186825,61
186826,77
186827,78
186829,40
186830,75
186832,69
186833,76
186834,41
186835,59
186836,46
186837,21
186838,39
186839,null
186840,null
186841,71
186842,62
186843,77
186844,64
186845,null
186847,47
186848,null
186849,null
186850,30
186851,null
186853,null
186854,68
186856,54
186857,55
186858,null
186859,52
186860,49
186861,61
186863,38
186864,65
186865,34
186866,null
186867,23
186869,14
186870,56
186871,60
186872,80
186873,44
186874,59
186875,17
186876,41
186877,18
186878,74
186879,51
186880,59
186881,55
186882,55
186883,45
186884,29
186885,25
186886,55
186887,61
186888,53
186889,60
186890,58
186891,51
186892,66
186893,43
186894,55
186895,64
186896,62
186897,69
186898,48
186899,49
186900,57
186901,63
186902,54
186903,52
186904,23
186905,56
186906,null
186907,53
186908,42
186909,57
186910,66
186911,29
186912,54
186913,null
186914,null
186915,59
186916,null
186917,60
186918,null
186919,57
186920,49
186921,57
186922,68
186923,39
186924,37
186925,57
186926,34
186927,null
186928,53
186929,64
186930,46
186931,46
186932,85
186933,53
186934,65
186935,47
186936,null
186937,85
186938,null
186939,58
186940,66
186941,null
186942,36
186943,31
186944,51
186945,67
186946,55
186947,60
186948,null
186949,43
186950,45
186951,36
186952,58
186953,16
186954,52
186955,60
186956,68
186957,null
186958,48
186959,51
186960,38
186961,53
186962,45
186963,62
186964,null
186965,56
186966,56
186967,20
186968,35
186969,13
186970,17
186971,53
186972,24
186973,54
186974,20
186975,16
186976,32
186977,18
186978,61
186979,48
186980,66
186981,41
186982,62
186983,86
186984,57
186985,29
186986,49
186987,20
186988,54
186989,50
186990,36
186991,62
186992,43
186993,64
186994,null
186995,62
186996,64
186997,55
186998,52
186999,60
187000,48
187001,53
187002,65
187003,62
187004,64
187005,61
187006,54
187007,74
187008,null
187009,48
187010,52
187011,52
187012,null
187013,56
187014,22
187015,57
187016,59
187017,51
187018,58
187019,15
187020,37
187021,40
187022,51
187023,44
187024,61
187025,47
187026,12
187027,20
187028,30
187029,29
187030,67
187031,50
187032,56
187033,70
187034,53
187035,53
187036,66
187037,59
187038,60
187039,53
187040,52
187041,57
187042,49
187043,49
187044,58
187045,29
187046,51
187047,42
187048,55
187049,42
187050,29
187051,55
187052,57
187053,25
187054,32
187055,57
187056,52
187057,44
187058,57
187059,53
187060,47
187061,56
187062,61
187063,46
187064,56
187065,68
187066,null
187067,34
187068,86
187069,68
187070,68
187071,38
187072,null
187073,52
187074,58
187075,null
187076,57
187077,55
187078,53
187079,62
187080,null
187081,null
187082,null
187083,76
187084,48
187085,57
187086,66
187087,null
187088,null
187089,57
187090,59
187091,28
187092,64
187093,58
187094,66
187095,52
187096,59
187097,50
187098,63
187099,64
187100,65
187101,63
187102,57
187103,52
187104,39
187105,82
187106,56
187107,46
187108,24
187109,67
187110,64
187111,62
187112,60
187113,56
187114,63
187115,47
187116,63
187117,37
187118,53
187119,59
187120,39
187121,63
187122,58
187123,48
187124,55
187125,65
187126,42
187127,74
187128,42
187129,65
187130,47
187131,26
187132,60
187133,44
187134,null
187135,22
187136,54
187137,52
187138,62
187139,28
187140,52
187141,28
187142,49
187143,62
187144,32
187145,44
187146,41
187147,20
187148,64
187149,58
187150,18
187151,47
187152,51
187153,30
187154,65
187155,48
187156,57
187157,45
187158,45
187159,53
187160,33
187161,19
187162,15
187163,63
187164,60
187165,72
187166,21
187167,49
187168,22
187169,22
187170,16
187171,53
187172,45
187173,14
187174,17
187175,13
187176,45
187177,28
187178,41
187179,18
187180,22
187181,13
187182,21
187183,16
187184,31
187185,51
187186,46
187187,16
187188,43
187189,23
187190,39
187191,48
187192,59
187193,38
187194,19
187195,52
187196,39
187197,25
187198,27
187199,53
187200,49
187201,60
187202,33
187203,53
187204,53
187205,49
187206,52
187207,48
187208,47
187209,38
187210,56
187211,53
187212,58
187213,63
187214,43
187215,74
187216,50
187217,20
187218,47
187219,60
187220,65
187221,null
187222,54
187223,59
187224,57
187225,56
187226,52
187227,58
187228,59
187229,58
187230,51
187231,63
187232,53
187233,59
187234,43
187235,37
187236,58
187237,69
187238,59
187239,67
187240,44
187241,54
187242,59
187243,null
187244,57
187245,55
187246,55
187247,71
187248,null
187249,null
187250,null
187251,45
187252,52
187253,61
187254,null
187255,null
187256,null
187257,null
187258,60
187259,46
187260,26
187261,76
187262,56
187263,44
187264,45
187265,70
187266,56
187267,null
187268,null
187269,52
187270,46
187271,null
187272,null
187273,44
187274,50
187275,51
187276,null
187277,35
187278,null
187279,60
187280,47
187281,null
187282,40
187283,56
187284,null
187285,null
187286,74
187287,67
187288,30
187289,44
187290,48
187291,30
187292,37
187293,45
187294,null
187295,null
187296,null
187297,14
187298,17
187299,17
187300,16
187301,null
187302,49
187303,60
187304,52
187305,null
187306,45
187307,30
187308,16
187309,57
187310,16
187311,null
187312,44
187313,39
187314,18
187315,35
187316,14
187317,35
187318,60
187319,null
187320,23
187321,49
187322,40
187323,20
187324,37
187325,21
187326,16
187327,16
187328,50
187329,18
187330,17
187331,18
187332,18
187333,42
187334,45
187335,36
187336,54
187337,43
187338,29
187339,43
187340,19
187341,15
187342,27
187343,48
187344,55
187345,42
187346,56
187347,43
187348,48
187349,54
187350,null
187351,56
187352,51
187353,41
187354,null
187355,50
187356,29
187357,29
187358,43
187359,20
187360,32
187361,55
187362,null
187363,50
187364,null
187365,18
187366,60
187367,null
187368,null
187369,null
187370,54
187371,43
187372,48
187373,32
187374,37
187375,21
187376,53
187377,82
187378,54
187379,46
187380,57
187381,57
187382,31
187383,null
187384,20
187385,51
187386,53
187387,45
187388,48
187389,17
187390,54
187391,null
187392,30
187393,21
187394,63
187395,36
187396,24
187397,35
187398,18
187399,54
187400,12
187401,13
187402,14
187403,39
187404,13
187405,19
187406,57
187407,44
187408,57
187409,59
187410,61
187411,50
187412,59
187413,61
187414,null
187415,86
187416,61
187417,80
187418,68
187419,72
187420,57
187421,67
187422,66
187423,27
187424,37
187425,71
187426,57
187427,null
187428,20
187429,50
187430,null
187431,45
187432,null
187433,null
187434,39
187435,null
187436,66
187437,40
187438,43
187439,56
187440,48
187441,50
187442,34
187443,39
187444,56
187445,32
187446,45
187447,43
187448,54
187449,58
187450,47
187451,56
187452,57
187453,55
187454,57
187455,47
187456,61
187457,41
187458,34
187459,23
187460,55
187461,59
187462,58
187463,55
187464,null
187465,null
187466,51
187467,50
187468,57
187469,null
187470,null
187471,51
187472,60
187473,70
187474,63
187475,27
187476,58
187477,null
187478,65
187479,47
187480,null
187481,54
187482,52
187483,60
187484,43
187485,55
187486,53
187487,null
187488,48
187489,33
187490,41
187491,52
187492,66
187493,59
187494,54
187495,56
187496,57
187497,48
187498,50
187499,53
187500,61
187501,57
187502,50
187503,61
187504,67
187505,65
187506,56
187507,41
187508,48
187509,30
187510,47
187511,52
187512,null
187513,39
187514,29
187515,51
187516,51
187517,56
187518,25
187519,34
187520,29
187521,39
187522,37
187523,27
187524,36
187525,28
187526,56
187527,37
187528,25
187529,51
187530,12
187531,58
187532,43
187533,67
187534,51
187535,38
187536,25
187537,60
187538,42
187539,66
187540,41
187541,null
187542,null
187543,null
187544,null
187545,null
187546,67
187547,55
187548,45
187549,30
187550,51
187551,68
187552,59
187553,46
187554,57
187555,null
187556,null
187557,null
187558,54
187559,47
187560,45
187561,50
187562,26
187563,null
187564,null
187565,50
187566,78
187567,null
187568,50
187569,34
187570,52
187571,53
187572,35
187573,16
187574,25
187575,42
187576,18
187577,38
187578,15
187579,33
187580,12
187581,30
187582,29
187583,17
187584,37
187585,18
187586,32
187587,11
187588,37
187589,13
187590,22
187591,42
187592,51
187593,32
187594,37
187595,73
187596,56
187597,40
